t,ch1,ch2,ch3,ch4,ch5,ch6,ch7,ch8
10290.877430,19.389814,-0.609873,-1.254578,-1.619541,-1.922885,-1.935271,-1.459451,-0.876505
10290.881430,13.247340,-1.125070,-1.618899,-1.815059,-1.924601,-1.700877,-1.058610,-0.370652
10290.885430,-3.807840,-1.540524,-1.854387,-1.889451,-1.777450,-1.316697,-0.568434,0.171850
10290.889429,-28.846214,-1.814525,-1.938252,-1.822769,-1.493664,-0.823580,-0.025594,0.714711
10290.893430,-54.043430,-1.929004,-1.866100,-1.604308,-1.091590,-0.268987,0.526821,1.212986
10290.897430,-69.346962,-1.892622,-1.654102,-1.243204,-0.597019,0.300560,1.040374,1.619545
10290.901430,-66.417175,-1.730383,-1.331784,-0.770498,-0.045465,0.842617,1.465561,1.894176
10290.905430,-42.215984,-1.466387,-0.927346,-0.230366,0.520192,1.320267,1.760245,2.009936
10290.909430,-1.255500,-1.115186,-0.458604,0.329786,1.054816,1.701110,1.900252,1.957566
10290.913430,44.708996,-0.688180,0.058850,0.863118,1.514365,1.956203,1.886162,1.747416
10290.917430,80.816803,-0.202589,0.597405,1.326510,1.857029,2.062835,1.739759,1.406471
10290.921430,95.595551,0.315864,1.113519,1.685364,2.046221,2.008442,1.488926,0.971373
10290.925430,85.881073,0.832840,1.553007,1.912627,2.058768,1.792432,1.152670,0.481385
10290.929430,57.454342,1.306615,1.861912,1.986646,1.893808,1.427789,0.740847,-0.026480
10290.933430,21.602089,1.690906,2.002605,1.898100,1.573704,0.944065,0.266853,-0.519901
10290.937430,-10.137907,1.940040,1.965251,1.657872,1.135500,0.387713,-0.242807,-0.971719
10290.941430,-30.348185,2.019518,1.766087,1.294400,0.622385,-0.183994,-0.749602,-1.357555
10290.945430,-37.493767,1.918033,1.437828,0.845219,0.080696,-0.713994,-1.209131,-1.651136
10290.949430,-34.904087,1.653233,1.019113,0.350201,-0.443978,-1.158353,-1.577509,-1.824915
10290.953430,-28.064587,1.266564,0.546408,-0.154310,-0.913094,-1.494082,-1.817575,-1.858344
10290.957430,-21.781637,0.806848,0.051658,-0.640026,-1.297132,-1.715394,-1.905620,-1.746209
10290.961430,-18.449335,0.313496,-0.436939,-1.084299,-1.574871,-1.823102,-1.836021,-1.501351
10290.965429,-17.853582,-0.186389,-0.893530,-1.460949,-1.735771,-1.817020,-1.619119,-1.149957
10290.969430,-18.169891,-0.669024,-1.290304,-1.735592,-1.779598,-1.694841,-1.276771,-0.723152
10290.973430,-17.381197,-1.106691,-1.595058,-1.873634,-1.708907,-1.455220,-0.842398,-0.252703
10290.977430,-14.367077,-1.467311,-1.777527,-1.853769,-1.524545,-1.103227,-0.359403,0.229642
10290.981430,-9.272293,-1.717990,-1.819098,-1.676222,-1.229570,-0.655725,0.127817,0.693440
10290.985430,-3.191591,-1.832144,-1.716273,-1.363736,-0.836870,-0.144037,0.583302,1.108092
10290.989430,2.501347,-1.798530,-1.478961,-0.955914,-0.374338,0.386013,0.981528,1.439430
10290.993429,6.786123,-1.623833,-1.129904,-0.496598,0.117082,0.878528,1.302370,1.653583
10290.997430,9.317872,-1.325280,-0.702990,-0.022415,0.589257,1.277775,1.527349,1.727904
10291.001430,10.376153,-0.924300,-0.237127,0.437868,0.995540,1.541037,1.642175,1.658419
10291.005476,10.562131,-0.449474,0.229402,0.857507,1.304380,1.650957,1.640045,1.458280
10291.009476,10.446676,0.057849,0.662514,1.207815,1.505182,1.619660,1.521508,1.151746
10291.013476,10.336230,0.544765,1.035006,1.458987,1.596962,1.477523,1.292487,0.769686
10291.017476,10.226773,0.957351,1.324309,1.587783,1.576162,1.255343,0.963357,0.345902
10291.021476,9.916316,1.255322,1.508314,1.586933,1.439083,0.973706,0.552969,-0.086129
10291.025475,9.183559,1.420704,1.569381,1.465725,1.191365,0.643242,0.095837,-0.494749
10291.029475,7.931746,1.456517,1.503744,1.242619,0.852743,0.273091,-0.359566,-0.851539
10291.033476,6.235648,1.381756,1.323681,0.939847,0.455198,-0.119537,-0.765479,-1.131456
10291.037476,4.294690,1.224349,1.050517,0.582449,0.036855,-0.505679,-1.087287,-1.312359
10291.041476,2.341116,1.009994,0.708252,0.197701,-0.364533,-0.847993,-1.304627,-1.380283
10291.045476,0.556740,0.754461,0.324787,-0.185983,-0.715904,-1.110507,-1.408452,-1.336719
10291.049476,-0.966214,0.465616,-0.065741,-0.541217,-0.991078,-1.268523,-1.398306,-1.196440
10291.053475,-2.215744,0.150383,-0.428644,-0.844619,-1.171459,-1.310882,-1.280403,-0.978568
10291.057475,-3.223391,-0.177249,-0.736285,-1.076937,-1.247389,-1.237777,-1.068104,-0.704043
10291.061476,-4.023914,-0.490267,-0.968756,-1.221125,-1.220104,-1.060493,-0.783185,-0.397544
10291.065476,-4.631107,-0.752438,-1.112373,-1.263906,-1.100953,-0.803284,-0.455193,-0.082205
10291.069476,-5.037821,-0.932691,-1.160839,-1.200880,-0.907547,-0.501870,-0.115816,0.226592
10291.073476,-5.228472,-1.018090,-1.116100,-1.039333,-0.660179,-0.195585,0.208531,0.515518
10291.077476,-5.190825,-1.014968,-0.988697,-0.796712,-0.381683,0.081537,0.497308,0.763370
10291.081475,-4.926120,-0.939895,-0.798259,-0.499365,-0.098626,0.307796,0.731543,0.940716
10291.085475,-4.457537,-0.807876,-0.569309,-0.182648,0.161897,0.477277,0.892909,1.020199
10291.089475,-3.829382,-0.627624,-0.323215,0.114557,0.379844,0.595942,0.967684,0.991362
10291.093476,-3.096355,-0.408490,-0.076047,0.362119,0.546769,0.672626,0.952079,0.869551
10291.097476,-2.311892,-0.169522,0.157356,0.546074,0.662668,0.710491,0.855736,0.688662
10291.101476,-1.519318,0.061032,0.363098,0.664238,0.728590,0.705088,0.699645,0.482299
10291.105476,-0.748450,0.255667,0.530920,0.718115,0.740498,0.651155,0.508183,0.272277
10291.109475,-0.019084,0.397577,0.651750,0.710840,0.691278,0.549675,0.302734,0.071666
10291.113475,0.653392,0.483260,0.713871,0.650330,0.581068,0.408809,0.101085,-0.109913
10291.117476,1.251448,0.518779,0.706861,0.550214,0.423036,0.243419,-0.081895,-0.264639
10291.121476,1.750922,0.514216,0.629855,0.425070,0.241066,0.074921,-0.234403,-0.383832
10291.125476,2.127257,0.477936,0.495065,0.285778,0.064806,-0.073152,-0.347441,-0.456783
10291.129476,2.369526,0.413425,0.326107,0.141892,-0.079362,-0.182084,-0.415483,-0.476193
10291.133272,2.486284,0.323408,0.152555,0.005782,-0.176874,-0.243313,-0.437466,-0.444690
10291.137272,2.496326,0.215825,0.000839,-0.108212,-0.225768,-0.261039,-0.417161,-0.374586
10291.141272,2.415076,0.103469,-0.112607,-0.186298,-0.233530,-0.248258,-0.363195,-0.282176
10291.145271,2.249858,0.001589,-0.180290,-0.219427,-0.213025,-0.217883,-0.286200,-0.182508
10291.149271,2.006334,-0.073050,-0.200035,-0.209950,-0.176194,-0.177803,-0.195248,-0.088704
10291.153271,1.696580,-0.106209,-0.175838,-0.172143,-0.129639,-0.132943,-0.098765,-0.012860
10291.157271,1.339600,-0.093604,-0.119690,-0.123468,-0.076755,-0.089749,-0.009011,0.037000
10291.161272,0.956312,-0.046139,-0.049172,-0.075184,-0.022502,-0.056228,0.056567,0.057888
10291.165272,0.566101,0.013665,0.017447,-0.030071,0.025175,-0.037783,0.083103,0.047053
10291.169272,0.187650,0.063152,0.065255,0.011259,0.055726,-0.036458,0.068176,0.003216
10291.173271,-0.160948,0.088341,0.085206,0.042019,0.057424,-0.052764,0.021799,-0.064978
10291.177271,-0.467443,0.086418,0.075520,0.049373,0.022751,-0.085657,-0.041997,-0.138213
10291.181271,-0.728298,0.064258,0.040444,0.022787,-0.047229,-0.133023,-0.112934,-0.196373
10291.185271,-0.941808,0.031949,-0.014714,-0.039619,-0.144852,-0.191571,-0.184581,-0.227422
10291.189272,-1.101052,-0.004373,-0.087296,-0.131059,-0.257758,-0.254635,-0.247867,-0.226786
10291.193272,-1.196845,-0.045974,-0.175555,-0.238405,-0.367006,-0.312101,-0.287697,-0.191800
10291.197272,-1.225544,-0.102073,-0.274911,-0.344479,-0.449236,-0.352137,-0.286549,-0.121644
10291.201271,-1.191974,-0.183627,-0.376144,-0.431225,-0.484026,-0.360578,-0.232036,-0.021850
10291.205271,-1.107817,-0.291773,-0.465128,-0.482746,-0.458276,-0.320746,-0.124313,0.095916
10291.209271,-0.990293,-0.412448,-0.524120,-0.487698,-0.368830,-0.219572,0.023710,0.221283
10291.213271,-0.857182,-0.522121,-0.536472,-0.441812,-0.228110,-0.057133,0.192902,0.350982
10291.217272,-0.717188,-0.598732,-0.492591,-0.347157,-0.062371,0.148913,0.362301,0.484255
10291.221272,-0.566573,-0.625968,-0.392960,-0.207158,0.104739,0.368104,0.511301,0.613263
10291.225272,-0.395763,-0.587737,-0.247144,-0.024964,0.266710,0.568615,0.626224,0.718828
10291.229271,-0.200208,-0.468472,-0.068737,0.190728,0.430510,0.727000,0.705142,0.773626
10291.233271,0.008564,-0.266423,0.130809,0.420281,0.599855,0.830398,0.749396,0.751215
10291.237271,0.201626,-0.003164,0.343590,0.636857,0.760868,0.874447,0.750710,0.637877
10291.241271,0.349166,0.283294,0.560245,0.815726,0.883545,0.858408,0.690766,0.439617
10291.245272,0.440250,0.555132,0.763606,0.940147,0.936627,0.777499,0.551674,0.178232
10291.249272,0.485520,0.786886,0.928671,1.000583,0.900223,0.623033,0.327134,-0.118518
10291.253271,0.504782,0.964997,1.030683,0.989538,0.771165,0.395756,0.029926,-0.422832
10291.257271,0.513996,1.079921,1.052891,0.898955,0.563152,0.115762,-0.306484,-0.708406
10291.261292,0.518719,1.120480,0.987016,0.723916,0.299138,-0.185848,-0.634901,-0.951946
10291.265293,0.514591,1.073547,0.831647,0.467722,0.000144,-0.483376,-0.909277,-1.133376
10291.269292,0.493593,0.929583,0.593123,0.144323,-0.318122,-0.761731,-1.099926,-1.234025
10291.273293,0.450663,0.692247,0.285310,-0.221552,-0.638261,-1.007935,-1.200133,-1.237730
10291.277293,0.385765,0.382701,-0.071110,-0.596316,-0.934451,-1.202293,-1.219850,-1.136332
10291.281293,0.302545,0.032979,-0.447450,-0.941889,-1.175160,-1.319764,-1.168962,-0.932991
10291.285293,0.207501,-0.325687,-0.807120,-1.221462,-1.331827,-1.338337,-1.044720,-0.641206
10291.289293,0.110370,-0.670644,-1.111379,-1.405108,-1.385661,-1.243982,-0.836447,-0.285481
10291.293292,0.022269,-0.985043,-1.330899,-1.474803,-1.329158,-1.031911,-0.539725,0.099595
10291.297292,-0.048670,-1.248631,-1.452261,-1.426089,-1.163325,-0.711743,-0.165804,0.478724
10291.301293,-0.099436,-1.434652,-1.470886,-1.264724,-0.895246,-0.312360,0.256477,0.825571
10291.305293,-0.131353,-1.515149,-1.382751,-1.004055,-0.539801,0.123149,0.683860,1.121062
10291.309293,-0.149890,-1.469499,-1.187100,-0.664544,-0.123299,0.549317,1.066684,1.345389
10291.313293,-0.164242,-1.292209,-0.892325,-0.269932,0.318018,0.928850,1.362599,1.478463
10291.317292,-0.182889,-0.995244,-0.515286,0.156355,0.746534,1.238238,1.549278,1.507960
10291.321292,-0.206713,-0.605392,-0.078086,0.587957,1.131030,1.465120,1.623020,1.430749
10291.325293,-0.227720,-0.161235,0.389626,0.992099,1.445815,1.599279,1.584693,1.248313
10291.329293,-0.237640,0.292147,0.847366,1.334435,1.664326,1.627446,1.430508,0.967686
10291.333293,-0.236254,0.713571,1.251215,1.586702,1.758843,1.537328,1.158210,0.604497
10291.337293,-0.228365,1.075471,1.565476,1.728294,1.708835,1.324912,0.779976,0.180184
10291.341293,-0.216125,1.364196,1.764264,1.744823,1.510141,0.998463,0.326280,-0.280897
10291.345292,-0.197041,1.571325,1.828702,1.629268,1.179135,0.578807,-0.161909,-0.747181
10291.349292,-0.166035,1.684629,1.748906,1.383577,0.748457,0.096756,-0.642953,-1.175295
10291.353293,-0.119507,1.685492,1.526636,1.018899,0.256944,-0.409337,-1.078401,-1.517799
10291.357293,-0.060107,1.556942,1.176511,0.556888,-0.257688,-0.893155,-1.433890,-1.739800
10291.361293,0.003588,1.298094,0.726519,0.032922,-0.759207,-1.304747,-1.683886,-1.827767
10291.365293,0.063099,0.929319,0.214320,-0.505261,-1.210118,-1.605675,-1.814896,-1.783187
10291.369293,0.115666,0.482536,-0.319143,-1.007824,-1.572139,-1.781140,-1.820373,-1.609642
10291.373292,0.161427,-0.009831,-0.833549,-1.433033,-1.810907,-1.833911,-1.694746,-1.308907
10291.377292,0.194350,-0.517012,-1.290537,-1.748716,-1.903759,-1.767916,-1.436905,-0.890986
10291.381293,0.204146,-1.006521,-1.653884,-1.928878,-1.846648,-1.579943,-1.060161,-0.383983
10291.385293,0.188667,-1.440553,-1.890927,-1.954518,-1.652577,-1.266896,-0.595137,0.168406
10291.389318,0.155263,-1.775808,-1.978210,-1.821338,-1.344099,-0.838679,-0.081977,0.716321
10291.393317,0.111037,-1.970978,-1.907899,-1.544633,-0.947153,-0.322364,0.439204,1.210927
10291.397318,0.060356,-1.999671,-1.689297,-1.153370,-0.486121,0.240318,0.933569,1.608104
10291.401318,0.010879,-1.857432,-1.345893,-0.681994,0.017551,0.794687,1.369807,1.871894
10291.405318,-0.024810,-1.557831,-0.910204,-0.167965,0.538643,1.279975,1.714703,1.980443
10291.409318,-0.035824,-1.127325,-0.416888,0.349933,1.038666,1.645310,1.934428,1.931438
10291.413317,-0.020646,-0.604945,0.104578,0.835362,1.466299,1.863275,2.002897,1.740781
10291.417318,0.010804,-0.039732,0.630984,1.257311,1.772640,1.929058,1.908736,1.432695
10291.421318,0.041347,0.517478,1.134953,1.590271,1.928843,1.850592,1.658240,1.028265
10291.425318,0.053999,1.021616,1.574553,1.812684,1.930991,1.643196,1.275213,0.545571
10291.429318,0.040036,1.435965,1.898048,1.908050,1.792224,1.329293,0.795877,0.012251
10291.433318,0.004314,1.733299,2.059564,1.868781,1.531109,0.935253,0.260511,-0.527563
10291.437317,-0.037787,1.898382,2.032854,1.696124,1.164375,0.485377,-0.289766,-1.022942
10291.441317,-0.070836,1.926527,1.819146,1.395578,0.709128,0.000463,-0.811236,-1.431857
10291.445318,-0.087163,1.818159,1.449680,0.977250,0.191221,-0.497649,-1.260887,-1.728176
10291.449318,-0.087395,1.579089,0.979652,0.465193,-0.349596,-0.979933,-1.604999,-1.898431
10291.453318,-0.076956,1.224493,0.471086,-0.095852,-0.863397,-1.405944,-1.823787,-1.934998
10291.457318,-0.061557,0.777821,-0.027959,-0.648048,-1.300766,-1.728034,-1.908942,-1.831756
10291.461318,-0.044897,0.269222,-0.493499,-1.135762,-1.623886,-1.905343,-1.858581,-1.587463
10291.465317,-0.029506,-0.262971,-0.917990,-1.514173,-1.812097,-1.916786,-1.674336,-1.214363
10291.469317,-0.016048,-0.774252,-1.292508,-1.751736,-1.859740,-1.764887,-1.363697,-0.741704
10291.473318,-0.000832,-1.220711,-1.593873,-1.834791,-1.769939,-1.473517,-0.945523,-0.211001
10291.477318,0.020251,-1.565052,-1.786385,-1.771428,-1.551428,-1.081014,-0.451789,0.330594
10291.481318,0.043403,-1.778152,-1.836278,-1.586822,-1.219715,-0.627072,0.074912,0.834551
10291.485318,0.057438,-1.840072,-1.728349,-1.310110,-0.799062,-0.143095,0.585269,1.256051
10291.489318,0.053070,-1.747060,-1.473114,-0.963034,-0.322653,0.344950,1.030729,1.560867
10291.493317,0.029614,-1.517917,-1.102687,-0.560690,0.170742,0.808976,1.373654,1.729313
10291.497318,-0.004082,-1.188395,-0.661620,-0.120121,0.642545,1.215936,1.594130,1.757569
10291.501318,-0.032996,-0.797801,-0.196236,0.333909,1.056553,1.529819,1.688396,1.657462
10291.505318,-0.043881,-0.377822,0.255952,0.768171,1.376256,1.717099,1.660518,1.449277
10291.509318,-0.032869,0.051024,0.670805,1.143659,1.569289,1.754586,1.517302,1.151501
10291.513318,-0.006954,0.472393,1.031183,1.422097,1.621816,1.636196,1.270576,0.779971
10291.517363,0.019790,0.863306,1.316350,1.575828,1.544001,1.375915,0.939461,0.355963
10291.521363,0.033726,1.191108,1.500009,1.595576,1.358533,1.006214,0.548779,-0.088706
10291.525363,0.030342,1.420528,1.560386,1.489926,1.087266,0.572689,0.127086,-0.516459
10291.529363,0.015757,1.526147,1.492227,1.277649,0.749143,0.126125,-0.294429,-0.892660
10291.533363,-0.000676,1.502129,1.308153,0.979209,0.367427,-0.286890,-0.683939,-1.188589
10291.537362,-0.012907,1.361735,1.031010,0.614719,-0.026344,-0.632363,-1.010843,-1.380345
10291.541363,-0.019075,1.128486,0.689196,0.209384,-0.398586,-0.893973,-1.247880,-1.451408
10291.545363,-0.019985,0.827070,0.315215,-0.201607,-0.720914,-1.071529,-1.376415,-1.398917
10291.549363,-0.016899,0.479945,-0.059315,-0.575828,-0.970253,-1.170418,-1.390744,-1.236762
10291.553363,-0.010055,0.110020,-0.408699,-0.874195,-1.127830,-1.191770,-1.296052,-0.990863
10291.557363,0.000713,-0.255558,-0.713039,-1.073582,-1.185032,-1.135706,-1.104085,-0.689837
10291.561363,0.014620,-0.585644,-0.954602,-1.171356,-1.151360,-1.009992,-0.832356,-0.359805
10291.565362,0.028673,-0.850240,-1.115096,-1.177564,-1.050108,-0.828786,-0.505736,-0.025702
10291.569363,0.038437,-1.027498,-1.177939,-1.105188,-0.900916,-0.604933,-0.155256,0.287454
10291.573363,0.042539,-1.108310,-1.136661,-0.966920,-0.708203,-0.348566,0.185656,0.556878
10291.577363,0.044657,-1.096150,-1.004206,-0.773732,-0.467669,-0.073268,0.483566,0.765115
10291.581363,0.047715,-1.002380,-0.810232,-0.534608,-0.182222,0.198343,0.708826,0.901062
10291.585363,0.047808,-0.840276,-0.582828,-0.261309,0.126670,0.438208,0.843305,0.958775
10291.589363,0.035634,-0.623691,-0.334226,0.025912,0.419297,0.624862,0.886482,0.935450
10291.593362,0.003155,-0.371164,-0.068515,0.298177,0.650743,0.750157,0.853915,0.833222
10291.597363,-0.047257,-0.109128,0.199324,0.524386,0.789479,0.814146,0.767971,0.665665
10291.601363,-0.096858,0.131079,0.438119,0.679761,0.829603,0.817471,0.648067,0.459712
10291.605363,-0.119389,0.322192,0.613434,0.751224,0.789779,0.759859,0.507908,0.248542
10291.609363,-0.101097,0.449933,0.702690,0.739670,0.698486,0.644818,0.356367,0.060636
10291.613363,-0.051448,0.514584,0.703094,0.660725,0.576174,0.484789,0.197473,-0.089250
10291.617363,0.005353,0.526373,0.631507,0.540163,0.431209,0.299890,0.034503,-0.201740
10291.621362,0.046996,0.500218,0.516626,0.403649,0.270301,0.111573,-0.122062,-0.286126
10291.625363,0.062111,0.449848,0.388794,0.269010,0.106888,-0.062002,-0.253897,-0.350052
10291.629363,0.050578,0.383114,0.270141,0.145504,-0.041496,-0.207610,-0.344829,-0.391571
10291.633363,0.021485,0.303906,0.167261,0.036784,-0.160469,-0.316597,-0.389967,-0.400686
10291.637363,-0.011795,0.217621,0.075006,-0.056383,-0.244627,-0.382303,-0.394111,-0.369557
10291.641363,-0.037588,0.131813,-0.010940,-0.133929,-0.298192,-0.398874,-0.365032,-0.301103
10291.645384,-0.049165,0.052097,-0.087331,-0.192987,-0.326673,-0.363803,-0.310388,-0.210700
10291.649384,-0.045687,-0.018503,-0.145985,-0.225381,-0.327445,-0.281103,-0.237142,-0.120933
10291.653384,-0.028567,-0.075153,-0.178217,-0.221969,-0.292446,-0.164781,-0.152312,-0.051346
10291.657384,0.001495,-0.108708,-0.177315,-0.181460,-0.220099,-0.040899,-0.065927,-0.010284
10291.661384,0.038603,-0.107815,-0.141722,-0.114064,-0.121760,0.058467,0.007890,0.004768
10291.665384,0.068327,-0.066108,-0.079810,-0.038656,-0.019140,0.107877,0.054482,0.000673
10291.669384,0.077940,0.008541,-0.009144,0.022225,0.061500,0.098841,0.064041,-0.017530
10291.673384,0.067339,0.093034,0.052408,0.049882,0.097908,0.040740,0.035206,-0.049721
10291.677384,0.045673,0.157373,0.093303,0.035883,0.081664,-0.048176,-0.025992,-0.098327
10291.681384,0.021438,0.174856,0.104963,-0.017980,0.021662,-0.150560,-0.110429,-0.159883
10291.685384,-0.000352,0.132790,0.077061,-0.100880,-0.063040,-0.252191,-0.206166,-0.219304
10291.689384,-0.017520,0.039891,0.003784,-0.192862,-0.155186,-0.339006,-0.294130,-0.254221
10291.693384,-0.030540,-0.079552,-0.107108,-0.272227,-0.244067,-0.396525,-0.348104,-0.244385
10291.697385,-0.038895,-0.201235,-0.237332,-0.328372,-0.319994,-0.413141,-0.342653,-0.180308
10291.701384,-0.039372,-0.310216,-0.366265,-0.364634,-0.369404,-0.381819,-0.264387,-0.067143
10291.705384,-0.030957,-0.400854,-0.473853,-0.387210,-0.378438,-0.300253,-0.120853,0.080249
10291.709384,-0.018133,-0.473790,-0.542938,-0.393477,-0.339339,-0.173581,0.060547,0.244214
10291.713384,-0.006257,-0.530432,-0.563486,-0.370843,-0.252207,-0.016160,0.246581,0.407386
10291.717384,0.003882,-0.566553,-0.532889,-0.304321,-0.123190,0.153714,0.412877,0.554914
10291.721384,0.013154,-0.569854,-0.451284,-0.185760,0.037909,0.322414,0.546610,0.673890
10291.725385,0.017971,-0.524154,-0.318395,-0.019116,0.219763,0.483353,0.641816,0.751054
10291.729384,0.012074,-0.417231,-0.136330,0.181781,0.408106,0.632674,0.698261,0.773082
10291.733384,-0.005138,-0.244627,0.085682,0.398842,0.583091,0.764326,0.721296,0.727445
10291.737384,-0.024873,-0.011115,0.330309,0.610316,0.722780,0.865110,0.712381,0.604970
10291.741384,-0.035079,0.265442,0.574594,0.790860,0.810981,0.911215,0.658348,0.406925
10291.745384,-0.030110,0.553254,0.793402,0.919353,0.842085,0.874573,0.537464,0.150762
10291.749384,-0.013973,0.812381,0.963295,0.983220,0.817921,0.737121,0.338872,-0.133728
10291.753385,0.005358,1.005343,1.065160,0.970933,0.738214,0.500479,0.074737,-0.416653
10291.757384,0.021904,1.107839,1.084570,0.869211,0.594993,0.187108,-0.226391,-0.677473
10291.761384,0.031893,1.112882,1.012450,0.673414,0.377629,-0.165680,-0.533614,-0.903064
10291.765384,0.034188,1.027118,0.848073,0.396556,0.083931,-0.517243,-0.817894,-1.079810
10291.769384,0.031575,0.862368,0.601585,0.066993,-0.269464,-0.833449,-1.048894,-1.190542
10291.773406,0.026989,0.628477,0.291760,-0.280870,-0.642614,-1.088324,-1.198214,-1.218427
10291.777405,0.020693,0.335022,-0.059096,-0.614462,-0.980109,-1.261156,-1.248690,-1.151401
10291.781405,0.013168,-0.000265,-0.427835,-0.906866,-1.231220,-1.338341,-1.197515,-0.983077
10291.785406,0.005762,-0.348878,-0.789811,-1.138333,-1.367984,-1.316300,-1.052022,-0.715863
10291.789406,-0.001858,-0.678733,-1.115550,-1.295069,-1.386081,-1.196562,-0.825524,-0.366973
10291.793405,-0.011112,-0.961978,-1.368586,-1.366204,-1.293718,-0.981942,-0.534523,0.032994
10291.797405,-0.021577,-1.179921,-1.513326,-1.342625,-1.104321,-0.681138,-0.197131,0.447115
10291.801405,-0.030673,-1.324290,-1.529161,-1.220271,-0.834622,-0.312822,0.168051,0.835876
10291.805405,-0.036023,-1.390122,-1.414933,-1.004235,-0.502445,0.095390,0.542685,1.162115
10291.809405,-0.037515,-1.368178,-1.183036,-0.706830,-0.124740,0.510561,0.905076,1.399961
10291.813406,-0.037949,-1.247156,-0.854362,-0.341981,0.283176,0.899344,1.225354,1.537951
10291.817406,-0.039160,-1.020168,-0.456844,0.075632,0.703527,1.232747,1.469258,1.571976
10291.821405,-0.037215,-0.690323,-0.022449,0.524178,1.104724,1.487121,1.607858,1.495643
10291.825405,-0.027012,-0.276426,0.419850,0.966545,1.437450,1.640073,1.621913,1.299367
10291.829405,-0.009766,0.186228,0.847085,1.351247,1.651219,1.670238,1.501452,0.983555
10291.833405,0.008888,0.654179,1.234452,1.628122,1.717393,1.566062,1.248284,0.572377
10291.837405,0.024598,1.084504,1.547273,1.766350,1.637754,1.332472,0.880116,0.109492
10291.841406,0.035541,1.436130,1.747131,1.758336,1.435668,0.988178,0.429759,-0.358775
10291.845406,0.041352,1.671782,1.806930,1.612122,1.139640,0.560325,-0.061287,-0.795553
10291.849405,0.043166,1.767557,1.718706,1.343711,0.771343,0.081509,-0.550622,-1.176260
10291.853405,0.043112,1.720112,1.492304,0.973607,0.345448,-0.413358,-1.000149,-1.484329
10291.857405,0.042276,1.540975,1.151632,0.527676,-0.122375,-0.890198,-1.378082,-1.702784
10291.861405,0.040435,1.246799,0.726659,0.037526,-0.607970,-1.316250,-1.659442,-1.809710
10291.865405,0.037382,0.857858,0.243953,-0.463087,-1.076321,-1.658481,-1.825640,-1.784546
10291.869406,0.032080,0.400405,-0.272190,-0.940876,-1.484575,-1.882172,-1.863113,-1.618514
10291.873406,0.021450,-0.094534,-0.789759,-1.362298,-1.789232,-1.955467,-1.762425,-1.318169
10291.877405,0.003540,-0.593237,-1.264396,-1.692991,-1.953907,-1.862458,-1.520798,-0.904844
10291.881405,-0.017555,-1.058216,-1.645476,-1.900144,-1.954438,-1.612835,-1.147802,-0.412741
10291.885405,-0.033046,-1.447694,-1.888411,-1.958705,-1.785186,-1.235537,-0.669038,0.118611
10291.889405,-0.036495,-1.722828,-1.968444,-1.859027,-1.465006,-0.764410,-0.125994,0.650678
10291.893405,-0.028123,-1.859692,-1.889405,-1.610271,-1.031340,-0.234078,0.427488,1.144072
10291.897406,-0.014184,-1.854092,-1.676911,-1.236188,-0.525956,0.314336,0.936085,1.557947
10291.901451,-0.003285,-1.715588,-1.358141,-0.767590,0.012075,0.834787,1.358693,1.856436
10291.905451,-0.000982,-1.459126,-0.948962,-0.238370,0.545417,1.287326,1.676142,2.013149
10291.909451,-0.007080,-1.101767,-0.461399,0.314543,1.037925,1.642865,1.883736,2.011016
10291.913451,-0.017252,-0.663072,0.079517,0.851199,1.455622,1.878139,1.975650,1.845412
10291.917451,-0.027038,-0.164977,0.629927,1.330060,1.767583,1.973653,1.935658,1.529379
10291.921451,-0.036027,0.366017,1.137334,1.709493,1.948508,1.919950,1.743533,1.093127
10291.925451,-0.046704,0.891476,1.553836,1.950283,1.982903,1.722925,1.392830,0.576994
10291.929451,-0.057814,1.360068,1.843613,2.023642,1.866303,1.400716,0.905075,0.023082
10291.933451,-0.061511,1.720914,1.985016,1.921886,1.603456,0.977639,0.329084,-0.528022
10291.937451,-0.048625,1.937270,1.969266,1.662567,1.209899,0.482353,-0.271761,-1.035306
10291.941451,-0.016701,1.990236,1.800292,1.283999,0.716705,-0.050289,-0.833998,-1.457758
10291.945451,0.026445,1.878161,1.496118,0.832811,0.169857,-0.578869,-1.305713,-1.760458
10291.949451,0.067139,1.615493,1.086177,0.348042,-0.379275,-1.061312,-1.654424,-1.921139
10291.953451,0.094077,1.229595,0.604970,-0.144143,-0.885014,-1.461216,-1.866267,-1.932957
10291.957451,0.101212,0.756040,0.088019,-0.623642,-1.311319,-1.747991,-1.938016,-1.802877
10291.961451,0.085778,0.235399,-0.429777,-1.069514,-1.630935,-1.898986,-1.871694,-1.546833
10291.965451,0.049469,-0.288149,-0.915610,-1.454708,-1.825541,-1.905102,-1.673324,-1.185574
10291.969451,0.000377,-0.771323,-1.336695,-1.742424,-1.884845,-1.769648,-1.353863,-0.743462
10291.973451,-0.048942,-1.179655,-1.657082,-1.891683,-1.804215,-1.503069,-0.934544,-0.249335
10291.977451,-0.084145,-1.490939,-1.843287,-1.872428,-1.585284,-1.121688,-0.450166,0.261925
10291.981451,-0.092123,-1.691224,-1.876709,-1.680962,-1.239798,-0.650716,0.057671,0.750067
10291.985451,-0.066546,-1.768975,-1.758957,-1.346023,-0.793793,-0.128944,0.549573,1.174377
10291.989451,-0.013592,-1.715550,-1.506080,-0.917734,-0.289292,0.392010,0.991241,1.499404
10291.993451,0.047592,-1.531533,-1.142215,-0.446174,0.221340,0.858942,1.352698,1.697667
10291.997451,0.092803,-1.229793,-0.698862,0.029550,0.688671,1.230475,1.606630,1.752592
10292.001451,0.105302,-0.834818,-0.214434,0.477919,1.076817,1.483322,1.729361,1.665289
10292.005451,0.083983,-0.382539,0.269603,0.871641,1.365553,1.611405,1.708660,1.456850
10292.009451,0.041604,0.082700,0.713880,1.188773,1.548418,1.619827,1.550978,1.158651
10292.013451,-0.004448,0.515789,1.085756,1.412202,1.626093,1.517803,1.278279,0.799254
10292.017451,-0.041004,0.880136,1.362152,1.527406,1.594818,1.317726,0.920398,0.399086
10292.021451,-0.061883,1.154541,1.528422,1.524987,1.443562,1.037057,0.511234,-0.024678
10292.025451,-0.066680,1.331979,1.574843,1.405968,1.168734,0.695433,0.085992,-0.449416
10292.029477,-0.058758,1.412726,1.497230,1.183443,0.791134,0.313093,-0.323298,-0.842464
10292.033477,-0.043226,1.400523,1.301710,0.881586,0.355198,-0.086005,-0.690822,-1.162787
10292.037477,-0.025623,1.300257,1.006784,0.531457,-0.085616,-0.473057,-0.995741,-1.371076
10292.041477,-0.010478,1.114373,0.642932,0.163180,-0.482532,-0.816827,-1.218346,-1.444681
10292.045477,0.000635,0.845487,0.250603,-0.197984,-0.802745,-1.087772,-1.338965,-1.385094
10292.049477,0.009822,0.507317,-0.129145,-0.528457,-1.035897,-1.261598,-1.344645,-1.214478
10292.053477,0.018981,0.130699,-0.465915,-0.804376,-1.185869,-1.322802,-1.238817,-0.966957
10292.057477,0.024812,-0.243130,-0.740801,-1.006245,-1.254181,-1.269783,-1.041167,-0.678080
10292.061477,0.023139,-0.572969,-0.940586,-1.123673,-1.233274,-1.115636,-0.779005,-0.375870
10292.065477,0.016265,-0.825436,-1.056122,-1.153950,-1.114712,-0.883039,-0.481512,-0.076854
10292.069477,0.009692,-0.982259,-1.084783,-1.097478,-0.904407,-0.599850,-0.175956,0.211885
10292.073477,0.005192,-1.044003,-1.032107,-0.958310,-0.631057,-0.295567,0.116201,0.482222
10292.077477,-0.000425,-1.023987,-0.911283,-0.750266,-0.335964,0.004119,0.378076,0.714180
10292.081477,-0.012142,-0.938036,-0.739698,-0.498180,-0.053187,0.280753,0.593517,0.881222
10292.085477,-0.029498,-0.800154,-0.533831,-0.231302,0.199922,0.521011,0.747660,0.966012
10292.089477,-0.042081,-0.621880,-0.307907,0.023960,0.417504,0.710652,0.832654,0.965976
10292.093477,-0.037674,-0.411969,-0.075654,0.247827,0.594577,0.830855,0.850964,0.886303
10292.097477,-0.014550,-0.179833,0.150083,0.428796,0.720311,0.864231,0.809443,0.734303
10292.101477,0.016878,0.058891,0.356044,0.563728,0.781710,0.806444,0.713020,0.523787
10292.105477,0.041981,0.280466,0.524025,0.653669,0.773804,0.672528,0.568466,0.281317
10292.109477,0.051541,0.458630,0.632530,0.697048,0.702568,0.493753,0.389846,0.041223
10292.113477,0.046062,0.574018,0.666492,0.687985,0.580292,0.306531,0.196253,-0.165702
10292.117477,0.031383,0.617036,0.626788,0.622247,0.424626,0.139228,0.007807,-0.318154
10292.121477,0.013685,0.586860,0.532476,0.504169,0.258690,0.005552,-0.156817,-0.405983
10292.125477,-0.000869,0.495416,0.411876,0.349716,0.104620,-0.093116,-0.284127,-0.429688
10292.129477,-0.007470,0.367661,0.287537,0.185444,-0.023569,-0.162676,-0.365104,-0.397474
10292.133477,-0.006299,0.231910,0.168487,0.040502,-0.121148,-0.212161,-0.390841,-0.324622
10292.137477,-0.003745,0.110368,0.055837,-0.066167,-0.191137,-0.247361,-0.357763,-0.234678
10292.141477,-0.008050,0.016235,-0.046294,-0.131898,-0.240056,-0.265966,-0.278059,-0.154629
10292.145477,-0.021594,-0.045281,-0.127348,-0.165285,-0.269202,-0.262106,-0.178688,-0.103070
10292.149477,-0.037964,-0.075663,-0.176420,-0.177760,-0.270126,-0.234567,-0.090246,-0.080849
10292.153477,-0.047356,-0.081886,-0.187954,-0.177471,-0.232069,-0.188415,-0.034893,-0.074472
10292.157272,-0.043289,-0.072441,-0.163018,-0.166205,-0.156548,-0.131570,-0.018230,-0.069237
10292.161271,-0.025363,-0.052347,-0.110395,-0.142325,-0.066018,-0.072364,-0.030225,-0.058718
10292.165271,0.000677,-0.023272,-0.046030,-0.108088,0.004558,-0.020099,-0.055006,-0.046542
10292.169271,0.025409,0.012111,0.013486,-0.072066,0.028169,0.014130,-0.082837,-0.043870
10292.173271,0.039584,0.048771,0.057559,-0.045787,0.000305,0.019769,-0.114319,-0.062659
10292.177272,0.037435,0.082538,0.080280,-0.039898,-0.062422,-0.008397,-0.152601,-0.107160
10292.181272,0.020765,0.110299,0.077122,-0.058925,-0.135801,-0.066992,-0.195078,-0.169609
10292.185271,0.000789,0.125078,0.046964,-0.096679,-0.202661,-0.145797,-0.235596,-0.231638
10292.189271,-0.008727,0.114213,-0.007992,-0.140838,-0.257860,-0.230903,-0.269077,-0.269137
10292.193271,-0.002459,0.063008,-0.087376,-0.185161,-0.302026,-0.304949,-0.288179,-0.259539
10292.197271,0.012727,-0.038722,-0.191794,-0.233821,-0.333266,-0.348708,-0.278530,-0.189527
10292.201272,0.023191,-0.186290,-0.314636,-0.292243,-0.346436,-0.346953,-0.222437,-0.060485
10292.205272,0.018953,-0.352820,-0.437343,-0.356069,-0.336368,-0.293716,-0.109161,0.109464
10292.209271,0.002072,-0.498266,-0.531729,-0.406990,-0.296719,-0.192005,0.055423,0.290853
10292.213271,-0.015544,-0.590214,-0.569709,-0.417656,-0.218895,-0.049829,0.246039,0.455420
10292.217271,-0.021669,-0.616606,-0.537261,-0.363612,-0.096068,0.121364,0.427849,0.585612
10292.221271,-0.011201,-0.582842,-0.438377,-0.234550,0.071541,0.304966,0.574097,0.674622
10292.225271,0.011088,-0.501085,-0.286104,-0.039842,0.272513,0.480529,0.675734,0.720430
10292.229272,0.032367,-0.380414,-0.094161,0.192390,0.484073,0.630878,0.736548,0.720978
10292.233272,0.038345,-0.222273,0.124967,0.423925,0.677681,0.746265,0.760737,0.672394
10292.237271,0.023628,-0.023918,0.358298,0.622059,0.826482,0.818544,0.742935,0.568283
10292.241271,-0.002340,0.211546,0.588713,0.771221,0.911163,0.834582,0.668923,0.404196
10292.245271,-0.023129,0.467399,0.791612,0.870284,0.921175,0.779948,0.526698,0.185250
10292.249271,-0.029133,0.714192,0.938583,0.921005,0.852661,0.647887,0.317377,-0.074330
10292.253271,-0.022257,0.917473,1.008474,0.918560,0.708526,0.442395,0.055701,-0.356943
10292.257272,-0.011371,1.048041,0.994558,0.849842,0.498645,0.175795,-0.237940,-0.641873
10292.261272,-0.007148,1.089662,0.902903,0.699845,0.237196,-0.131261,-0.541945,-0.902709
10292.265271,-0.016896,1.040193,0.745593,0.462475,-0.059605,-0.449388,-0.829971,-1.110134
10292.269271,-0.038084,0.906685,0.532503,0.149876,-0.373332,-0.746951,-1.069807,-1.238227
10292.273271,-0.058716,0.698894,0.268329,-0.206381,-0.681162,-0.999166,-1.231222,-1.267406
10292.277271,-0.066093,0.426761,-0.042004,-0.564425,-0.956772,-1.189853,-1.294768,-1.185448
10292.281271,-0.053198,0.103071,-0.385515,-0.885794,-1.177613,-1.305511,-1.253850,-0.991302
10292.285292,-0.021116,-0.253860,-0.736646,-1.143421,-1.326856,-1.330188,-1.110936,-0.699598
10292.289293,0.019599,-0.620103,-1.059342,-1.319073,-1.384996,-1.247635,-0.873240,-0.340262
10292.293293,0.053713,-0.965650,-1.316465,-1.398395,-1.329312,-1.049327,-0.552267,0.049402
10292.297293,0.070693,-1.254994,-1.477741,-1.372066,-1.149453,-0.741440,-0.167586,0.436276
10292.301292,0.069407,-1.452895,-1.519214,-1.238917,-0.859987,-0.346557,0.248840,0.797758
10292.305292,0.055389,-1.533304,-1.423043,-1.005093,-0.493107,0.097595,0.654679,1.117649
10292.309293,0.034270,-1.485543,-1.187500,-0.683283,-0.082018,0.543300,1.008782,1.377451
10292.313293,0.008923,-1.313993,-0.837291,-0.295408,0.345548,0.945289,1.284574,1.552521
10292.317293,-0.015522,-1.033522,-0.416963,0.127750,0.763749,1.272082,1.473129,1.614913
10292.321293,-0.028011,-0.665288,0.028193,0.553424,1.144860,1.505820,1.572228,1.542696
10292.325292,-0.018843,-0.234797,0.464819,0.952530,1.457941,1.633473,1.573306,1.333503
10292.329292,0.009287,0.227884,0.871041,1.297738,1.669592,1.641491,1.461292,1.009975
10292.333293,0.040395,0.688524,1.228497,1.559845,1.749092,1.522795,1.226115,0.609296
10292.337293,0.055621,1.111457,1.514702,1.710641,1.677810,1.287362,0.873832,0.166503
10292.341292,0.044685,1.461398,1.702602,1.728838,1.457846,0.959995,0.430822,-0.293111
10292.345292,0.010293,1.705478,1.767626,1.605036,1.114852,0.567866,-0.060547,-0.748491
10292.349292,-0.033870,1.818601,1.695931,1.346733,0.690733,0.132215,-0.553902,-1.173442
10292.353293,-0.067957,1.787124,1.488782,0.979077,0.228548,-0.330712,-1.010835,-1.533130
10292.357293,-0.075110,1.609395,1.161678,0.537882,-0.238949,-0.802020,-1.402932,-1.789104
10292.361293,-0.052983,1.297637,0.739073,0.059270,-0.689915,-1.252096,-1.704480,-1.908457
10292.365292,-0.016660,0.879843,0.249075,-0.427040,-1.106056,-1.638270,-1.886620,-1.870588
10292.369292,0.013065,0.396244,-0.277443,-0.896541,-1.464185,-1.908402,-1.920678,-1.671509
10292.373292,0.025511,-0.110899,-0.804642,-1.323525,-1.733321,-2.012151,-1.788608,-1.327770
10292.377293,0.023177,-0.605514,-1.289910,-1.676117,-1.881844,-1.920911,-1.493361,-0.875535
10292.381293,0.012857,-1.057198,-1.684532,-1.917076,-1.888215,-1.643135,-1.063616,-0.360508
10292.385293,0.000189,-1.437823,-1.941599,-2.011657,-1.743235,-1.221180,-0.548994,0.174716
10292.389293,-0.009423,-1.720807,-2.030432,-1.938938,-1.448293,-0.715047,-0.005619,0.694044
10292.393292,-0.012440,-1.883644,-1.945803,-1.697616,-1.020269,-0.183790,0.518674,1.162891
10292.397292,-0.010009,-1.912326,-1.706215,-1.304177,-0.498100,0.330273,0.989330,1.546143
10292.401292,-0.005214,-1.801444,-1.344692,-0.791622,0.061225,0.803867,1.382779,1.812465
10292.405293,0.000450,-1.551003,-0.896114,-0.210045,0.599412,1.220444,1.683427,1.940952
10292.409293,0.006432,-1.170301,-0.389733,0.380090,1.073888,1.561160,1.877772,1.925432
10292.413339,0.012047,-0.686720,0.147759,0.922179,1.460718,1.805005,1.946842,1.772764
10292.417338,0.016124,-0.145155,0.684154,1.373744,1.744022,1.929674,1.868296,1.497286
10292.421338,0.016395,0.405120,1.177082,1.708230,1.906476,1.914271,1.631048,1.116812
10292.425338,0.011015,0.921983,1.579846,1.911504,1.930845,1.747555,1.248850,0.652708
10292.429338,0.002491,1.369391,1.855633,1.976774,1.808170,1.435557,0.760378,0.132040
10292.433338,-0.003152,1.712260,1.986599,1.901907,1.544388,1.001617,0.217630,-0.411182
10292.437338,-0.003071,1.918920,1.969843,1.689962,1.161262,0.481719,-0.326792,-0.937142
10292.441338,0.000220,1.969000,1.809029,1.352583,0.691721,-0.078274,-0.826959,-1.404115
10292.445339,0.002361,1.859728,1.512753,0.913846,0.173362,-0.626280,-1.248191,-1.770497
10292.449339,-0.000716,1.606023,1.098066,0.408969,-0.354965,-1.112825,-1.569719,-1.994809
10292.453339,-0.011468,1.235373,0.594349,-0.121358,-0.853463,-1.498656,-1.780652,-2.043530
10292.457338,-0.027916,0.783577,0.045161,-0.635050,-1.283141,-1.757083,-1.871531,-1.905679
10292.461338,-0.041686,0.290849,-0.497272,-1.090825,-1.609366,-1.874138,-1.830880,-1.600127
10292.465338,-0.041694,-0.205276,-0.984319,-1.452329,-1.806160,-1.846870,-1.650886,-1.170506
10292.469338,-0.023168,-0.674183,-1.379459,-1.694256,-1.861273,-1.681430,-1.337772,-0.673134
10292.473339,0.007624,-1.089593,-1.658506,-1.806080,-1.776714,-1.395143,-0.917448,-0.161729
10292.477339,0.037515,-1.426908,-1.807936,-1.788714,-1.563674,-1.018024,-0.430987,0.326122
10292.481339,0.054265,-1.663674,-1.824396,-1.646997,-1.239430,-0.585140,0.074729,0.770264
10292.485338,0.053344,-1.781029,-1.711543,-1.387514,-0.827371,-0.125939,0.556827,1.155254
10292.489338,0.039733,-1.766279,-1.476290,-1.024251,-0.356338,0.336255,0.984395,1.459584
10292.493338,0.022874,-1.614882,-1.131852,-0.584604,0.139301,0.776625,1.336516,1.659443
10292.497338,0.008960,-1.332485,-0.703928,-0.108960,0.619532,1.164388,1.592560,1.737582
10292.501339,-0.002716,-0.939321,-0.229928,0.357215,1.042958,1.464513,1.728777,1.685737
10292.505339,-0.015912,-0.470950,0.247452,0.773949,1.373236,1.644035,1.725374,1.504327
10292.509339,-0.030156,0.026796,0.686206,1.112759,1.583149,1.682215,1.576671,1.203608
10292.513338,-0.039409,0.503190,1.050295,1.357438,1.657348,1.579080,1.296800,0.805132
10292.517338,-0.037958,0.910762,1.314180,1.502673,1.595125,1.355718,0.917152,0.344217
10292.521338,-0.025660,1.216313,1.465279,1.548803,1.412226,1.045257,0.480376,-0.129808
10292.525338,-0.008999,1.404547,1.503624,1.493859,1.137349,0.680288,0.035908,-0.562906
10292.529339,0.002533,1.473797,1.438649,1.331672,0.801143,0.286079,-0.370613,-0.913326
10292.533339,0.003241,1.431997,1.284745,1.060001,0.428554,-0.116951,-0.711508,-1.162744
10292.537338,-0.005144,1.293754,1.055407,0.691841,0.042608,-0.506898,-0.978029,-1.312205
10292.541364,-0.014933,1.077760,0.759308,0.260581,-0.331197,-0.856512,-1.168871,-1.369346
10292.545363,-0.016935,0.804296,0.406528,-0.184194,-0.668576,-1.133512,-1.279746,-1.338768
10292.549363,-0.006026,0.491055,0.019563,-0.587798,-0.950961,-1.306784,-1.302167,-1.220522
10292.553363,0.016239,0.152577,-0.364369,-0.904754,-1.162745,-1.358317,-1.231758,-1.015433
10292.557363,0.043425,-0.193440,-0.701413,-1.109225,-1.285782,-1.292033,-1.074284,-0.733372
10292.561363,0.067292,-0.521279,-0.954811,-1.195963,-1.303324,-1.130056,-0.841913,-0.397902
10292.565363,0.078775,-0.799627,-1.106977,-1.174931,-1.211898,-0.899254,-0.551840,-0.043210
10292.569363,0.069256,-0.999022,-1.160421,-1.064752,-1.025230,-0.622319,-0.232343,0.292682
10292.573363,0.037119,-1.100342,-1.127235,-0.888549,-0.767260,-0.319158,0.079225,0.575425
10292.577363,-0.006791,-1.099377,-1.018471,-0.671729,-0.465298,-0.010225,0.351234,0.783207
10292.581364,-0.045140,-1.005022,-0.843173,-0.436886,-0.146926,0.282098,0.569709,0.910375
10292.585363,-0.065856,-0.835422,-0.613415,-0.199435,0.162637,0.534737,0.735534,0.959920
10292.589363,-0.067185,-0.614230,-0.346818,0.030536,0.440878,0.728672,0.850258,0.935108
10292.593363,-0.054342,-0.366282,-0.065852,0.244408,0.664692,0.850630,0.905912,0.841356
10292.597363,-0.034517,-0.115817,0.203790,0.430611,0.810927,0.891951,0.890481,0.691356
10292.601363,-0.014715,0.113818,0.435257,0.571696,0.864840,0.851936,0.799810,0.503752
10292.605363,-0.000212,0.302713,0.604023,0.650646,0.827845,0.740850,0.641382,0.298025
10292.609364,0.007141,0.439006,0.694529,0.662033,0.717175,0.577787,0.432317,0.091019
10292.613363,0.007428,0.522414,0.706136,0.614354,0.560743,0.387678,0.199498,-0.102873
10292.617363,0.001340,0.560366,0.651206,0.521680,0.390098,0.196374,-0.022313,-0.269333
10292.621363,-0.007231,0.558885,0.547234,0.396137,0.230482,0.023304,-0.200811,-0.393655
10292.625363,-0.011183,0.519173,0.411388,0.250110,0.093046,-0.120975,-0.318550,-0.463203
10292.629363,-0.006012,0.441543,0.260381,0.101765,-0.023374,-0.230621,-0.375951,-0.472138
10292.633363,0.005740,0.331233,0.112224,-0.026931,-0.122694,-0.300617,-0.384910,-0.426866
10292.637364,0.015534,0.202381,-0.014550,-0.118070,-0.202828,-0.327743,-0.361371,-0.345286
10292.641363,0.014560,0.075734,-0.104966,-0.163442,-0.255113,-0.314012,-0.318475,-0.249119
10292.645363,0.002116,-0.029135,-0.152552,-0.165773,-0.272454,-0.267701,-0.260363,-0.158581
10292.649363,-0.012114,-0.100508,-0.161731,-0.136696,-0.256531,-0.202037,-0.185616,-0.088912
10292.653363,-0.017104,-0.137422,-0.143716,-0.091991,-0.214964,-0.132694,-0.099767,-0.044374
10292.657363,-0.009765,-0.146333,-0.108746,-0.046467,-0.155094,-0.072983,-0.020550,-0.018043
10292.661363,0.005163,-0.131426,-0.063518,-0.009622,-0.085229,-0.030242,0.030055,-0.000344
10292.665364,0.020392,-0.089969,-0.014766,0.017035,-0.018163,-0.007034,0.037609,0.012483
10292.669384,0.031582,-0.021012,0.027458,0.037605,0.031856,-0.004431,0.002151,0.015144
10292.673384,0.038913,0.062564,0.050932,0.054066,0.053396,-0.024002,-0.062755,-0.002990
10292.677384,0.042466,0.135023,0.046819,0.059050,0.039341,-0.066693,-0.137525,-0.047731
10292.681384,0.039517,0.171874,0.015897,0.037221,-0.009699,-0.129453,-0.205706,-0.111193
10292.685384,0.028481,0.160530,-0.031679,-0.024725,-0.083920,-0.203177,-0.258236,-0.173078
10292.689384,0.012704,0.100726,-0.084666,-0.128402,-0.171171,-0.272467,-0.290308,-0.210703
10292.693384,-0.000963,0.002028,-0.137933,-0.260380,-0.264609,-0.318225,-0.295860,-0.208896
10292.697384,-0.007189,-0.120622,-0.193293,-0.394917,-0.359155,-0.325537,-0.266547,-0.164310
10292.701384,-0.005594,-0.253301,-0.256550,-0.500987,-0.440746,-0.290380,-0.195241,-0.082190
10292.705384,-0.000573,-0.384214,-0.330865,-0.551961,-0.485273,-0.218850,-0.080225,0.031079
10292.709384,0.000021,-0.499051,-0.408479,-0.534581,-0.468867,-0.122039,0.072064,0.170185
10292.713384,-0.011061,-0.578836,-0.468387,-0.452186,-0.377510,-0.008414,0.247718,0.325938
10292.717384,-0.033542,-0.605831,-0.484191,-0.319169,-0.212094,0.121634,0.428127,0.481204
10292.721384,-0.057729,-0.571766,-0.436685,-0.151242,0.011598,0.270884,0.592629,0.612250
10292.725384,-0.070427,-0.478004,-0.321264,0.038629,0.267950,0.434331,0.721698,0.694863
10292.729384,-0.062921,-0.330892,-0.146546,0.237374,0.526313,0.594666,0.799364,0.713394
10292.733384,-0.036486,-0.141624,0.070666,0.430682,0.753155,0.727694,0.813912,0.665971
10292.737385,-0.002336,0.073515,0.308807,0.606546,0.915015,0.810924,0.757876,0.559448
10292.741384,0.024990,0.297797,0.544589,0.756654,0.986556,0.828585,0.628811,0.400548
10292.745384,0.035842,0.515166,0.756515,0.871392,0.960949,0.773483,0.432626,0.194202
10292.749384,0.029314,0.707150,0.923793,0.934799,0.851991,0.646837,0.185926,-0.051483
10292.753384,0.012863,0.856759,1.023124,0.927616,0.683784,0.453636,-0.088104,-0.320806
10292.757385,-0.000169,0.954197,1.033460,0.835977,0.475601,0.198467,-0.367278,-0.590727
10292.761384,0.002462,0.994146,0.944715,0.658819,0.234153,-0.109467,-0.634351,-0.835023
10292.765384,0.021731,0.970829,0.760636,0.410699,-0.039448,-0.447496,-0.874754,-1.028388
10292.769384,0.043952,0.877762,0.497932,0.116643,-0.336629,-0.778675,-1.072079,-1.149342
10292.773384,0.049657,0.709877,0.184474,-0.198359,-0.637087,-1.058929,-1.206505,-1.183662
10292.777384,0.029254,0.465309,-0.146607,-0.514195,-0.913819,-1.246562,-1.257019,-1.126257
10292.781384,-0.007487,0.148316,-0.466936,-0.811824,-1.139673,-1.314445,-1.207179,-0.977569
10292.785385,-0.038989,-0.225127,-0.757974,-1.069113,-1.292998,-1.261064,-1.052353,-0.739435
10292.789384,-0.049112,-0.622318,-1.006863,-1.262239,-1.358760,-1.108177,-0.802164,-0.418094
10292.793384,-0.036757,-0.996753,-1.202192,-1.370858,-1.323552,-0.884746,-0.475817,-0.032462
10292.797406,-0.013125,-1.300189,-1.331776,-1.380268,-1.174260,-0.611899,-0.096089,0.380799
10292.801406,0.007063,-1.494576,-1.378613,-1.279124,-0.906414,-0.298675,0.312017,0.774204
10292.805405,0.014686,-1.558125,-1.323573,-1.061621,-0.534012,0.051252,0.718477,1.107019
10292.809405,0.011166,-1.486866,-1.157145,-0.736123,-0.092447,0.428006,1.086630,1.357274
10292.813405,0.005649,-1.291837,-0.885459,-0.329487,0.367750,0.808306,1.377798,1.516923
10292.817405,0.006099,-0.993042,-0.525490,0.118312,0.795287,1.156685,1.561113,1.579166
10292.821406,0.012008,-0.614135,-0.100399,0.564964,1.152160,1.433817,1.621020,1.532130
10292.825406,0.015412,-0.181070,0.359011,0.974942,1.417502,1.605887,1.558467,1.362423
10292.829405,0.008407,0.276433,0.812074,1.319787,1.581258,1.648956,1.385827,1.064020
10292.833405,-0.010040,0.725324,1.213387,1.573303,1.636483,1.552548,1.118276,0.647627
10292.837405,-0.032120,1.131729,1.524495,1.712734,1.577491,1.323468,0.770695,0.148283
10292.841405,-0.045232,1.463711,1.721289,1.724328,1.402890,0.982320,0.359268,-0.375539
10292.845405,-0.040256,1.694570,1.790710,1.605633,1.120196,0.557586,-0.099757,-0.859195
10292.849406,-0.016823,1.803695,1.723850,1.363031,0.748244,0.084316,-0.585910,-1.254521
10292.853406,0.017113,1.775365,1.516821,1.007922,0.314201,-0.399824,-1.063111,-1.538877
10292.857405,0.197942,1.602486,1.178419,0.558461,-0.151391,-0.861647,-1.478971,-1.709788
10292.861405,1.233753,1.294079,0.733670,0.045590,-0.618120,-1.273085,-1.779241,-1.773958
10292.865405,4.391936,0.877018,0.220812,-0.486331,-1.056839,-1.605168,-1.925318,-1.735530
10292.869405,10.183050,0.389250,-0.312877,-0.986444,-1.437014,-1.824224,-1.905008,-1.588856
10292.873405,16.654770,-0.128490,-0.817021,-1.408179,-1.724282,-1.898627,-1.730270,-1.321526
10292.877406,19.289574,-0.637212,-1.248907,-1.718590,-1.884061,-1.811999,-1.425875,-0.927803
10292.881406,13.165786,-1.102143,-1.582039,-1.898966,-1.890741,-1.571311,-1.020609,-0.425506
10292.885405,-3.845562,-1.493132,-1.803718,-1.938705,-1.736724,-1.206194,-0.544101,0.137209
10292.889405,-28.833849,-1.782351,-1.906353,-1.833248,-1.435180,-0.759178,-0.027000,0.695528
10292.893405,-53.992805,-1.943852,-1.881876,-1.588005,-1.016346,-0.271033,0.496675,1.191622
10292.897405,-69.279892,-1.957549,-1.722080,-1.220059,-0.520709,0.227770,0.989941,1.587116
10292.901405,-66.355347,-1.815344,-1.424010,-0.754533,0.009109,0.714921,1.417167,1.859528
10292.905406,-42.173416,-1.526215,-0.997982,-0.221594,0.534036,1.168891,1.745650,1.993880
10292.909406,-1.235136,-1.115946,-0.473672,0.341317,1.019621,1.561595,1.943927,1.979841
10292.913405,44.714245,-0.619784,0.099695,0.886681,1.434270,1.855106,1.985633,1.814486
10292.917405,80.819267,-0.074394,0.661043,1.361514,1.747120,2.009273,1.861959,1.505894
10292.921405,95.606979,0.482590,1.153054,1.718108,1.930427,1.997845,1.589112,1.075946
10292.925451,85.906525,1.006988,1.537199,1.923859,1.965322,1.818153,1.200361,0.560459
10292.929451,57.485489,1.448054,1.795265,1.966896,1.844217,1.488329,0.733359,0.005265
10292.933451,21.616781,1.759805,1.919795,1.855533,1.572815,1.038777,0.223828,-0.540770
10292.937451,-10.162904,1.915774,1.908106,1.612273,1.174170,0.505551,-0.295361,-1.035044
10292.941451,-30.419411,1.915263,1.763972,1.265691,0.686922,-0.070207,-0.791767,-1.447403
10292.945451,-37.594517,1.776160,1.498625,0.842794,0.155744,-0.640610,-1.230484,-1.756317
10292.949451,-35.002777,1.522286,1.127295,0.367908,-0.378354,-1.153748,-1.575984,-1.940432
10292.953451,-28.129147,1.177221,0.667981,-0.131236,-0.880165,-1.561945,-1.799225,-1.978183
10292.957451,-21.791735,0.763767,0.147480,-0.620763,-1.314613,-1.831613,-1.883165,-1.857867
10292.961451,-18.403868,0.301988,-0.392894,-1.064807,-1.644621,-1.948052,-1.822585,-1.587123
10292.965451,-17.770479,-0.189308,-0.901688,-1.430667,-1.839493,-1.912858,-1.623259,-1.192791
10292.969451,-18.075768,-0.682572,-1.329098,-1.692422,-1.884502,-1.737378,-1.303794,-0.713712
10292.973451,-17.299562,-1.135066,-1.637751,-1.831027,-1.781600,-1.438596,-0.894106,-0.192306
10292.977451,-14.315662,-1.496452,-1.808125,-1.830429,-1.543688,-1.040245,-0.427767,0.330889
10292.981451,-9.264412,-1.725439,-1.836830,-1.677803,-1.191389,-0.572509,0.062752,0.818647
10292.985451,-3.232777,-1.803981,-1.729847,-1.374428,-0.753986,-0.068378,0.544284,1.237226
10292.989451,2.418461,-1.738119,-1.497759,-0.947936,-0.269018,0.436046,0.981886,1.555546
10292.993451,6.681418,-1.547308,-1.157337,-0.450944,0.221202,0.899089,1.339295,1.745088
10292.997451,9.216686,-1.254446,-0.734404,0.054735,0.675382,1.277308,1.580033,1.786669
10293.001451,10.300779,-0.881806,-0.262537,0.515015,1.059500,1.535310,1.677316,1.680424
10293.005451,10.526687,-0.451696,0.219113,0.892398,1.349516,1.655834,1.628537,1.447531
10293.009451,10.455742,0.010678,0.667939,1.169597,1.531132,1.642833,1.455653,1.120748
10293.013451,10.386119,0.474467,1.043751,1.347073,1.598495,1.513540,1.191872,0.732541
10293.017451,10.309072,0.901604,1.317106,1.432614,1.551244,1.287740,0.870032,0.311742
10293.021451,10.022593,1.249979,1.475803,1.432950,1.393713,0.984238,0.515871,-0.113529
10293.025451,9.306190,1.482659,1.523582,1.351399,1.137829,0.623674,0.144600,-0.514952
10293.029451,8.056407,1.576998,1.469294,1.186744,0.803208,0.230324,-0.234049,-0.865481
10293.033451,6.334258,1.529028,1.318342,0.936345,0.414030,-0.169984,-0.603556,-1.142462
10293.037451,4.334161,1.352980,1.076260,0.606520,-0.001294,-0.551654,-0.934104,-1.330139
10293.041452,2.305385,1.076655,0.756708,0.222451,-0.409005,-0.888469,-1.189117,-1.417495
10293.045451,0.461436,0.736602,0.384188,-0.174294,-0.772651,-1.152320,-1.337410,-1.395298
10293.049451,-1.079618,0.372650,-0.008136,-0.539745,-1.058669,-1.314885,-1.361922,-1.260846
10293.053475,-2.301380,0.017641,-0.384029,-0.838611,-1.241726,-1.355247,-1.264205,-1.026911
10293.057475,-3.255227,-0.308672,-0.710948,-1.047909,-1.308619,-1.270800,-1.065278,-0.721012
10293.061476,-4.009754,-0.593494,-0.963084,-1.157933,-1.259727,-1.081330,-0.798755,-0.376172
10293.065476,-4.605636,-0.824125,-1.121383,-1.168737,-1.108743,-0.820738,-0.497848,-0.025333
10293.069476,-5.037263,-0.988265,-1.175251,-1.085708,-0.881457,-0.524703,-0.187720,0.301401
10293.073476,-5.267647,-1.075509,-1.126719,-0.922474,-0.610034,-0.223100,0.112780,0.579355
10293.077475,-5.260071,-1.078976,-0.992056,-0.703574,-0.322757,0.063320,0.387248,0.788470
10293.081476,-5.002831,-0.998115,-0.795836,-0.457387,-0.038067,0.322367,0.619527,0.914092
10293.085476,-4.518026,-0.840307,-0.562321,-0.207293,0.230773,0.545309,0.792475,0.952366
10293.089476,-3.856522,-0.621720,-0.312260,0.030864,0.466705,0.720824,0.890421,0.911019
10293.093476,-3.082899,-0.366332,-0.064862,0.248454,0.647788,0.833546,0.905284,0.803402
10293.097476,-2.260436,-0.102204,0.160763,0.441782,0.755904,0.868597,0.839867,0.645628
10293.101475,-1.442276,0.143520,0.348892,0.604587,0.785934,0.818123,0.706700,0.459681
10293.105475,-0.665094,0.350191,0.491182,0.720223,0.747712,0.688136,0.525975,0.272292
10293.109476,0.051749,0.505136,0.584618,0.765187,0.659293,0.503400,0.322794,0.103907
10293.113476,0.697647,0.599998,0.627803,0.725285,0.537777,0.302244,0.123340,-0.040041
10293.117476,1.261443,0.629890,0.621987,0.608643,0.395035,0.121471,-0.050264,-0.163927
10293.121476,1.730005,0.596452,0.572945,0.442571,0.239120,-0.016851,-0.185937,-0.271551
10293.125476,2.092519,0.509009,0.489823,0.259898,0.079338,-0.108999,-0.283214,-0.360403
10293.129475,2.344737,0.385523,0.382464,0.087373,-0.070330,-0.163984,-0.347736,-0.419333
10293.133475,2.489727,0.252326,0.259000,-0.057798,-0.193988,-0.194913,-0.382968,-0.432583
10293.137476,2.532651,0.134289,0.127081,-0.165744,-0.279042,-0.213634,-0.386380,-0.391520
10293.141476,2.474176,0.042401,-0.000286,-0.231705,-0.318716,-0.227489,-0.353022,-0.304561
10293.145476,2.312201,-0.024980,-0.103907,-0.255299,-0.312046,-0.237103,-0.281688,-0.195941
10293.149475,2.050186,-0.071444,-0.168890,-0.241088,-0.264510,-0.236798,-0.179626,-0.094664
10293.153475,1.704057,-0.097668,-0.193769,-0.198125,-0.188829,-0.217194,-0.065237,-0.023390
10293.157476,1.303493,-0.103320,-0.186225,-0.135499,-0.101615,-0.171955,0.033330,0.006950
10293.161476,0.884472,-0.088600,-0.153540,-0.060120,-0.018368,-0.106863,0.087501,-0.001814
10293.165476,0.476316,-0.055139,-0.100554,0.018882,0.046394,-0.041937,0.083584,-0.038292
10293.169476,0.095147,-0.008856,-0.034959,0.086823,0.078041,-0.003147,0.031114,-0.088333
10293.173475,-0.249896,0.038274,0.028793,0.126017,0.067012,-0.008407,-0.044192,-0.139903
10293.177475,-0.547788,0.072277,0.072403,0.120866,0.015717,-0.057188,-0.115524,-0.183195
10293.181272,-0.785679,0.083039,0.081209,0.063790,-0.060921,-0.132371,-0.168573,-0.209451
10293.185272,-0.955983,0.064578,0.049409,-0.038481,-0.143513,-0.211857,-0.205729,-0.212196
10293.189272,-1.063040,0.014020,-0.020392,-0.164664,-0.219817,-0.279086,-0.236126,-0.188732
10293.193271,-1.122489,-0.064226,-0.120642,-0.288379,-0.288484,-0.324409,-0.260507,-0.138735
10293.197271,-1.150257,-0.156652,-0.241434,-0.388210,-0.350184,-0.340602,-0.265515,-0.062760
10293.201271,-1.150016,-0.247665,-0.369106,-0.451838,-0.396779,-0.320748,-0.232442,0.036171
10293.205271,-1.112286,-0.328176,-0.483446,-0.476556,-0.410892,-0.259572,-0.151529,0.149771
10293.209272,-1.025185,-0.397293,-0.560735,-0.463986,-0.374852,-0.155731,-0.026138,0.266293
10293.213272,-0.886030,-0.455066,-0.580512,-0.412504,-0.279236,-0.012466,0.135097,0.377681
10293.217271,-0.705099,-0.493214,-0.530069,-0.319502,-0.125612,0.163456,0.321648,0.480814
10293.221271,-0.500949,-0.495664,-0.408878,-0.187415,0.074388,0.358925,0.513425,0.569343
10293.225271,-0.293148,-0.448513,-0.230788,-0.021758,0.299980,0.549712,0.677760,0.630769
10293.229271,-0.098435,-0.347198,-0.017392,0.171037,0.522437,0.706208,0.781718,0.653769
10293.233271,0.069743,-0.194372,0.210386,0.381207,0.710028,0.808409,0.807721,0.632010
10293.237272,0.203939,0.005076,0.433629,0.594249,0.837939,0.851993,0.756905,0.559583
10293.241272,0.306974,0.240690,0.636068,0.789839,0.896871,0.840412,0.641572,0.428865
10293.245271,0.388837,0.488598,0.806162,0.941140,0.890223,0.774477,0.476144,0.235883
10293.249271,0.456543,0.714969,0.933035,1.019297,0.821223,0.647052,0.270969,-0.013016
10293.253271,0.507689,0.889456,1.001271,1.003371,0.685643,0.447592,0.032568,-0.298580
10293.257271,0.534159,0.993747,0.994300,0.888531,0.479221,0.176128,-0.230624,-0.589869
10293.261271,0.531729,1.021727,0.902584,0.683893,0.208662,-0.147656,-0.504632,-0.851021
10293.265272,0.504007,0.976671,0.728753,0.404590,-0.106014,-0.489156,-0.769840,-1.052951
10293.269272,0.457903,0.866047,0.486633,0.071790,-0.434786,-0.809806,-1.001754,-1.178083
10293.273271,0.399741,0.693174,0.194655,-0.283132,-0.742830,-1.076532,-1.173872,-1.214589
10293.277271,0.335659,0.453214,-0.129525,-0.623931,-0.998437,-1.265847,-1.262598,-1.153139
10293.281271,0.271270,0.140969,-0.466839,-0.919826,-1.179965,-1.361632,-1.250628,-0.990853
10293.285271,0.207579,-0.234931,-0.792558,-1.149520,-1.276366,-1.353112,-1.128567,-0.735453
10293.289271,0.139555,-0.642564,-1.078003,-1.298814,-1.282692,-1.237368,-0.898586,-0.406008
10293.293272,0.062839,-1.029201,-1.296182,-1.357579,-1.197818,-1.021230,-0.577426,-0.029632
10293.297272,-0.019026,-1.337038,-1.424572,-1.320381,-1.025540,-0.719156,-0.192548,0.365027
10293.301271,-0.095524,-1.523362,-1.444125,-1.187521,-0.774669,-0.349307,0.223494,0.751464
10293.305271,-0.156177,-1.572138,-1.341941,-0.963666,-0.457849,0.068751,0.634388,1.101081
10293.309319,-0.196648,-1.490536,-1.119578,-0.658764,-0.090073,0.510218,1.003395,1.378470
10293.313319,-0.219677,-1.295521,-0.796588,-0.290410,0.311684,0.938807,1.300502,1.549254
10293.317319,-0.230902,-1.004061,-0.404409,0.116899,0.724827,1.309069,1.506510,1.595253
10293.321319,-0.235552,-0.633230,0.021939,0.534157,1.116195,1.577490,1.611220,1.517232
10293.325318,-0.239270,-0.203529,0.449238,0.930182,1.442821,1.713258,1.607460,1.324525
10293.329318,-0.245764,0.259162,0.849778,1.274047,1.660704,1.703904,1.487569,1.028165
10293.333318,-0.250405,0.722498,1.201583,1.537650,1.737145,1.555535,1.246805,0.642876
10293.337319,-0.240181,1.149088,1.483705,1.696976,1.660098,1.288306,0.889808,0.191168
10293.341319,-0.202757,1.500687,1.672893,1.731688,1.440134,0.929360,0.436262,-0.295516
10293.345319,-0.137426,1.743623,1.746887,1.628035,1.105176,0.506355,-0.077616,-0.778887
10293.349319,-0.059160,1.853808,1.690751,1.384836,0.691773,0.044999,-0.604962,-1.217371
10293.353318,0.009430,1.818980,1.499707,1.015545,0.236878,-0.427796,-1.096045,-1.569586
10293.357319,0.052330,1.639151,1.178728,0.548229,-0.228227,-0.880878,-1.502071,-1.799298
10293.361319,0.067193,1.327147,0.744093,0.025469,-0.681968,-1.282023,-1.780930,-1.882607
10293.365319,0.062090,0.908922,0.226475,-0.502193,-1.109025,-1.602536,-1.907662,-1.811754
10293.369318,0.050497,0.421153,-0.328711,-0.986622,-1.486820,-1.816690,-1.878760,-1.594539
10293.373318,0.046324,-0.096978,-0.866400,-1.389578,-1.777738,-1.900034,-1.704815,-1.253408
10293.377318,0.056883,-0.611901,-1.332137,-1.686956,-1.938974,-1.833821,-1.402424,-0.820757
10293.381318,0.079916,-1.093585,-1.682284,-1.866365,-1.939046,-1.613187,-0.995868,-0.330028
10293.385319,0.107326,-1.508071,-1.889203,-1.918574,-1.768808,-1.252186,-0.520827,0.187686
10293.389319,0.129859,-1.817825,-1.942181,-1.834052,-1.444996,-0.782844,-0.018075,0.698995
10293.393319,0.140319,-1.990643,-1.846218,-1.609716,-1.005085,-0.247981,0.476386,1.165010
10293.397318,0.135932,-2.007184,-1.618995,-1.256226,-0.495447,0.307921,0.933249,1.546214
10293.401318,0.118425,-1.862553,-1.285436,-0.796993,0.040086,0.842260,1.328063,1.809834
10293.405318,0.092557,-1.566134,-0.871187,-0.264437,0.566885,1.312193,1.641489,1.933657
10293.409318,0.064615,-1.143039,-0.400171,0.300031,1.057635,1.676027,1.855894,1.909598
10293.413319,0.039359,-0.632868,0.103545,0.848253,1.482470,1.901660,1.948763,1.745559
10293.417319,0.017100,-0.081668,0.613617,1.332784,1.804803,1.973511,1.894608,1.459286
10293.421319,-0.003563,0.466944,1.097208,1.712086,1.988763,1.892905,1.677044,1.070714
10293.425318,-0.019895,0.973967,1.511952,1.951455,2.008864,1.673951,1.301971,0.601704
10293.429318,-0.026255,1.403529,1.812688,2.025768,1.858845,1.337396,0.803065,0.079334
10293.433318,-0.023087,1.723988,1.964193,1.926995,1.557021,0.907160,0.235739,-0.462068
10293.437339,-0.021741,1.911866,1.951357,1.671536,1.141316,0.410220,-0.335325,-0.980138
10293.441339,-0.036386,1.955415,1.782900,1.296845,0.657351,-0.122393,-0.850448,-1.428380
10293.445339,-0.069580,1.854568,1.484728,0.846569,0.147089,-0.652580,-1.270230,-1.765799
10293.449338,-0.107452,1.617846,1.086423,0.358508,-0.357410,-1.133740,-1.580753,-1.963193
10293.453338,-0.129547,1.260268,0.613892,-0.137533,-0.832559,-1.516739,-1.780179,-2.002343
10293.457338,-0.122718,0.805255,0.093834,-0.616317,-1.256799,-1.763441,-1.862885,-1.877194
10293.461339,-0.089179,0.288363,-0.439051,-1.051096,-1.603323,-1.858274,-1.818620,-1.598747
10293.465339,-0.044678,-0.244627,-0.941748,-1.410318,-1.836716,-1.807163,-1.641834,-1.195681
10293.469338,-0.007848,-0.746144,-1.367452,-1.662460,-1.920546,-1.629688,-1.339184,-0.709005
10293.473338,0.011569,-1.175050,-1.671872,-1.785342,-1.834251,-1.353416,-0.930897,-0.184101
10293.477338,0.016924,-1.501767,-1.824399,-1.772501,-1.586725,-1.005620,-0.447795,0.335943
10293.481338,0.017977,-1.708987,-1.818572,-1.631993,-1.216552,-0.603086,0.072084,0.813083
10293.485338,0.020774,-1.788045,-1.671235,-1.378471,-0.776577,-0.154929,0.584914,1.215604
10293.489339,0.024978,-1.735961,-1.413238,-1.027745,-0.311588,0.321606,1.042614,1.519832
10293.493339,0.027912,-1.556307,-1.077768,-0.600929,0.152297,0.792776,1.399769,1.709759
10293.497338,0.028193,-1.261890,-0.689727,-0.129969,0.599038,1.212566,1.626165,1.774336
10293.501338,0.027195,-0.876152,-0.265328,0.345284,1.008131,1.530844,1.714279,1.706773
10293.505338,0.029194,-0.431626,0.178331,0.784718,1.349155,1.706224,1.673058,1.508427
10293.509338,0.038305,0.034962,0.615394,1.153090,1.586535,1.719357,1.515067,1.193524
10293.513338,0.051975,0.488108,1.010582,1.421563,1.688813,1.577765,1.251762,0.790804
10293.517339,0.059130,0.894139,1.325140,1.569009,1.639880,1.312442,0.899884,0.341131
10293.521339,0.048501,1.220105,1.526714,1.585729,1.447854,0.966598,0.486776,-0.110069
10293.525338,0.017939,1.437629,1.596870,1.475516,1.143765,0.581285,0.046570,-0.522460
10293.529338,-0.024334,1.527697,1.532961,1.252828,0.769610,0.188131,-0.385462,-0.868406
10293.533338,-0.063776,1.483996,1.346677,0.941070,0.365784,-0.190154,-0.772607,-1.137254
10293.537338,-0.084646,1.317796,1.060215,0.573146,-0.033945,-0.536420,-1.076676,-1.329492
10293.541338,-0.077016,1.058448,0.702426,0.186458,-0.401930,-0.834822,-1.268455,-1.439317
10293.545339,-0.042879,0.743988,0.307107,-0.186153,-0.716946,-1.067578,-1.340510,-1.445559
10293.549339,0.005890,0.407743,-0.089930,-0.520519,-0.965715,-1.216773,-1.305692,-1.326849
10293.553338,0.055075,0.071019,-0.454466,-0.798791,-1.140433,-1.271007,-1.184858,-1.085095
10293.557338,0.092119,-0.252772,-0.756877,-1.005971,-1.234039,-1.228346,-0.997379,-0.752187
10293.561338,0.106579,-0.547551,-0.977534,-1.130390,-1.239787,-1.093610,-0.757119,-0.377223
10293.565363,0.093124,-0.790432,-1.109968,-1.165649,-1.154480,-0.878082,-0.474266,-0.009197
10293.569363,0.055785,-0.959287,-1.155470,-1.110765,-0.982362,-0.600779,-0.163248,0.314665
10293.573363,0.006051,-1.041992,-1.116463,-0.972125,-0.737618,-0.287506,0.151705,0.574461
10293.577363,-0.043413,-1.038035,-0.996341,-0.765314,-0.443353,0.030322,0.440088,0.764952
10293.581363,-0.082804,-0.953821,-0.803730,-0.512214,-0.128764,0.320302,0.672997,0.887221
10293.585363,-0.105255,-0.798129,-0.558006,-0.237928,0.174866,0.556161,0.829101,0.943914
10293.589363,-0.104357,-0.584864,-0.288344,0.030137,0.440276,0.719536,0.898460,0.937443
10293.593363,-0.077255,-0.340328,-0.023257,0.266154,0.648096,0.800006,0.884177,0.868237
10293.597363,-0.033567,-0.101476,0.215299,0.452567,0.785320,0.798946,0.799258,0.737656
10293.601363,0.006256,0.098772,0.408969,0.583409,0.843212,0.730019,0.660769,0.554191
10293.605363,0.025633,0.246955,0.544360,0.661215,0.820593,0.612631,0.487845,0.335919
10293.609363,0.021322,0.351667,0.619549,0.689691,0.729100,0.467234,0.302112,0.107576
10293.613363,0.000425,0.430042,0.643237,0.668394,0.590436,0.314394,0.123050,-0.105019
10293.617363,-0.023942,0.489021,0.624490,0.594645,0.426382,0.170253,-0.037825,-0.278850
10293.621363,-0.034295,0.519590,0.565582,0.471437,0.253486,0.042056,-0.174231,-0.396579
10293.625363,-0.016683,0.508560,0.466444,0.314813,0.084834,-0.067758,-0.278516,-0.452096
10293.629363,0.026677,0.452019,0.334812,0.153024,-0.068138,-0.154659,-0.341811,-0.452792
10293.633363,0.074683,0.357819,0.190478,0.015183,-0.194266,-0.213134,-0.359481,-0.413080
10293.637362,0.100774,0.241524,0.057685,-0.083167,-0.281408,-0.242909,-0.335493,-0.346196
10293.641363,0.092025,0.121946,-0.046986,-0.144730,-0.319137,-0.249550,-0.282008,-0.261962
10293.645363,0.056289,0.017203,-0.118652,-0.180282,-0.304808,-0.238551,-0.214265,-0.169266
10293.649363,0.011452,-0.057870,-0.159649,-0.195559,-0.247937,-0.210994,-0.146618,-0.078944
10293.653363,-0.027885,-0.095209,-0.173321,-0.189196,-0.168385,-0.165966,-0.091092,-0.005131
10293.657363,-0.051898,-0.097436,-0.160818,-0.159152,-0.088994,-0.106884,-0.054568,0.037454
10293.661363,-0.053502,-0.075350,-0.123631,-0.107518,-0.026643,-0.044342,-0.037334,0.040320
10293.665363,-0.033945,-0.040315,-0.067509,-0.042840,0.012750,0.006144,-0.035813,0.006169
10293.669363,-0.006398,-0.000504,-0.002117,0.018244,0.030605,0.027832,-0.045835,-0.051665
10293.673363,0.013311,0.037436,0.060526,0.054959,0.028013,0.009121,-0.064074,-0.114686
10293.677363,0.018157,0.066849,0.105636,0.051688,0.002371,-0.049196,-0.089295,-0.167076
10293.681363,0.011355,0.081855,0.116742,0.004342,-0.049602,-0.133755,-0.123049,-0.199678
10293.685363,0.002113,0.076874,0.080234,-0.078784,-0.125690,-0.224680,-0.166605,-0.209395
10293.689362,-0.000136,0.044392,-0.008224,-0.179384,-0.216161,-0.301324,-0.215627,-0.198229
10293.693384,0.006680,-0.023161,-0.139731,-0.275268,-0.308917,-0.345925,-0.257578,-0.169115
10293.697384,0.014017,-0.127374,-0.294504,-0.349901,-0.391370,-0.346380,-0.273357,-0.119604
10293.701384,0.008978,-0.259870,-0.446389,-0.398745,-0.445193,-0.298890,-0.243012,-0.042735
10293.705384,-0.013896,-0.401309,-0.566130,-0.425943,-0.448200,-0.209458,-0.154172,0.066061
10293.709384,-0.046050,-0.523288,-0.627774,-0.433211,-0.385978,-0.092329,-0.008507,0.203380
10293.713384,-0.069861,-0.596299,-0.616573,-0.409874,-0.259030,0.035082,0.177480,0.356087
10293.717384,-0.069933,-0.602673,-0.531547,-0.336277,-0.082056,0.159083,0.376527,0.504788
10293.721384,-0.043295,-0.543834,-0.384005,-0.200688,0.120800,0.275700,0.557653,0.629610
10293.725384,-0.001425,-0.433182,-0.194785,-0.010086,0.325074,0.391430,0.695186,0.713290
10293.729384,0.039496,-0.283211,0.012493,0.215392,0.514034,0.515413,0.775404,0.741302
10293.733385,0.068931,-0.101085,0.221095,0.450818,0.677497,0.647135,0.795239,0.701828
10293.737384,0.081406,0.105763,0.425265,0.668192,0.805364,0.769171,0.755834,0.589047
10293.741384,0.072398,0.324785,0.623724,0.838896,0.885173,0.848626,0.658280,0.406756
10293.745384,0.041598,0.540392,0.808234,0.941034,0.903063,0.847098,0.502785,0.167833
10293.749384,-0.001617,0.735453,0.957746,0.964051,0.847024,0.738593,0.291019,-0.105576
10293.753384,-0.041203,0.891013,1.043939,0.907277,0.714718,0.523473,0.031181,-0.383402
10293.757384,-0.063695,0.990753,1.043113,0.777100,0.516904,0.225551,-0.259457,-0.638043
10293.761384,-0.063436,1.025514,0.945715,0.584131,0.269957,-0.121302,-0.556140,-0.853008
10293.765384,-0.042896,0.990852,0.759438,0.340107,-0.012449,-0.481539,-0.830323,-1.019712
10293.769384,-0.013078,0.881847,0.504076,0.057773,-0.320700,-0.818057,-1.055779,-1.129815
10293.773384,0.011327,0.692000,0.202359,-0.246064,-0.643513,-1.093498,-1.212558,-1.170548
10293.777384,0.023628,0.418435,-0.125324,-0.550465,-0.958468,-1.276801,-1.284370,-1.125923
10293.781384,0.028133,0.072391,-0.462043,-0.834761,-1.229081,-1.350458,-1.256681,-0.984917
10293.785384,0.030728,-0.313928,-0.791190,-1.080120,-1.413601,-1.312938,-1.121323,-0.749792
10293.789384,0.031799,-0.694287,-1.088867,-1.266006,-1.477170,-1.173265,-0.881876,-0.435118
10293.793384,0.028834,-1.023991,-1.322229,-1.368302,-1.399626,-0.944303,-0.554799,-0.060265
10293.797384,0.022083,-1.271691,-1.459202,-1.364628,-1.180851,-0.641761,-0.167135,0.352334
10293.801384,0.014136,-1.422432,-1.480265,-1.244301,-0.843942,-0.285157,0.247131,0.770433
10293.805384,0.005622,-1.472687,-1.381909,-1.012885,-0.429696,0.103219,0.652123,1.148611
10293.809384,-0.004084,-1.423257,-1.170766,-0.686637,0.016583,0.500776,1.017422,1.437581
10293.813384,-0.013079,-1.276675,-0.859507,-0.287046,0.455083,0.884954,1.321036,1.600451
10293.817384,-0.018486,-1.037079,-0.469292,0.157150,0.853859,1.228586,1.543135,1.623052
10293.821430,-0.021630,-0.710985,-0.029456,0.607039,1.187611,1.497815,1.662151,1.512049
10293.825430,-0.027475,-0.311392,0.426633,1.017297,1.437266,1.659311,1.659145,1.286396
10293.829430,-0.038722,0.139964,0.864309,1.347088,1.592555,1.689104,1.521662,0.969360
10293.833430,-0.052250,0.613972,1.250577,1.570654,1.651613,1.576389,1.246570,0.582967
10293.837429,-0.059977,1.072793,1.556121,1.678965,1.611395,1.325925,0.846258,0.147410
10293.841430,-0.052867,1.470281,1.754859,1.672340,1.460296,0.959517,0.353580,-0.313610
10293.845430,-0.027025,1.761371,1.824485,1.552411,1.186454,0.512404,-0.180656,-0.767922
10293.849430,0.010821,1.913187,1.749048,1.320850,0.792852,0.025577,-0.697015,-1.176821
10293.853430,0.044186,1.907790,1.524107,0.982444,0.305847,-0.462043,-1.141170,-1.502640
10293.857430,0.056965,1.739871,1.162971,0.548913,-0.225395,-0.918301,-1.478592,-1.717798
10293.861430,0.045336,1.418298,0.698149,0.045054,-0.742173,-1.315242,-1.699193,-1.809661
10293.865429,0.021101,0.968489,0.175436,-0.487378,-1.196734,-1.622470,-1.806298,-1.775704
10293.869430,0.003093,0.430825,-0.356141,-0.994853,-1.560384,-1.809206,-1.801578,-1.616720
10293.873430,0.002229,-0.142322,-0.852475,-1.424059,-1.814310,-1.856670,-1.680053,-1.336662
10293.877430,0.014300,-0.694061,-1.278358,-1.733793,-1.939624,-1.764664,-1.436406,-0.944395
10293.881430,0.027901,-1.176425,-1.609407,-1.901004,-1.919041,-1.545576,-1.075082,-0.456279
10293.885430,0.035624,-1.558793,-1.830139,-1.919448,-1.744966,-1.217160,-0.617208,0.096862
10293.889430,0.035989,-1.823416,-1.928111,-1.794625,-1.424920,-0.800111,-0.098165,0.665147
10293.893429,0.029548,-1.956090,-1.890786,-1.540026,-0.983303,-0.318226,0.442389,1.187079
10293.897430,0.017455,-1.945646,-1.709357,-1.175683,-0.461018,0.198989,0.964984,1.605303
10293.901430,0.002455,-1.791915,-1.387269,-0.726372,0.090025,0.714787,1.425985,1.879326
10293.905430,-0.010383,-1.507890,-0.945862,-0.221067,0.619814,1.188603,1.777326,1.992106
10293.909430,-0.013725,-1.113409,-0.422930,0.304735,1.091257,1.581266,1.976482,1.950198
10293.913430,-0.002979,-0.633083,0.132682,0.810961,1.478726,1.858760,1.999494,1.774105
10293.917429,0.016073,-0.099255,0.670089,1.260745,1.760243,1.995982,1.848598,1.484658
10293.921429,0.029055,0.448412,1.146627,1.624291,1.915689,1.979357,1.550990,1.097631
10293.925430,0.024574,0.965449,1.531233,1.875715,1.931752,1.805904,1.150276,0.628043
10293.929430,0.002730,1.405944,1.800810,1.990023,1.806348,1.484142,0.692193,0.096833
10293.933430,-0.026481,1.729875,1.937353,1.947891,1.548630,1.039422,0.210177,-0.463918
10293.937430,-0.050979,1.911569,1.930316,1.746596,1.175336,0.514024,-0.276152,-1.008259
10293.941430,-0.064233,1.942895,1.780172,1.404541,0.709002,-0.043536,-0.748468,-1.479462
10293.945429,-0.067990,1.829628,1.497469,0.954375,0.182127,-0.589730,-1.179304,-1.821747
10293.949451,-0.067718,1.585048,1.100466,0.433795,-0.360239,-1.086517,-1.533518,-1.996423
10293.953451,-0.065159,1.227383,0.616966,-0.119062,-0.867400,-1.496244,-1.776283,-1.992620
10293.957451,-0.056138,0.782138,0.087569,-0.665158,-1.294186,-1.783633,-1.881333,-1.826656
10293.961451,-0.035661,0.282338,-0.438885,-1.160572,-1.608257,-1.925495,-1.836799,-1.531487
10293.965452,-0.004892,-0.234798,-0.918167,-1.556479,-1.792210,-1.916064,-1.646738,-1.142977
10293.969451,0.027541,-0.729391,-1.317213,-1.810585,-1.840983,-1.762138,-1.329845,-0.691181
10293.973451,0.051331,-1.161126,-1.609349,-1.902551,-1.756193,-1.478044,-0.915480,-0.200688
10293.977451,0.060420,-1.496467,-1.772621,-1.837827,-1.543122,-1.086612,-0.437422,0.302186
10293.981451,0.055330,-1.715142,-1.797270,-1.637943,-1.214902,-0.619116,0.068468,0.782672
10293.985452,0.042190,-1.807576,-1.691115,-1.329545,-0.799588,-0.111927,0.562951,1.198861
10293.989451,0.027581,-1.766294,-1.474422,-0.940325,-0.338985,0.394329,1.005646,1.511518
10293.993451,0.014114,-1.585070,-1.168042,-0.499232,0.123256,0.855338,1.361309,1.695524
10293.997451,0.001293,-1.269480,-0.786556,-0.035518,0.553033,1.231092,1.604115,1.745075
10294.001451,-0.011668,-0.846788,-0.343691,0.423088,0.928769,1.495793,1.717231,1.668746
10294.005451,-0.023211,-0.365411,0.136695,0.848672,1.237744,1.638166,1.692140,1.478680
10294.009451,-0.028675,0.116410,0.616038,1.209936,1.468717,1.655618,1.530772,1.186064
10294.013451,-0.022916,0.547829,1.046479,1.473668,1.604203,1.551933,1.249387,0.807136
10294.017451,-0.002905,0.898162,1.379871,1.611855,1.619906,1.338185,0.880010,0.368574
10294.021451,0.029480,1.157006,1.577025,1.610626,1.496650,1.032441,0.462271,-0.093790
10294.025451,0.063210,1.326147,1.619292,1.474650,1.236513,0.658855,0.031482,-0.538483
10294.029451,0.080656,1.410886,1.515768,1.224805,0.869188,0.246848,-0.382410,-0.924346
10294.033451,0.069815,1.412392,1.298160,0.892456,0.444572,-0.171538,-0.750087,-1.219083
10294.037451,0.034516,1.324821,1.007754,0.512887,0.015827,-0.564767,-1.045429,-1.403149
10294.041451,-0.007077,1.141962,0.681186,0.119744,-0.376668,-0.902624,-1.250280,-1.467401
10294.045451,-0.035161,0.868068,0.340651,-0.258143,-0.708618,-1.155841,-1.353148,-1.412567
10294.049451,-0.042090,0.522928,-0.004206,-0.596171,-0.965094,-1.299000,-1.346989,-1.250426
10294.053451,-0.033773,0.139865,-0.344680,-0.870659,-1.135916,-1.319115,-1.231854,-0.999894
10294.057451,-0.021044,-0.239383,-0.663122,-1.060089,-1.215724,-1.223233,-1.019046,-0.682406
10294.061451,-0.013328,-0.571952,-0.931157,-1.152975,-1.204266,-1.036458,-0.732433,-0.324375
10294.065451,-0.015628,-0.824756,-1.115359,-1.152398,-1.105914,-0.792024,-0.405682,0.038832
10294.069451,-0.025704,-0.983963,-1.189565,-1.070418,-0.929968,-0.519915,-0.075471,0.368259
10294.073451,-0.035193,-1.053329,-1.147462,-0.920848,-0.691678,-0.238554,0.225514,0.633530
10294.077475,-0.036136,-1.044619,-1.005613,-0.719228,-0.412923,0.043393,0.472287,0.819534
10294.081476,-0.026668,-0.969867,-0.794775,-0.483839,-0.120839,0.313536,0.650766,0.924125
10294.085476,-0.010640,-0.837138,-0.546383,-0.232458,0.156352,0.547732,0.760817,0.953374
10294.089475,0.006713,-0.652033,-0.285816,0.019128,0.393506,0.719490,0.812086,0.917634
10294.093475,0.021095,-0.425201,-0.034173,0.255513,0.571856,0.812297,0.813338,0.826469
10294.097476,0.028191,-0.177319,0.190970,0.462413,0.682157,0.822940,0.767285,0.685874
10294.101476,0.024442,0.063969,0.377820,0.628151,0.725112,0.761046,0.675528,0.502230
10294.105476,0.010029,0.271673,0.520306,0.741174,0.708572,0.645641,0.544125,0.287062
10294.109476,-0.010503,0.426052,0.614346,0.786985,0.643990,0.497074,0.382246,0.058390
10294.113476,-0.029454,0.518618,0.654624,0.751180,0.543444,0.331361,0.200000,-0.158514
10294.117475,-0.037495,0.553463,0.636196,0.630261,0.417590,0.161203,0.010942,-0.335596
10294.121475,-0.027715,0.542533,0.559807,0.444021,0.275794,0.000169,-0.165928,-0.452980
10294.125476,-0.001794,0.496741,0.436621,0.234770,0.129221,-0.134569,-0.308564,-0.504541
10294.129476,0.028148,0.423466,0.288683,0.047959,-0.007308,-0.227026,-0.398338,-0.494683
10294.133476,0.047028,0.331835,0.142141,-0.088114,-0.118935,-0.273010,-0.428224,-0.433554
10294.137476,0.047908,0.234302,0.016809,-0.167236,-0.196698,-0.282228,-0.405235,-0.334744
10294.141476,0.035236,0.141871,-0.079693,-0.198233,-0.239465,-0.268648,-0.345256,-0.215921
10294.145475,0.017948,0.060865,-0.149419,-0.195264,-0.250679,-0.241622,-0.267014,-0.098353
10294.149475,0.002051,-0.006979,-0.193803,-0.170409,-0.234167,-0.204347,-0.186848,-0.001862
10294.153476,-0.009986,-0.061306,-0.205461,-0.130763,-0.193523,-0.157900,-0.114999,0.060860
10294.157476,-0.015715,-0.098795,-0.174966,-0.080702,-0.134953,-0.105284,-0.056730,0.085190
10294.161476,-0.012320,-0.114483,-0.105430,-0.027148,-0.069313,-0.052037,-0.014329,0.071604
10294.165476,-0.001034,-0.105665,-0.016183,0.017305,-0.009922,-0.007780,0.012907,0.024270
10294.169476,0.011591,-0.071700,0.066712,0.037757,0.031803,0.014118,0.025440,-0.047378
10294.173476,0.018289,-0.015755,0.121471,0.025456,0.049063,0.004243,0.019099,-0.128616
10294.177476,0.014806,0.049517,0.136348,-0.016381,0.039128,-0.037054,-0.012145,-0.202840
10294.181476,0.001627,0.103355,0.110306,-0.074549,-0.000159,-0.101965,-0.068421,-0.256200
10294.185476,-0.015327,0.126557,0.049607,-0.133679,-0.070540,-0.178584,-0.139868,-0.281021
10294.189476,-0.027293,0.107094,-0.036737,-0.185456,-0.167580,-0.252260,-0.208860,-0.273754
10294.193475,-0.027357,0.039323,-0.138739,-0.233667,-0.277840,-0.307954,-0.255081,-0.229862
10294.197475,-0.014755,-0.075010,-0.244726,-0.290762,-0.382496,-0.331737,-0.261463,-0.146228
10294.201476,0.002595,-0.224064,-0.342492,-0.364606,-0.461092,-0.311313,-0.220679,-0.028069
10294.205293,0.011778,-0.385838,-0.423974,-0.442159,-0.493410,-0.241147,-0.136618,0.112564
10294.209293,0.004666,-0.530865,-0.485630,-0.488325,-0.463800,-0.127158,-0.017771,0.264453
10294.213292,-0.016790,-0.628529,-0.519525,-0.466526,-0.367494,0.017299,0.129013,0.418663
10294.217293,-0.044061,-0.656308,-0.508116,-0.361874,-0.211420,0.177554,0.295718,0.563667
10294.221293,-0.066456,-0.606826,-0.434557,-0.186835,-0.007748,0.339649,0.466728,0.683013
10294.225292,-0.073232,-0.488757,-0.296502,0.030163,0.229957,0.490358,0.619180,0.757128
10294.229292,-0.057825,-0.321927,-0.107257,0.258864,0.482175,0.615839,0.729605,0.769081
10294.233293,-0.023763,-0.127577,0.112191,0.474582,0.719408,0.702973,0.780334,0.711731
10294.237293,0.016207,0.081256,0.339903,0.660186,0.907072,0.744570,0.761767,0.587980
10294.241293,0.050691,0.298482,0.556457,0.805533,1.015660,0.740008,0.671690,0.405422
10294.245293,0.076710,0.515341,0.745322,0.904202,1.029455,0.688915,0.513895,0.172429
10294.249293,0.094814,0.718326,0.890075,0.949080,0.949402,0.585595,0.296102,-0.100684
10294.253292,0.103324,0.894193,0.974092,0.930552,0.787494,0.420819,0.030222,-0.395039
10294.257292,0.098970,1.028838,0.985725,0.838381,0.557546,0.189884,-0.264219,-0.680416
10294.261293,0.079946,1.101378,0.920636,0.666295,0.272470,-0.098680,-0.559491,-0.924554
10294.265293,0.049076,1.085407,0.776527,0.417665,-0.051151,-0.418638,-0.824324,-1.105157
10294.269293,0.014708,0.960855,0.552241,0.109224,-0.390355,-0.731254,-1.031510,-1.209718
10294.273293,-0.014333,0.726832,0.257524,-0.230432,-0.718171,-0.998538,-1.164876,-1.226933
10294.277293,-0.035342,0.404839,-0.082519,-0.568154,-1.006586,-1.192884,-1.218876,-1.146173
10294.281292,-0.050746,0.032916,-0.435370,-0.873647,-1.229781,-1.296821,-1.190246,-0.965810
10294.285293,-0.062209,-0.345721,-0.767801,-1.123203,-1.366819,-1.297638,-1.073299,-0.697252
10294.289293,-0.068551,-0.696680,-1.048121,-1.301430,-1.401054,-1.186790,-0.864943,-0.360682
10294.293293,-0.068248,-1.000740,-1.251021,-1.398175,-1.321637,-0.968209,-0.571116,0.019835
10294.297293,-0.062520,-1.247170,-1.362285,-1.400933,-1.129908,-0.663164,-0.207373,0.416318
10294.301293,-0.054967,-1.423129,-1.377162,-1.294338,-0.842102,-0.301398,0.203576,0.796845
10294.305292,-0.048116,-1.508798,-1.294473,-1.071401,-0.483896,0.090114,0.631652,1.130042
10294.309292,-0.040435,-1.481650,-1.114105,-0.743433,-0.083173,0.488297,1.037232,1.388877
10294.313293,-0.027071,-1.328761,-0.840051,-0.337305,0.334083,0.869819,1.373973,1.550459
10294.317293,-0.005715,-1.056247,-0.483866,0.114397,0.744404,1.209179,1.599745,1.596094
10294.321293,0.019145,-0.685001,-0.066818,0.577144,1.122113,1.477365,1.688785,1.514196
10294.325293,0.039846,-0.243077,0.378415,1.011216,1.433522,1.642167,1.635966,1.304840
10294.329293,0.051470,0.233277,0.810631,1.374832,1.642093,1.675661,1.452000,0.983424
10294.333318,0.053339,0.700521,1.188835,1.633978,1.721523,1.565403,1.154968,0.578123
10294.337317,0.046958,1.117802,1.480003,1.767046,1.660930,1.320823,0.765461,0.121377
10294.341318,0.034863,1.453891,1.660925,1.764452,1.462692,0.970088,0.308047,-0.353421
10294.345317,0.020477,1.685207,1.717054,1.627154,1.142485,0.547509,-0.186231,-0.809137
10294.349317,0.006811,1.793039,1.642945,1.364967,0.729618,0.081623,-0.680202,-1.208153
10294.353317,-0.003136,1.765830,1.442921,0.995131,0.262598,-0.404306,-1.131728,-1.519891
10294.357317,-0.004524,1.604024,1.129075,0.540380,-0.219380,-0.882864,-1.496821,-1.722836
10294.361317,0.005757,1.320327,0.720043,0.030434,-0.683539,-1.316383,-1.738321,-1.802739
10294.365317,0.022207,0.934603,0.243646,-0.494225,-1.104270,-1.661237,-1.836064,-1.751612
10294.369317,0.032003,0.471109,-0.262032,-0.986287,-1.459554,-1.878955,-1.791268,-1.567910
10294.373317,0.025688,-0.040518,-0.753643,-1.402108,-1.727431,-1.944186,-1.622665,-1.258152
10294.377317,0.004846,-0.564095,-1.190034,-1.707986,-1.883360,-1.848258,-1.354834,-0.840529
10294.381317,-0.021735,-1.057141,-1.538636,-1.881626,-1.900315,-1.602043,-1.005744,-0.348216
10294.385317,-0.044914,-1.474943,-1.778073,-1.913823,-1.756274,-1.234014,-0.584695,0.172993
10294.389317,-0.055096,-1.777804,-1.893642,-1.809026,-1.450042,-0.781010,-0.101468,0.674873
10294.393317,-0.043080,-1.938483,-1.872189,-1.581724,-1.013249,-0.277753,0.422213,1.119286
10294.397317,-0.008288,-1.946024,-1.705469,-1.248973,-0.500892,0.246843,0.946041,1.483770
10294.401317,0.036059,-1.802953,-1.398538,-0.825082,0.032467,0.764583,1.413365,1.755330
10294.405318,0.068477,-1.521205,-0.974414,-0.325015,0.545834,1.241694,1.765813,1.918960
10294.409317,0.071248,-1.122066,-0.469958,0.226474,1.010778,1.637990,1.965174,1.952496
10294.413317,0.040547,-0.637108,0.073159,0.787575,1.407154,1.913135,2.003796,1.832480
10294.417317,-0.013245,-0.105299,0.613024,1.301681,1.716262,2.037938,1.892606,1.548282
10294.421317,-0.072240,0.432824,1.107987,1.711696,1.914246,2.001597,1.642972,1.115482
10294.425317,-0.116403,0.936561,1.519098,1.974049,1.974951,1.809907,1.265163,0.577580
10294.429317,-0.129612,1.363763,1.814345,2.063694,1.879970,1.479600,0.780810,-0.006134
10294.433318,-0.107847,1.677484,1.970923,1.976488,1.626709,1.034842,0.228859,-0.575628
10294.437317,-0.061285,1.856721,1.974487,1.729485,1.233868,0.508087,-0.340314,-1.078360
10294.441317,-0.007382,1.898387,1.819462,1.354803,0.742562,-0.059377,-0.873326,-1.474249
10294.445317,0.038408,1.808618,1.512335,0.891035,0.205327,-0.621502,-1.321648,-1.740707
10294.449317,0.068697,1.592504,1.076813,0.376575,-0.332357,-1.132073,-1.649248,-1.871978
10294.453317,0.084483,1.254804,0.558020,-0.152972,-0.840106,-1.546958,-1.837666,-1.870698
10294.457317,0.090190,0.811451,0.016725,-0.663751,-1.291956,-1.827763,-1.886003,-1.739977
10294.461338,0.089086,0.296640,-0.489851,-1.122298,-1.653036,-1.950231,-1.805376,-1.486255
10294.465338,0.081280,-0.240610,-0.926241,-1.493862,-1.882936,-1.913083,-1.610960,-1.129266
10294.469339,0.064130,-0.746958,-1.279569,-1.744416,-1.950863,-1.737211,-1.315042,-0.701707
10294.473338,0.037102,-1.178329,-1.545970,-1.850089,-1.847285,-1.451967,-0.926019,-0.236083
10294.477338,0.005631,-1.504924,-1.718677,-1.804771,-1.587112,-1.080847,-0.457703,0.242249
10294.481338,-0.021190,-1.706557,-1.784281,-1.620027,-1.205731,-0.643020,0.059219,0.708558
10294.485339,-0.036292,-1.772612,-1.724529,-1.321155,-0.749929,-0.164772,0.576317,1.131350
10294.489338,-0.040052,-1.704564,-1.525729,-0.940535,-0.265543,0.320343,1.038713,1.473330
10294.493338,-0.039619,-1.510763,-1.193409,-0.510299,0.212548,0.779975,1.399977,1.699222
10294.497338,-0.041040,-1.203136,-0.758922,-0.058589,0.658775,1.183328,1.631328,1.783856
10294.501338,-0.043604,-0.803991,-0.271175,0.389538,1.046533,1.497630,1.723605,1.716229
10294.505338,-0.042401,-0.350280,0.218406,0.807845,1.344627,1.691515,1.682941,1.503055
10294.509339,-0.033985,0.112343,0.666834,1.166518,1.525692,1.742887,1.521708,1.171185
10294.513338,-0.017928,0.538586,1.043284,1.435035,1.577127,1.646231,1.253100,0.760820
10294.517338,0.004425,0.891634,1.327682,1.586543,1.505024,1.415484,0.894194,0.313848
10294.521338,0.028872,1.150373,1.506901,1.603256,1.328533,1.079937,0.472280,-0.130861
10294.525338,0.046893,1.311462,1.571717,1.483340,1.070882,0.677822,0.026020,-0.537436
10294.529338,0.048738,1.382283,1.516458,1.243608,0.754519,0.250656,-0.401191,-0.878017
10294.533338,0.030049,1.370196,1.343032,0.915133,0.399014,-0.164045,-0.768993,-1.139580
10294.537339,-0.003460,1.276135,1.067649,0.535151,0.021786,-0.538233,-1.046257,-1.318249
10294.541338,-0.037067,1.095991,0.720628,0.140064,-0.354380,-0.851682,-1.216693,-1.405613
10294.545338,-0.054222,0.830202,0.337190,-0.238313,-0.696488,-1.088053,-1.279753,-1.388621
10294.549338,-0.046368,0.494262,-0.049667,-0.574992,-0.968804,-1.235795,-1.246608,-1.261108
10294.553338,-0.018835,0.120100,-0.410576,-0.852256,-1.143504,-1.290245,-1.134599,-1.029944
10294.557338,0.011850,-0.251473,-0.720106,-1.056465,-1.206437,-1.251933,-0.962036,-0.716077
10294.561339,0.028524,-0.579732,-0.957484,-1.175294,-1.159988,-1.124777,-0.745088,-0.354554
10294.565339,0.025601,-0.831752,-1.109237,-1.199634,-1.021666,-0.916299,-0.496085,0.010668
10294.569338,0.011713,-0.989276,-1.171623,-1.126975,-0.817440,-0.639907,-0.223881,0.337601
10294.573338,-0.000995,-1.050844,-1.146082,-0.963238,-0.574929,-0.319643,0.061186,0.597989
10294.577338,-0.007817,-1.027732,-1.033477,-0.725184,-0.320790,0.008952,0.341770,0.783007
10294.581338,-0.010520,-0.937810,-0.838683,-0.443317,-0.078478,0.306336,0.592826,0.896044
10294.585339,-0.009119,-0.798853,-0.578959,-0.156663,0.137720,0.540387,0.785644,0.939959
10294.589363,0.000242,-0.622643,-0.286092,0.102406,0.324539,0.694860,0.896626,0.915676
10294.593363,0.018567,-0.415683,-0.001007,0.318116,0.482757,0.769845,0.916629,0.828628
10294.597362,0.038437,-0.186311,0.240772,0.486440,0.609271,0.774760,0.852801,0.687794
10294.601363,0.047032,0.049385,0.422344,0.605444,0.694247,0.720920,0.723320,0.501776
10294.605363,0.036302,0.266584,0.542939,0.671399,0.724450,0.621055,0.550518,0.282310
10294.609363,0.010332,0.438126,0.607143,0.680339,0.690637,0.492378,0.356315,0.050840
10294.613363,-0.017663,0.547062,0.619654,0.632981,0.593433,0.354020,0.161211,-0.161632
10294.617363,-0.034044,0.592264,0.585871,0.538896,0.444312,0.221565,-0.016587,-0.324524
10294.621362,-0.032018,0.581461,0.514091,0.413360,0.263691,0.103868,-0.164931,-0.419920
10294.625362,-0.014835,0.524250,0.417206,0.270774,0.078747,0.001004,-0.279971,-0.447796
10294.629363,0.006335,0.431890,0.309734,0.124585,-0.081329,-0.092336,-0.361199,-0.422351
10294.633363,0.019433,0.318367,0.201592,-0.008882,-0.193855,-0.176616,-0.405249,-0.363414
10294.637363,0.018618,0.198767,0.098420,-0.113286,-0.250905,-0.242823,-0.407225,-0.289057
10294.641363,0.005257,0.086478,0.007040,-0.179924,-0.262373,-0.279645,-0.366286,-0.212246
10294.645363,-0.015772,-0.007080,-0.063616,-0.208294,-0.248642,-0.281027,-0.288691,-0.140223
10294.649362,-0.037756,-0.071494,-0.106104,-0.199844,-0.224995,-0.247786,-0.188822,-0.075655
10294.653363,-0.051375,-0.099192,-0.118300,-0.156542,-0.191703,-0.188547,-0.089512,-0.019966
10294.657363,-0.047480,-0.089042,-0.104426,-0.085994,-0.138941,-0.119717,-0.015694,0.022754
10294.661363,-0.024447,-0.049134,-0.073870,-0.004546,-0.060777,-0.059933,0.018557,0.044257
10294.665363,0.009519,0.003598,-0.039167,0.065979,0.032354,-0.021363,0.015674,0.034976
10294.669363,0.042114,0.050077,-0.011047,0.105335,0.110930,-0.007030,-0.012378,-0.009078
10294.673363,0.061773,0.078499,0.004920,0.101170,0.139558,-0.016452,-0.052369,-0.080437
10294.677362,0.059907,0.087135,0.006063,0.052522,0.099479,-0.049864,-0.093208,-0.161050
10294.681363,0.033949,0.079274,-0.010198,-0.029368,0.000059,-0.106996,-0.129541,-0.228897
10294.685363,-0.009165,0.056693,-0.046993,-0.126061,-0.128935,-0.184514,-0.164288,-0.264074
10294.689363,-0.052332,0.016327,-0.106104,-0.222225,-0.254175,-0.271826,-0.202507,-0.253461
10294.693363,-0.075994,-0.048529,-0.185389,-0.310064,-0.353616,-0.347923,-0.240143,-0.196221
10294.697363,-0.070195,-0.143739,-0.278725,-0.384678,-0.420432,-0.387407,-0.259622,-0.103737
10294.701363,-0.038933,-0.268204,-0.375739,-0.440223,-0.453857,-0.372848,-0.236542,0.008029
10294.705362,0.004805,-0.407947,-0.461003,-0.470498,-0.449278,-0.300474,-0.152287,0.124985
10294.709363,0.046133,-0.536338,-0.517235,-0.469581,-0.398934,-0.176353,-0.005983,0.237991
10294.713363,0.073265,-0.624352,-0.530237,-0.430719,-0.298084,-0.011849,0.181903,0.345305
10294.717406,0.079648,-0.651628,-0.489841,-0.346529,-0.147345,0.178003,0.379375,0.452085
10294.721405,0.064290,-0.609363,-0.390486,-0.212670,0.046385,0.375574,0.556548,0.561556
10294.725405,0.031722,-0.499165,-0.235764,-0.032587,0.266985,0.561092,0.691596,0.662502
10294.729405,-0.008682,-0.330407,-0.038133,0.181008,0.489344,0.713788,0.771406,0.729385
10294.733405,-0.044713,-0.115991,0.188130,0.409075,0.684578,0.816293,0.790381,0.734221
10294.737406,-0.064492,0.127528,0.427639,0.629126,0.827369,0.857471,0.746627,0.655895
10294.741406,-0.060216,0.376124,0.658800,0.815925,0.903192,0.829928,0.638608,0.486761
10294.745405,-0.032628,0.601711,0.855083,0.944774,0.910160,0.729719,0.466665,0.236916
10294.749405,0.006135,0.783499,0.992100,0.998808,0.853522,0.561080,0.238425,-0.068471
10294.753405,0.037573,0.913622,1.052496,0.972302,0.738255,0.337744,-0.028973,-0.394614
10294.757405,0.048399,0.991768,1.028287,0.866336,0.565249,0.077706,-0.312728,-0.703019
10294.761405,0.037919,1.018092,0.921551,0.684826,0.333286,-0.201388,-0.588731,-0.958399
10294.765406,0.015514,0.989415,0.740534,0.435641,0.045529,-0.480155,-0.834181,-1.133537
10294.769406,-0.007158,0.896922,0.496076,0.133486,-0.283531,-0.735580,-1.028985,-1.212984
10294.773405,-0.022489,0.727367,0.202398,-0.198934,-0.626550,-0.947530,-1.155298,-1.195057
10294.777405,-0.028743,0.470887,-0.123989,-0.533732,-0.949388,-1.105287,-1.199631,-1.088028
10294.781405,-0.028113,0.132933,-0.466686,-0.842835,-1.217894,-1.204045,-1.157111,-0.903409
10294.785405,-0.023063,-0.259014,-0.806457,-1.101428,-1.399772,-1.236392,-1.028803,-0.653208
10294.789406,-0.013492,-0.661367,-1.115936,-1.289691,-1.466804,-1.187913,-0.814961,-0.350562
10294.793405,0.000743,-1.027579,-1.360061,-1.390997,-1.401636,-1.039737,-0.518148,-0.009016
10294.797405,0.014929,-1.317204,-1.503914,-1.388709,-1.203723,-0.778428,-0.154230,0.356319
10294.801405,0.021578,-1.499295,-1.522800,-1.271829,-0.891103,-0.410718,0.244989,0.723681
10294.805405,0.017361,-1.556503,-1.409081,-1.045882,-0.497975,0.028061,0.640891,1.062630
10294.809405,0.005486,-1.488562,-1.173167,-0.731167,-0.066317,0.482719,0.998508,1.338151
10294.813406,-0.007470,-1.307843,-0.838293,-0.350201,0.365432,0.899070,1.289656,1.518434
10294.817406,-0.014521,-1.029263,-0.433480,0.076435,0.770027,1.239959,1.490063,1.582483
10294.821405,-0.010443,-0.667222,0.010576,0.523781,1.130141,1.486212,1.580540,1.522330
10294.825405,0.003886,-0.243423,0.463253,0.956767,1.428970,1.626997,1.552568,1.340301
10294.829405,0.019698,0.210450,0.894192,1.331082,1.643382,1.652053,1.407595,1.046296
10294.833405,0.025535,0.661633,1.272859,1.603653,1.746214,1.553761,1.151910,0.657781
10294.837405,0.014998,1.081286,1.569569,1.745868,1.714336,1.333667,0.797491,0.203159
10294.841406,-0.008649,1.441291,1.757800,1.746810,1.538210,1.005191,0.366063,-0.278043
10294.845430,-0.034337,1.710807,1.816944,1.608243,1.226756,0.592127,-0.110604,-0.744634
10294.849429,-0.050425,1.857439,1.734867,1.340941,0.805520,0.124283,-0.593132,-1.163195
10294.853430,-0.050896,1.854897,1.510910,0.964739,0.312066,-0.367308,-1.039938,-1.507046
10294.857430,0.113940,1.692371,1.159845,0.509517,-0.211543,-0.850184,-1.413935,-1.749920
10294.861430,1.161725,1.380294,0.711614,0.011472,-0.725894,-1.286072,-1.684126,-1.865225
10294.865430,4.359294,0.949320,0.203920,-0.494518,-1.194279,-1.632920,-1.825848,-1.834121
10294.869430,10.203750,0.440673,-0.323831,-0.975262,-1.580254,-1.855145,-1.826428,-1.653352
10294.873429,16.722345,-0.104272,-0.830582,-1.394410,-1.849430,-1.930259,-1.689565,-1.335275
10294.877430,19.380478,-0.646060,-1.275326,-1.715354,-1.974056,-1.849628,-1.430383,-0.904787
10294.881430,13.250405,-1.143672,-1.623222,-1.908327,-1.939032,-1.619929,-1.066797,-0.397174
10294.885430,-3.790564,-1.554797,-1.850030,-1.952676,-1.746881,-1.263374,-0.617258,0.146182
10294.889430,-28.817759,-1.842809,-1.941473,-1.837947,-1.417530,-0.811676,-0.105752,0.683108
10294.893430,-54.010246,-1.983877,-1.890902,-1.569063,-0.983672,-0.298077,0.432670,1.172626
10294.897430,-69.316208,-1.969112,-1.701266,-1.170384,-0.483270,0.244501,0.951592,1.575098
10294.901429,-66.394035,-1.802696,-1.388415,-0.681536,0.046816,0.780835,1.399759,1.854910
10294.905430,-42.201347,-1.499077,-0.976832,-0.147222,0.570605,1.271759,1.733286,1.986579
10294.909430,-1.244870,-1.082331,-0.491390,0.391820,1.051363,1.674392,1.926410,1.959195
10294.913430,44.722233,-0.586005,0.043134,0.900850,1.455712,1.946138,1.971617,1.776068
10294.917430,80.834816,-0.050648,0.593743,1.346689,1.758118,2.053954,1.871585,1.454181
10294.921430,95.613373,0.479974,1.113695,1.694809,1.939298,1.983350,1.633209,1.024472
10294.925430,85.888557,0.964742,1.549050,1.912867,1.982696,1.741575,1.269145,0.527571
10294.929429,57.438099,1.371687,1.852614,1.978104,1.875124,1.357225,0.802521,0.005426
10294.933430,21.550203,1.679022,1.995257,1.885027,1.614306,0.876325,0.267982,-0.504889
10294.937430,-10.227092,1.870225,1.970573,1.647292,1.219057,0.351276,-0.289369,-0.972936
10294.941430,-30.460833,1.929810,1.793127,1.289688,0.728599,-0.172543,-0.817302,-1.373054
10294.945430,-37.602695,1.845307,1.490991,0.840858,0.188949,-0.662371,-1.267340,-1.680721
10294.949430,-34.974751,1.615251,1.095193,0.333916,-0.357152,-1.094363,-1.606451,-1.871297
10294.953430,-28.065781,1.256288,0.633239,-0.193523,-0.869749,-1.447480,-1.818123,-1.922863
10294.957429,-21.701704,0.801986,0.130802,-0.702719,-1.310969,-1.699488,-1.895304,-1.822625
10294.961430,-18.307606,0.294909,-0.383173,-1.155762,-1.648123,-1.826793,-1.834295,-1.573213
10294.965430,-17.694492,-0.221411,-0.873123,-1.515820,-1.855023,-1.810902,-1.634718,-1.194306
10294.969430,-18.041126,-0.708256,-1.297370,-1.751230,-1.914044,-1.650632,-1.306867,-0.722449
10294.973451,-17.312084,-1.135513,-1.614272,-1.844178,-1.822631,-1.368432,-0.878553,-0.207724
10294.977451,-14.361643,-1.481646,-1.792754,-1.793797,-1.595389,-1.000476,-0.390559,0.298767
10294.981451,-9.316082,-1.726527,-1.821845,-1.611221,-1.256716,-0.579607,0.113955,0.758563
10294.985451,-3.264029,-1.843484,-1.711510,-1.315968,-0.832850,-0.127977,0.594749,1.148535
10294.989451,2.417359,-1.806036,-1.482284,-0.934287,-0.351244,0.336119,1.016389,1.453710
10294.993451,6.702415,-1.607789,-1.155346,-0.495099,0.154396,0.786246,1.350018,1.658507
10294.997451,9.242720,-1.272934,-0.752630,-0.028470,0.641940,1.182668,1.572603,1.744358
10295.001451,10.314513,-0.846429,-0.300121,0.431864,1.067054,1.479139,1.666745,1.696443
10295.005450,10.516474,-0.377322,0.171129,0.850714,1.393058,1.637384,1.624665,1.511980
10295.009450,10.420754,0.090759,0.623996,1.197895,1.596909,1.641032,1.452995,1.202932
10295.013451,10.337911,0.522417,1.017653,1.449480,1.669474,1.502260,1.174007,0.796262
10295.017451,10.263999,0.890918,1.316151,1.585748,1.612902,1.256068,0.821251,0.332728
10295.021451,9.989183,1.177237,1.495344,1.593392,1.438523,0.943016,0.431673,-0.138671
10295.025451,9.279619,1.368651,1.544886,1.470791,1.165197,0.593406,0.038809,-0.569146
10295.029451,8.026350,1.456328,1.469545,1.231788,0.816468,0.226766,-0.331701,-0.919820
10295.033450,6.299624,1.433829,1.287430,0.905949,0.418857,-0.138383,-0.662450,-1.168296
10295.037451,4.308914,1.301929,1.023371,0.532568,0.002597,-0.480915,-0.939211,-1.308003
10295.041451,2.307899,1.075687,0.702848,0.149142,-0.398809,-0.781668,-1.148175,-1.343513
10295.045451,0.499546,0.783039,0.350582,-0.216337,-0.751861,-1.024715,-1.278031,-1.286057
10295.049451,-1.015610,0.454792,-0.008269,-0.543140,-1.027120,-1.193438,-1.318343,-1.150623
10295.053451,-2.236134,0.117304,-0.349263,-0.812805,-1.203319,-1.269947,-1.257880,-0.952521
10295.057451,-3.214962,-0.206389,-0.651095,-1.010323,-1.271460,-1.240417,-1.091656,-0.703214
10295.061450,-4.004423,-0.494436,-0.895328,-1.129101,-1.235718,-1.104267,-0.828600,-0.411152
10295.065451,-4.622689,-0.729024,-1.065280,-1.170117,-1.109672,-0.880520,-0.493242,-0.090061
10295.069451,-5.051717,-0.900199,-1.145911,-1.132984,-0.912240,-0.601000,-0.125777,0.233340
10295.073451,-5.258076,-1.003987,-1.126721,-1.011386,-0.665974,-0.297305,0.223452,0.523036
10295.077451,-5.220010,-1.035415,-1.009740,-0.804170,-0.394581,0.003751,0.510170,0.748070
10295.081451,-4.944432,-0.988184,-0.813924,-0.531013,-0.119000,0.278511,0.711468,0.893238
10295.085451,-4.466657,-0.864848,-0.569499,-0.231279,0.144088,0.506150,0.826601,0.956790
10295.089450,-3.836900,-0.682341,-0.308465,0.053862,0.380240,0.671397,0.866466,0.941875
10295.093451,-3.105020,-0.463904,-0.056604,0.296616,0.573943,0.768686,0.843831,0.852775
10295.097451,-2.313422,-0.227961,0.169806,0.484826,0.708192,0.802643,0.769724,0.698397
10295.101271,-1.500138,0.012804,0.361568,0.616530,0.771338,0.782789,0.653426,0.496895
10295.105272,-0.703335,0.242331,0.513000,0.693202,0.764781,0.716236,0.503698,0.274778
10295.109271,0.042328,0.435441,0.618236,0.715464,0.700694,0.604478,0.330966,0.060157
10295.113271,0.710821,0.565309,0.667394,0.683835,0.593480,0.448563,0.149506,-0.124644
10295.117271,1.283581,0.617073,0.651275,0.601729,0.454921,0.258325,-0.022458,-0.266030
10295.121271,1.749184,0.594168,0.572823,0.476001,0.295652,0.055729,-0.167685,-0.358371
10295.125272,2.104237,0.515422,0.447606,0.316138,0.130158,-0.130571,-0.277571,-0.404496
10295.129272,2.347734,0.408225,0.295075,0.136325,-0.021921,-0.272810,-0.352496,-0.415798
10295.133271,2.476497,0.297741,0.136996,-0.040394,-0.142168,-0.350476,-0.393365,-0.405631
10295.137271,2.491077,0.196186,-0.002467,-0.183821,-0.220287,-0.358277,-0.397126,-0.379530
10295.141271,2.401310,0.103244,-0.104669,-0.268065,-0.255196,-0.310714,-0.361906,-0.332754
10295.145271,2.222269,0.017179,-0.162084,-0.282953,-0.253573,-0.234146,-0.292831,-0.257979
10295.149272,1.969515,-0.056525,-0.174296,-0.236317,-0.227778,-0.152460,-0.202176,-0.157106
10295.153272,1.658015,-0.106105,-0.144573,-0.150582,-0.191105,-0.080724,-0.105592,-0.047547
10295.157272,1.302482,-0.120505,-0.083796,-0.056891,-0.152161,-0.028018,-0.017973,0.044363
10295.161271,0.921302,-0.097219,-0.012567,0.015540,-0.113176,-0.000768,0.047683,0.096792
10295.165271,0.537740,-0.045376,0.046390,0.051887,-0.073953,-0.002680,0.078994,0.099635
10295.169271,0.172911,0.019174,0.079532,0.056497,-0.036484,-0.031965,0.066072,0.056351
10295.173271,-0.160290,0.080978,0.086641,0.045480,-0.005460,-0.080183,0.009721,-0.015475
10295.177272,-0.455744,0.128247,0.074093,0.032332,0.011615,-0.137431,-0.073449,-0.091048
10295.181272,-0.709051,0.152575,0.045681,0.016354,0.002159,-0.197617,-0.159709,-0.150565
10295.185272,-0.915032,0.146980,-0.000272,-0.016976,-0.048083,-0.254794,-0.231228,-0.185212
10295.189271,-1.070091,0.103575,-0.069743,-0.083818,-0.141917,-0.298229,-0.279349,-0.194346
10295.193271,-1.173671,0.014018,-0.168811,-0.188567,-0.260990,-0.316849,-0.300308,-0.178997
10295.197272,-1.224323,-0.123515,-0.293774,-0.317011,-0.371853,-0.305666,-0.290464,-0.137696
10295.201272,-1.217426,-0.294925,-0.423519,-0.437950,-0.441303,-0.265653,-0.243157,-0.066121
10295.205272,-1.148889,-0.468450,-0.525948,-0.515468,-0.448765,-0.198913,-0.150354,0.040266
10295.209271,-1.019563,-0.605130,-0.574373,-0.526682,-0.390010,-0.103711,-0.010127,0.178402
10295.213271,-0.839607,-0.676843,-0.558268,-0.469396,-0.272659,0.023013,0.167289,0.331824
10295.217271,-0.630683,-0.677226,-0.482093,-0.355102,-0.109961,0.177651,0.360313,0.478035
10295.221271,-0.419849,-0.615183,-0.357703,-0.199608,0.082999,0.347719,0.542542,0.599112
10295.225272,-0.229899,-0.501564,-0.196271,-0.017200,0.291687,0.515569,0.690584,0.681695
10295.229292,-0.073493,-0.343193,-0.005817,0.182463,0.500941,0.662703,0.788680,0.712499
10295.233292,0.048454,-0.145090,0.202661,0.391653,0.689621,0.772298,0.829361,0.678630
10295.237292,0.144414,0.086172,0.410898,0.598326,0.830231,0.829225,0.809099,0.571947
10295.241292,0.226590,0.341603,0.601037,0.782005,0.898471,0.820734,0.720772,0.393784
10295.245293,0.304346,0.605622,0.763356,0.916307,0.883793,0.739946,0.553895,0.157383
10295.249293,0.379077,0.850608,0.890283,0.979665,0.792231,0.588317,0.306655,-0.114240
10295.253292,0.442957,1.041468,0.966935,0.963366,0.640534,0.373912,-0.002268,-0.393456
10295.257292,0.485108,1.147559,0.972638,0.867157,0.445881,0.109404,-0.334997,-0.651411
10295.261292,0.501697,1.152996,0.892806,0.691031,0.218552,-0.187069,-0.648955,-0.863260
10295.265293,0.497329,1.060347,0.730289,0.436608,-0.037669,-0.492548,-0.911533,-1.017364
10295.269293,0.477112,0.884170,0.503677,0.116323,-0.318776,-0.782840,-1.103601,-1.113850
10295.273293,0.443052,0.640593,0.233907,-0.242653,-0.612694,-1.033474,-1.215695,-1.148844
10295.277293,0.395865,0.341892,-0.065193,-0.603203,-0.894945,-1.219118,-1.245517,-1.106578
10295.281292,0.333644,-0.002482,-0.384268,-0.926107,-1.130401,-1.317078,-1.195711,-0.970335
10295.285292,0.252973,-0.378643,-0.709232,-1.178349,-1.282427,-1.311689,-1.067480,-0.735839
10295.289292,0.156036,-0.759376,-1.014264,-1.338904,-1.326110,-1.196212,-0.856382,-0.413186
10295.293293,0.051505,-1.104412,-1.263980,-1.399439,-1.256308,-0.974443,-0.558069,-0.023790
10295.297293,-0.050840,-1.371159,-1.423963,-1.359343,-1.085786,-0.662283,-0.178953,0.399059
10295.301293,-0.140785,-1.526111,-1.469483,-1.218084,-0.835989,-0.286734,0.255913,0.811685
10295.305293,-0.206341,-1.553079,-1.388486,-0.975819,-0.524019,0.120052,0.701796,1.168623
10295.309292,-0.237118,-1.455182,-1.183966,-0.643201,-0.155879,0.528661,1.103257,1.431777
10295.313292,-0.230746,-1.246820,-0.874406,-0.245456,0.262280,0.914326,1.410015,1.576187
10295.317292,-0.197539,-0.946104,-0.488183,0.184282,0.704772,1.251181,1.590897,1.593376
10295.321293,-0.159070,-0.575788,-0.056042,0.613210,1.122563,1.508785,1.638367,1.489355
10295.325293,-0.138639,-0.162701,0.391919,1.012517,1.459114,1.658270,1.562049,1.277383
10295.329293,-0.147357,0.268818,0.824790,1.355444,1.669550,1.680127,1.376831,0.972059
10295.333293,-0.176154,0.698352,1.210815,1.612352,1.730979,1.566928,1.096036,0.589454
10295.337292,-0.202713,1.102194,1.520495,1.750663,1.644181,1.324504,0.734429,0.151283
10295.341292,-0.207470,1.448935,1.727869,1.744184,1.428448,0.971877,0.311791,-0.314075
10295.345292,-0.182939,1.704198,1.807872,1.585327,1.110166,0.538410,-0.147086,-0.774797
10295.349293,-0.132982,1.838088,1.738250,1.289349,0.714796,0.059555,-0.609516,-1.196498
10295.353293,-0.069009,1.829254,1.512454,0.888111,0.268593,-0.426822,-1.035688,-1.541228
10295.357318,-0.005342,1.667847,1.150232,0.420189,-0.199996,-0.884619,-1.388924,-1.771220
10295.361318,0.045510,1.360377,0.692503,-0.076605,-0.663585,-1.285389,-1.642834,-1.858391
10295.365317,0.075962,0.932355,0.188120,-0.568601,-1.095974,-1.608014,-1.779604,-1.793707
10295.369317,0.084815,0.424808,-0.316383,-1.024244,-1.467845,-1.829933,-1.788352,-1.588284
10295.373317,0.077373,-0.114776,-0.783137,-1.409771,-1.745623,-1.924116,-1.667634,-1.266054
10295.377317,0.064603,-0.642398,-1.187802,-1.691702,-1.898390,-1.868999,-1.426258,-0.855096
10295.381317,0.058613,-1.120887,-1.519840,-1.846604,-1.906155,-1.660208,-1.079267,-0.382518
10295.385318,0.064226,-1.516859,-1.771854,-1.867216,-1.761783,-1.311802,-0.644612,0.123779
10295.389317,0.076436,-1.800274,-1.924752,-1.758531,-1.472279,-0.849542,-0.144721,0.631585
10295.393317,0.088209,-1.950266,-1.945975,-1.529386,-1.062373,-0.308644,0.388931,1.106758
10295.397317,0.098336,-1.958088,-1.805083,-1.189314,-0.570456,0.262199,0.914113,1.515391
10295.401317,0.109270,-1.822437,-1.493626,-0.751876,-0.036799,0.805139,1.382341,1.822777
10295.405318,0.118338,-1.547657,-1.034328,-0.239043,0.503364,1.270364,1.745679,1.996028
10295.409317,0.115630,-1.148668,-0.475656,0.314837,1.017620,1.629571,1.964627,2.010415
10295.413317,0.093681,-0.654728,0.121427,0.861816,1.471425,1.872950,2.016846,1.855999
10295.417317,0.056723,-0.107729,0.696896,1.346833,1.826985,1.994557,1.900159,1.542749
10295.421317,0.016818,0.444223,1.200803,1.719430,2.046658,1.980973,1.629321,1.101260
10295.425317,-0.016962,0.954120,1.596793,1.944070,2.099477,1.815259,1.232365,0.577120
10295.429317,-0.042095,1.381090,1.861665,2.005102,1.971550,1.493911,0.747149,0.019636
10295.433318,-0.059064,1.694581,1.982472,1.906229,1.674510,1.040143,0.215459,-0.529449
10295.437317,-0.069269,1.877303,1.954105,1.666281,1.242467,0.499755,-0.322705,-1.036950
10295.441317,-0.074935,1.923419,1.779478,1.312011,0.720930,-0.072445,-0.829341,-1.469075
10295.445317,-0.077894,1.833350,1.470892,0.872096,0.157516,-0.622401,-1.266897,-1.787538
10295.449317,-0.078458,1.611923,1.053518,0.376605,-0.403055,-1.104126,-1.601201,-1.958302
10295.453317,-0.074744,1.272336,0.566965,-0.142245,-0.919674,-1.484587,-1.806695,-1.963683
10295.457317,-0.063130,0.838298,0.057375,-0.650912,-1.353916,-1.742869,-1.869510,-1.807461
10295.461318,-0.042704,0.340223,-0.435630,-1.114543,-1.672969,-1.868766,-1.788075,-1.512033
10295.465317,-0.019341,-0.185797,-0.886224,-1.496647,-1.856089,-1.861660,-1.573534,-1.113432
10295.469317,-0.003194,-0.695588,-1.276989,-1.761906,-1.898836,-1.727278,-1.249030,-0.654965
10295.473317,-0.002126,-1.141708,-1.586149,-1.883960,-1.809818,-1.475871,-0.845201,-0.176843
10295.477317,-0.016312,-1.484810,-1.783897,-1.852873,-1.601203,-1.121730,-0.395234,0.292695
10295.481317,-0.036457,-1.701131,-1.843676,-1.674601,-1.283490,-0.683319,0.068016,0.737259
10295.485338,-0.047107,-1.780957,-1.754759,-1.365907,-0.870535,-0.187358,0.515981,1.142040
10295.489339,-0.035141,-1.723746,-1.524174,-0.954064,-0.386538,0.327499,0.925822,1.480249
10295.493339,0.000936,-1.537391,-1.173111,-0.478280,0.131993,0.814622,1.275129,1.711420
10295.497339,0.048278,-1.239630,-0.734209,0.015646,0.637484,1.226602,1.537968,1.797196
10295.501339,0.087893,-0.856816,-0.247014,0.484362,1.077080,1.521690,1.687811,1.719924
10295.505339,0.107428,-0.421450,0.245960,0.892687,1.404561,1.672485,1.702908,1.489147
10295.509339,0.105132,0.029650,0.700016,1.215274,1.593079,1.673899,1.572312,1.136656
10295.513338,0.084322,0.459338,1.074378,1.435767,1.641203,1.543688,1.303553,0.708326
10295.517338,0.049562,0.835882,1.343513,1.544205,1.566077,1.313074,0.927169,0.254483
10295.521338,0.007050,1.135405,1.500324,1.535992,1.387596,1.012516,0.489497,-0.181136
10295.525339,-0.035139,1.340989,1.548167,1.414655,1.120897,0.663265,0.036030,-0.567236
10295.529339,-0.067294,1.441045,1.490907,1.193523,0.783485,0.279016,-0.397666,-0.884053
10295.533339,-0.079065,1.428488,1.329510,0.893035,0.401455,-0.125048,-0.780725,-1.120305
10295.537339,-0.064003,1.303746,1.067369,0.536914,0.006150,-0.521954,-1.082565,-1.269781
10295.541338,-0.025639,1.080142,0.718875,0.150836,-0.370541,-0.872078,-1.279146,-1.329192
10295.545338,0.021960,0.783844,0.314351,-0.235618,-0.698673,-1.135236,-1.359991,-1.297663
10295.549338,0.061018,0.447405,-0.101743,-0.587210,-0.952449,-1.285321,-1.327497,-1.177436
10295.553339,0.077373,0.103747,-0.480737,-0.867374,-1.112359,-1.316283,-1.193059,-0.976510
10295.557339,0.064198,-0.218843,-0.783076,-1.049444,-1.170320,-1.237588,-0.975501,-0.709918
10295.561339,0.025583,-0.502047,-0.985843,-1.125921,-1.135101,-1.066996,-0.700812,-0.398293
10295.565339,-0.022279,-0.737212,-1.084311,-1.107506,-1.027956,-0.829032,-0.398123,-0.067593
10295.569338,-0.059318,-0.917430,-1.089695,-1.015449,-0.870945,-0.553166,-0.092842,0.251609
10295.573338,-0.073857,-1.031405,-1.021901,-0.872803,-0.678925,-0.265604,0.194740,0.529369
10295.577338,-0.065882,-1.066097,-0.901676,-0.696079,-0.457413,0.015428,0.446292,0.743105
10295.581339,-0.041811,-1.012634,-0.744341,-0.492223,-0.207177,0.276658,0.646018,0.879897
10295.585339,-0.010753,-0.870893,-0.555370,-0.263568,0.063752,0.505363,0.784106,0.935095
10295.589339,0.017419,-0.654835,-0.335312,-0.016707,0.331071,0.686374,0.857178,0.912090
10295.593339,0.035008,-0.393555,-0.093031,0.230888,0.560615,0.803279,0.864307,0.821744
10295.597338,0.038295,-0.122405,0.147688,0.452067,0.724866,0.845380,0.803675,0.678969
10295.601338,0.027672,0.127504,0.355607,0.617741,0.811011,0.814261,0.676871,0.500245
10295.605338,0.006892,0.332228,0.506050,0.705962,0.815920,0.722471,0.496925,0.303237
10295.609339,-0.017879,0.474816,0.589912,0.710147,0.741627,0.585723,0.288662,0.105298
10295.613385,-0.037919,0.549336,0.612961,0.642547,0.598632,0.417612,0.082051,-0.077504
10295.617385,-0.044600,0.564714,0.589444,0.528445,0.409648,0.230683,-0.094300,-0.229564
10295.621384,-0.037286,0.538311,0.534207,0.394447,0.206329,0.040868,-0.220736,-0.338670
10295.625384,-0.024799,0.482485,0.455996,0.260552,0.020709,-0.129672,-0.292546,-0.401864
10295.629384,-0.015179,0.399762,0.356715,0.139985,-0.122647,-0.258087,-0.318215,-0.424516
10295.633384,-0.007761,0.291111,0.237527,0.039902,-0.211115,-0.332602,-0.312879,-0.412911
10295.637384,0.003646,0.166828,0.106449,-0.040662,-0.245455,-0.356861,-0.290473,-0.370947
10295.641384,0.022720,0.049778,-0.019898,-0.107356,-0.236714,-0.342230,-0.258113,-0.303224
10295.645385,0.046393,-0.034428,-0.122148,-0.159953,-0.198813,-0.298786,-0.218066,-0.217450
10295.649384,0.065960,-0.073044,-0.184400,-0.188892,-0.144098,-0.234614,-0.172930,-0.124031
10295.653384,0.071015,-0.070747,-0.197419,-0.184711,-0.085020,-0.159794,-0.126292,-0.035413
10295.657384,0.055590,-0.042673,-0.162674,-0.147531,-0.034674,-0.086003,-0.081053,0.035452
10295.661384,0.024567,-0.007492,-0.094958,-0.088346,-0.003014,-0.023593,-0.040598,0.077018
10295.665384,-0.005631,0.018499,-0.018186,-0.025430,0.006146,0.018180,-0.012305,0.080365
10295.669384,-0.018052,0.028437,0.043682,0.022395,-0.005847,0.031333,-0.008095,0.042209
10295.673385,-0.010749,0.027905,0.075174,0.042606,-0.035502,0.012529,-0.037198,-0.030762
10295.677384,0.002347,0.028616,0.073731,0.030186,-0.079251,-0.035114,-0.095845,-0.122124
10295.681384,0.006121,0.035834,0.047289,-0.014226,-0.133192,-0.103977,-0.165309,-0.211777
10295.685384,-0.003991,0.040355,0.005176,-0.083986,-0.192428,-0.183595,-0.221246,-0.280542
10295.689384,-0.021172,0.022813,-0.050323,-0.167429,-0.252310,-0.260962,-0.245668,-0.311490
10295.693384,-0.033971,-0.033760,-0.123255,-0.252682,-0.309274,-0.322878,-0.233362,-0.293324
10295.697384,-0.035508,-0.133289,-0.215969,-0.330424,-0.358833,-0.359041,-0.190968,-0.222549
10295.701385,-0.027841,-0.263081,-0.322215,-0.392016,-0.392000,-0.360661,-0.130206,-0.100730
10295.705384,-0.019173,-0.397904,-0.427110,-0.427601,-0.394487,-0.316382,-0.058986,0.065330
10295.709384,-0.016328,-0.509938,-0.512218,-0.427354,-0.351906,-0.213752,0.025004,0.259004
10295.713384,-0.017828,-0.577335,-0.559270,-0.384917,-0.256858,-0.048680,0.132976,0.454250
10295.717384,-0.016307,-0.587805,-0.552346,-0.300136,-0.112717,0.164327,0.273805,0.623594
10295.721384,-0.008228,-0.540005,-0.480717,-0.178497,0.068015,0.392216,0.441018,0.746408
10295.725384,0.002368,-0.440681,-0.341266,-0.027313,0.270612,0.596973,0.609378,0.809701
10295.729384,0.009819,-0.298188,-0.141083,0.148192,0.481327,0.750350,0.743257,0.804334
10295.733384,0.013001,-0.119417,0.101368,0.344133,0.680650,0.838452,0.811007,0.725983
10295.737384,0.014635,0.088737,0.359933,0.551183,0.839144,0.859525,0.796050,0.578649
10295.741405,0.016768,0.316748,0.608006,0.747819,0.928060,0.819441,0.698439,0.372837
10295.745405,0.018385,0.549942,0.823396,0.902909,0.934184,0.725144,0.529484,0.121092
10295.749405,0.017427,0.767179,0.986880,0.987413,0.862590,0.579621,0.304778,-0.162179
10295.753405,0.013153,0.942816,1.080071,0.982965,0.728005,0.382738,0.040655,-0.457010
10295.757406,0.005337,1.052740,1.087765,0.882090,0.542671,0.136010,-0.245073,-0.735563
10295.761405,-0.005683,1.080826,1.000932,0.688476,0.309568,-0.152651,-0.533823,-0.966038
10295.765405,-0.017589,1.020041,0.819677,0.419642,0.029646,-0.464504,-0.805996,-1.122436
10295.769405,-0.026933,0.869303,0.556183,0.103859,-0.287031,-0.769965,-1.037180,-1.192452
10295.773405,-0.029373,0.633570,0.233181,-0.229357,-0.619297,-1.035834,-1.200597,-1.176624
10295.777405,-0.019507,0.329478,-0.120726,-0.556148,-0.936269,-1.232375,-1.275244,-1.080379
10295.781405,0.004669,-0.013549,-0.476094,-0.858619,-1.200002,-1.336182,-1.249897,-0.907441
10295.785406,0.036239,-0.363642,-0.807208,-1.119326,-1.373797,-1.332565,-1.123329,-0.660292
10295.789406,0.060085,-0.695145,-1.092510,-1.314210,-1.432453,-1.218481,-0.902403,-0.346361
10295.793405,0.061482,-0.987709,-1.311648,-1.415101,-1.369263,-1.002360,-0.598402,0.015348
10295.797405,0.036989,-1.226135,-1.444410,-1.401659,-1.195084,-0.700108,-0.226566,0.394467
10295.801405,-0.002102,-1.398252,-1.473483,-1.268840,-0.928197,-0.332623,0.189483,0.757000
10295.805405,-0.036614,-1.485992,-1.388773,-1.025264,-0.584478,0.074157,0.615268,1.074206
10295.809405,-0.051065,-1.465583,-1.189783,-0.688047,-0.177974,0.491140,1.010758,1.327482
10295.813405,-0.042690,-1.320978,-0.885989,-0.280201,0.270733,0.888125,1.338883,1.504665
10295.817405,-0.021353,-1.054280,-0.496711,0.167329,0.728407,1.233140,1.569317,1.589865
10295.821405,-0.000113,-0.684885,-0.050607,0.616312,1.151266,1.493697,1.678372,1.559661
10295.825405,0.014221,-0.241472,0.415691,1.028730,1.492988,1.641923,1.651789,1.394343
10295.829405,0.021321,0.242803,0.861451,1.372770,1.712734,1.661399,1.489766,1.095005
10295.833406,0.022105,0.727485,1.247795,1.622430,1.782981,1.552161,1.207734,0.688495
10295.837406,0.017750,1.165640,1.542622,1.754851,1.696775,1.328118,0.832139,0.216547
10295.841405,0.011728,1.514786,1.723777,1.751113,1.468724,1.009254,0.393067,-0.279215
10295.845405,0.007742,1.745420,1.779618,1.601824,1.128926,0.615533,-0.082439,-0.764945
10295.849405,0.005390,1.839273,1.706022,1.312292,0.714168,0.164800,-0.568016,-1.210835
10295.853405,0.000331,1.787117,1.503254,0.905522,0.260058,-0.322639,-1.029786,-1.582367
10295.857405,-0.011038,1.592470,1.177823,0.422408,-0.203441,-0.815011,-1.427058,-1.838744
10295.861406,-0.027276,1.274538,0.749348,-0.086556,-0.652281,-1.265948,-1.722462,-1.943887
10295.865406,-0.041592,0.864197,0.253151,-0.575074,-1.065813,-1.623166,-1.888263,-1.882051
10295.869430,-0.046899,0.395683,-0.267956,-1.010112,-1.423182,-1.844672,-1.906514,-1.664098
10295.873430,-0.041949,-0.098480,-0.775427,-1.372115,-1.699400,-1.911715,-1.771917,-1.319683
10295.877430,-0.031299,-0.587599,-1.238659,-1.647938,-1.864244,-1.829038,-1.496539,-0.883431
10295.881429,-0.020197,-1.042355,-1.626448,-1.823767,-1.888051,-1.614330,-1.106051,-0.386460
10295.885430,-0.010507,-1.434121,-1.898346,-1.884686,-1.752849,-1.288158,-0.630216,0.143429
10295.889430,0.000383,-1.733424,-2.013199,-1.816873,-1.461955,-0.870937,-0.100110,0.677101
10295.893430,0.016239,-1.911738,-1.950628,-1.609169,-1.042204,-0.384777,0.447838,1.178651
10295.897429,0.035906,-1.948268,-1.723080,-1.259587,-0.537033,0.143556,0.970516,1.604891
10295.901429,0.052071,-1.834920,-1.365575,-0.785588,0.005225,0.679860,1.423276,1.912105
10295.905430,0.057563,-1.576126,-0.915882,-0.226656,0.540936,1.180771,1.767482,2.064178
10295.909430,0.052316,-1.188324,-0.406250,0.363246,1.034963,1.597098,1.975042,2.041057
10295.913430,0.043039,-0.699633,0.132156,0.923929,1.456090,1.884999,2.028944,1.845834
10295.917430,0.036327,-0.149445,0.663229,1.396731,1.770071,2.018070,1.923530,1.502357
10295.921430,0.032109,0.412721,1.145807,1.737325,1.943612,1.989626,1.665477,1.045589
10295.925429,0.022646,0.934870,1.541252,1.926764,1.957238,1.806019,1.273432,0.515543
10295.929429,-0.000668,1.372536,1.820762,1.968771,1.813176,1.482515,0.778662,-0.042315
10295.933430,-0.037222,1.693751,1.964616,1.876722,1.532292,1.044581,0.224932,-0.578976
10295.937430,-0.073479,1.882233,1.958819,1.662449,1.143842,0.527202,-0.337655,-1.053025
10295.941430,-0.090622,1.936526,1.798923,1.333119,0.677399,-0.027472,-0.860607,-1.439561
10295.945430,-0.078718,1.860468,1.497702,0.897875,0.163489,-0.571701,-1.302624,-1.724395
10295.949430,-0.044402,1.656050,1.085145,0.379727,-0.361706,-1.058920,-1.632872,-1.893368
10295.953429,-0.004561,1.328209,0.599945,-0.177115,-0.856348,-1.453046,-1.831033,-1.929888
10295.957429,0.025450,0.893590,0.081413,-0.711186,-1.279585,-1.729460,-1.886769,-1.820151
10295.961430,0.038265,0.383320,-0.433285,-1.161035,-1.598944,-1.871599,-1.801005,-1.563209
10295.965430,0.035050,-0.160452,-0.908751,-1.487469,-1.793476,-1.871899,-1.586608,-1.180799
10295.969430,0.023043,-0.689731,-1.310846,-1.683745,-1.853820,-1.733606,-1.265334,-0.715060
10295.973430,0.011049,-1.156241,-1.609494,-1.765105,-1.779092,-1.470597,-0.863266,-0.212549
10295.977430,0.004534,-1.518199,-1.785386,-1.746657,-1.572475,-1.105847,-0.409567,0.289716
10295.981429,0.003027,-1.746621,-1.832171,-1.628387,-1.244017,-0.667131,0.062885,0.764119
10295.985429,0.002347,-1.829098,-1.750754,-1.398990,-0.818226,-0.184446,0.519988,1.182905
10295.989430,0.000345,-1.769711,-1.544450,-1.053477,-0.333422,0.307859,0.931301,1.512644
10295.993430,-0.001235,-1.584374,-1.220731,-0.609256,0.166221,0.771229,1.273439,1.720831
10295.997451,-0.000795,-1.293701,-0.797461,-0.108070,0.636607,1.167762,1.529089,1.787328
10296.001451,0.000771,-0.918266,-0.308339,0.397097,1.038960,1.465436,1.680557,1.709561
10296.005451,0.002339,-0.480061,0.198038,0.857409,1.345459,1.642836,1.706329,1.501421
10296.009451,0.004902,-0.007225,0.668772,1.233208,1.540118,1.691165,1.589760,1.187531
10296.013451,0.010813,0.463394,1.061978,1.493600,1.617326,1.610038,1.332751,0.795139
10296.017451,0.021530,0.887071,1.353952,1.619586,1.580562,1.402944,0.960820,0.351398
10296.021451,0.034558,1.218129,1.534172,1.607834,1.436540,1.080938,0.516511,-0.113249
10296.025451,0.040120,1.424506,1.597509,1.471474,1.190301,0.672374,0.049883,-0.562396
10296.029451,0.026117,1.498541,1.541075,1.235358,0.851864,0.225707,-0.388133,-0.954620
10296.033451,-0.008211,1.452508,1.367398,0.926185,0.447313,-0.203826,-0.755082,-1.249020
10296.037451,-0.047870,1.306716,1.090869,0.567791,0.019017,-0.573241,-1.028388,-1.416474
10296.041451,-0.073581,1.082482,0.739258,0.185145,-0.387294,-0.860901,-1.205552,-1.449899
10296.045451,-0.074668,0.799933,0.348820,-0.192695,-0.736521,-1.064419,-1.292495,-1.363502
10296.049451,-0.052973,0.477473,-0.041896,-0.535744,-1.007437,-1.190950,-1.294620,-1.182437
10296.053451,-0.018752,0.133573,-0.398272,-0.818927,-1.187262,-1.244674,-1.215440,-0.933159
10296.057451,0.016087,-0.209286,-0.694774,-1.027238,-1.268335,-1.221627,-1.058696,-0.639745
10296.061451,0.042197,-0.522542,-0.917545,-1.155703,-1.250490,-1.115090,-0.831658,-0.323971
10296.065451,0.054491,-0.776520,-1.062979,-1.202805,-1.142543,-0.923737,-0.546897,-0.006583
10296.069451,0.052133,-0.951360,-1.130937,-1.165497,-0.958038,-0.658368,-0.223216,0.291166
10296.073451,0.037081,-1.043615,-1.119061,-1.040902,-0.711935,-0.345501,0.111270,0.547917
10296.077451,0.013493,-1.061048,-1.025653,-0.832368,-0.423758,-0.021168,0.418600,0.745750
10296.081452,-0.011479,-1.011067,-0.857378,-0.558002,-0.118270,0.281946,0.660413,0.874559
10296.085451,-0.028403,-0.893262,-0.631743,-0.253882,0.179399,0.540570,0.813874,0.933978
10296.089451,-0.031065,-0.704123,-0.372854,0.037830,0.444813,0.737428,0.879874,0.929850
10296.093451,-0.022120,-0.451428,-0.106448,0.288343,0.652622,0.858161,0.876036,0.866676
10296.097451,-0.010105,-0.161597,0.143772,0.489477,0.780557,0.893138,0.822830,0.744440
10296.101451,-0.001526,0.126951,0.359127,0.643248,0.818996,0.840409,0.732302,0.564777
10296.105451,0.001580,0.373803,0.526992,0.747464,0.776950,0.710061,0.605145,0.339417
10296.109451,-0.001183,0.545965,0.638783,0.790320,0.676141,0.528444,0.439951,0.092313
10296.113451,-0.009021,0.628649,0.688351,0.756965,0.538866,0.333000,0.245015,-0.144243
10296.117451,-0.018352,0.629417,0.673450,0.643201,0.382279,0.157403,0.040012,-0.338695
10296.121451,-0.024637,0.570078,0.597437,0.467357,0.221448,0.019110,-0.150251,-0.471162
10296.125272,-0.025007,0.474505,0.470545,0.269459,0.071683,-0.082776,-0.302067,-0.535313
10296.129272,-0.016913,0.360729,0.311152,0.091897,-0.055348,-0.159794,-0.397073,-0.532908
10296.133272,0.002117,0.239680,0.145161,-0.042837,-0.154284,-0.222403,-0.428620,-0.473423
10296.137271,0.029655,0.121272,0.002070,-0.135106,-0.222635,-0.273201,-0.408083,-0.375420
10296.141271,0.056529,0.020127,-0.093969,-0.194083,-0.256921,-0.307457,-0.360159,-0.260259
10296.145271,0.070835,-0.049499,-0.135648,-0.224717,-0.253449,-0.316716,-0.306725,-0.144426
10296.149271,0.063210,-0.083572,-0.135009,-0.225717,-0.214446,-0.292104,-0.253004,-0.039178
10296.153272,0.033518,-0.089330,-0.111076,-0.195798,-0.153406,-0.228793,-0.189817,0.046145
10296.157272,-0.007167,-0.078342,-0.077045,-0.139877,-0.089898,-0.135172,-0.110746,0.101935
10296.161272,-0.043401,-0.059495,-0.040443,-0.069158,-0.038599,-0.038878,-0.025889,0.119190
10296.165271,-0.061023,-0.034382,-0.008222,0.003213,-0.005171,0.024906,0.040877,0.094079
10296.169271,-0.050486,0.001827,0.014699,0.063379,0.010245,0.037765,0.064970,0.032009
10296.173271,-0.013942,0.052637,0.029599,0.095312,0.006994,0.008287,0.033821,-0.052017
10296.177271,0.031715,0.111577,0.040205,0.084616,-0.019289,-0.043341,-0.045666,-0.137620
10296.181272,0.063970,0.159132,0.042820,0.027221,-0.073187,-0.104137,-0.147799,-0.206498
10296.185272,0.067970,0.168990,0.023575,-0.065865,-0.153318,-0.169917,-0.237767,-0.246237
10296.189272,0.042488,0.121291,-0.031914,-0.173468,-0.248624,-0.236447,-0.286665,-0.248078
10296.193271,-0.002265,0.012760,-0.126099,-0.275664,-0.337910,-0.294142,-0.283686,-0.205030
10296.197271,-0.049973,-0.142378,-0.246386,-0.361713,-0.395553,-0.328680,-0.236532,-0.115505
10296.201271,-0.083638,-0.317936,-0.371464,-0.426210,-0.403870,-0.324884,-0.159118,0.009465
10296.205271,-0.091028,-0.482575,-0.478084,-0.460605,-0.361329,-0.273329,-0.059503,0.145729
10296.209272,-0.070433,-0.605603,-0.544113,-0.454946,-0.278887,-0.174469,0.060550,0.269478
10296.213272,-0.032547,-0.663432,-0.552673,-0.405947,-0.170384,-0.036393,0.200266,0.371916
10296.217272,0.006920,-0.646797,-0.498760,-0.316813,-0.044433,0.127644,0.355316,0.458231
10296.221271,0.037771,-0.563497,-0.389594,-0.191361,0.097902,0.301246,0.514120,0.534608
10296.225271,0.056187,-0.431989,-0.236617,-0.033557,0.259073,0.470442,0.657923,0.597492
10296.229271,0.058583,-0.269521,-0.050532,0.149278,0.437886,0.624857,0.764141,0.632201
10296.233271,0.042470,-0.085207,0.155884,0.346762,0.620649,0.751055,0.810557,0.619998
10296.237272,0.013481,0.117545,0.366263,0.547137,0.778008,0.830541,0.780587,0.545843
10296.241272,-0.015386,0.335092,0.565355,0.735705,0.875834,0.846095,0.668211,0.400983
10296.245272,-0.033679,0.558259,0.741734,0.892612,0.890701,0.786483,0.480592,0.186751
10296.249271,-0.040456,0.768411,0.883306,0.993295,0.817353,0.648372,0.236340,-0.078350
10296.253292,-0.041753,0.938203,0.973957,1.011752,0.667681,0.439052,-0.039771,-0.360920
10296.257293,-0.041354,1.039483,0.997087,0.927902,0.462699,0.174730,-0.321767,-0.627763
10296.261292,-0.033896,1.054895,0.940736,0.737513,0.221102,-0.126390,-0.587734,-0.857319
10296.265293,-0.009829,0.983354,0.799867,0.458692,-0.046494,-0.446373,-0.824852,-1.035782
10296.269293,0.031809,0.835376,0.577038,0.128848,-0.332929,-0.761288,-1.025412,-1.148622
10296.273293,0.076287,0.625159,0.283773,-0.210825,-0.625297,-1.037783,-1.175719,-1.180837
10296.277293,0.099527,0.363855,-0.058334,-0.534111,-0.900276,-1.241005,-1.253557,-1.121987
10296.281293,0.085335,0.058210,-0.420042,-0.833044,-1.128587,-1.344475,-1.236407,-0.967246
10296.285292,0.038626,-0.280766,-0.768824,-1.101280,-1.284065,-1.333626,-1.110136,-0.716820
10296.289292,-0.017832,-0.628581,-1.072033,-1.317371,-1.346442,-1.205850,-0.874759,-0.379902
10296.293293,-0.057716,-0.951024,-1.301350,-1.446004,-1.300276,-0.969858,-0.546369,0.020053
10296.297293,-0.064894,-1.216859,-1.436675,-1.452746,-1.139291,-0.645422,-0.153321,0.446050
10296.301293,-0.039748,-1.404491,-1.465567,-1.319730,-0.869542,-0.262530,0.268724,0.853778
10296.305293,0.002946,-1.498767,-1.381130,-1.054335,-0.507949,0.143090,0.681073,1.198426
10296.309292,0.040693,-1.486431,-1.183243,-0.686813,-0.082564,0.537383,1.048406,1.442038
10296.313293,0.052383,-1.355437,-0.883759,-0.259953,0.367981,0.892996,1.342893,1.562819
10296.317293,0.030109,-1.098953,-0.506002,0.182476,0.799809,1.189334,1.543910,1.560260
10296.321293,-0.013220,-0.723556,-0.076321,0.604887,1.171486,1.410744,1.637848,1.448525
10296.325293,-0.051780,-0.256212,0.378471,0.983608,1.450810,1.545442,1.616990,1.243565
10296.329293,-0.064937,0.255542,0.826386,1.303383,1.617532,1.583556,1.475357,0.956119
10296.333292,-0.047750,0.751965,1.230034,1.549243,1.661838,1.513966,1.208893,0.594076
10296.337292,-0.009526,1.177029,1.552842,1.699911,1.581510,1.326842,0.826012,0.169988
10296.341293,0.032672,1.494305,1.764197,1.729548,1.381582,1.022706,0.356413,-0.293457
10296.345293,0.060954,1.691744,1.840126,1.619124,1.077373,0.617705,-0.154264,-0.764158
10296.349293,0.062215,1.772681,1.764302,1.369315,0.694602,0.142170,-0.656727,-1.203434
10296.353293,0.033571,1.741582,1.533313,1.002185,0.263099,-0.364010,-1.107898,-1.569496
10296.357293,-0.013145,1.596150,1.163916,0.549533,-0.188773,-0.857191,-1.476259,-1.823576
10296.361292,-0.054413,1.332141,0.695789,0.042573,-0.634873,-1.293528,-1.740494,-1.934521
10296.365292,-0.068755,0.954371,0.181537,-0.486850,-1.051018,-1.631912,-1.883748,-1.881680
10296.369293,-0.051866,0.481342,-0.332055,-1.000524,-1.413697,-1.840951,-1.890748,-1.661094
10296.373293,-0.019531,-0.055711,-0.812173,-1.452283,-1.695917,-1.905581,-1.750823,-1.291765
10296.377293,0.004284,-0.612130,-1.233590,-1.792972,-1.866569,-1.825608,-1.464065,-0.814192
10296.381317,0.004668,-1.131803,-1.573163,-1.982390,-1.897380,-1.608795,-1.047217,-0.279725
10296.385317,-0.014228,-1.557842,-1.809223,-2.001548,-1.771415,-1.267877,-0.536386,0.262147
10296.389317,-0.033944,-1.846791,-1.921377,-1.855456,-1.489172,-0.823408,0.016153,0.771515
10296.393317,-0.035955,-1.976338,-1.893431,-1.567101,-1.070427,-0.305858,0.552714,1.218681
10296.397317,-0.013401,-1.944443,-1.719898,-1.167990,-0.550961,0.246010,1.025725,1.578611
10296.401318,0.025171,-1.765331,-1.410267,-0.689636,0.020787,0.786626,1.406995,1.826231
10296.405318,0.060130,-1.463940,-0.986277,-0.162764,0.587941,1.266198,1.684407,1.939705
10296.409317,0.072245,-1.069013,-0.476846,0.377100,1.095773,1.639768,1.853576,1.908694
10296.413317,0.056363,-0.608675,0.080400,0.889038,1.503407,1.877118,1.910889,1.737961
10296.417317,0.026144,-0.109474,0.636082,1.334216,1.786685,1.964394,1.849052,1.442717
10296.421317,0.003177,0.402245,1.135342,1.683187,1.933069,1.900737,1.657747,1.042728
10296.425317,0.000324,0.897332,1.531526,1.915943,1.937093,1.696468,1.330325,0.561822
10296.429318,0.014377,1.342326,1.797576,2.016439,1.800212,1.371426,0.875035,0.031713
10296.433317,0.031802,1.700596,1.925817,1.970387,1.532750,0.952146,0.324555,-0.505558
10296.437317,0.040789,1.934030,1.917821,1.769463,1.153797,0.470784,-0.266729,-1.002137
10296.441317,0.038628,2.007386,1.777860,1.417187,0.689100,-0.035532,-0.836398,-1.414535
10296.445317,0.028159,1.900693,1.513663,0.935198,0.170791,-0.529545,-1.325481,-1.711914
10296.449317,0.010745,1.623462,1.139363,0.368011,-0.362157,-0.980474,-1.685617,-1.877176
10296.453318,-0.014277,1.215687,0.678508,-0.221838,-0.865740,-1.364484,-1.888185,-1.903620
10296.457318,-0.045259,0.734334,0.163281,-0.769212,-1.295481,-1.659234,-1.931122,-1.793168
10296.461317,-0.075049,0.235106,-0.368620,-1.223614,-1.614891,-1.840283,-1.833551,-1.556307
10296.465317,-0.092504,-0.243055,-0.874054,-1.558703,-1.803696,-1.883547,-1.619878,-1.210887
10296.469317,-0.089799,-0.683218,-1.307839,-1.768140,-1.856539,-1.774696,-1.308104,-0.779969
10296.473317,-0.070579,-1.080294,-1.632634,-1.853243,-1.774216,-1.519409,-0.911236,-0.290311
10296.477317,-0.048898,-1.423277,-1.824075,-1.815341,-1.560245,-1.142991,-0.446078,0.226831
10296.481318,-0.037039,-1.685432,-1.868473,-1.655284,-1.225743,-0.681507,0.058919,0.733922
10296.485318,-0.034073,-1.828532,-1.762667,-1.375157,-0.794431,-0.175649,0.562441,1.188976
10296.489317,-0.026361,-1.817644,-1.518112,-0.984196,-0.303320,0.332232,1.017933,1.550637
10296.493317,0.000672,-1.638760,-1.161916,-0.509092,0.201248,0.801690,1.383703,1.782410
10296.497317,0.049095,-1.308466,-0.730283,0.002253,0.671541,1.196916,1.627480,1.856878
10296.501317,0.103930,-0.871017,-0.259678,0.491746,1.066010,1.488151,1.728623,1.762904
10296.505318,0.141480,-0.385017,0.216320,0.909863,1.354979,1.653649,1.683622,1.512379
10296.509363,0.143002,0.094564,0.663794,1.227050,1.525466,1.682873,1.507712,1.140316
10296.513363,0.102682,0.528190,1.045753,1.432675,1.579522,1.579374,1.227464,0.698147
10296.517363,0.029849,0.892177,1.327655,1.528731,1.524480,1.359703,0.873572,0.241412
10296.521362,-0.050653,1.173893,1.488075,1.522913,1.366184,1.047971,0.477524,-0.185070
10296.525363,-0.105033,1.367848,1.522822,1.421958,1.112799,0.671862,0.067814,-0.556092
10296.529363,-0.108893,1.470770,1.440607,1.229905,0.782268,0.261913,-0.330580,-0.863689
10296.533363,-0.064874,1.475573,1.258535,0.953057,0.403570,-0.150807,-0.692606,-1.106261
10296.537363,0.000252,1.372046,0.998647,0.605262,0.011158,-0.537038,-0.994248,-1.278155
10296.541362,0.056030,1.157198,0.682610,0.210441,-0.362556,-0.868006,-1.216370,-1.366388
10296.545363,0.084637,0.845944,0.330994,-0.195647,-0.692666,-1.116627,-1.343516,-1.355752
10296.549363,0.083507,0.471318,-0.030793,-0.568370,-0.962117,-1.263617,-1.363463,-1.239060
10296.553363,0.059776,0.075420,-0.371141,-0.866745,-1.156793,-1.301479,-1.271731,-1.023834
10296.557363,0.023007,-0.300220,-0.658754,-1.067995,-1.260710,-1.234937,-1.075428,-0.731260
10296.561363,-0.019907,-0.622191,-0.870341,-1.170078,-1.257235,-1.080091,-0.794933,-0.390977
10296.565363,-0.064147,-0.868855,-0.996637,-1.181541,-1.138271,-0.859802,-0.463456,-0.035647
10296.569362,-0.101483,-1.027494,-1.042460,-1.111795,-0.917153,-0.595644,-0.121014,0.302537
10296.573363,-0.119176,-1.091429,-1.018873,-0.969156,-0.631584,-0.305042,0.196212,0.593220
10296.577363,-0.108351,-1.061686,-0.936414,-0.764213,-0.329729,-0.007197,0.462915,0.809270
10296.581363,-0.071892,-0.948236,-0.803221,-0.512697,-0.051231,0.272770,0.664400,0.931322
10296.585363,-0.023273,-0.770042,-0.623379,-0.234392,0.184499,0.508389,0.794377,0.955381
10296.589363,0.020551,-0.553898,-0.400245,0.047601,0.377410,0.679464,0.852757,0.896543
10296.593363,0.048014,-0.327743,-0.147174,0.306141,0.533620,0.777564,0.843707,0.781343
10296.597362,0.058090,-0.112047,0.108850,0.514778,0.652501,0.806967,0.777627,0.634100
10296.601363,0.056352,0.083022,0.337014,0.656212,0.726161,0.780407,0.671498,0.469710
10296.605363,0.048023,0.253578,0.513959,0.725230,0.746453,0.712091,0.540205,0.294731
10296.609363,0.036973,0.395696,0.626642,0.725841,0.708341,0.611069,0.389711,0.112629
10296.613363,0.027016,0.503161,0.669823,0.666840,0.610554,0.479131,0.222667,-0.069897
10296.617363,0.018878,0.568713,0.646040,0.557674,0.460485,0.315719,0.046289,-0.239422
10296.621363,0.008867,0.584271,0.565616,0.409625,0.279085,0.127319,-0.125681,-0.376318
10296.625362,-0.005004,0.542884,0.442956,0.242169,0.097761,-0.065740,-0.273650,-0.460209
10296.629363,-0.018317,0.444643,0.296429,0.081709,-0.052291,-0.232840,-0.377088,-0.479689
10296.633363,-0.023909,0.303324,0.151018,-0.049691,-0.153186,-0.345744,-0.424027,-0.438467
10296.637384,-0.017885,0.147954,0.031862,-0.141030,-0.206861,-0.390718,-0.415801,-0.353646
10296.641384,-0.002176,0.012981,-0.048527,-0.190462,-0.227517,-0.373018,-0.363310,-0.249386
10296.645384,0.016044,-0.076283,-0.093873,-0.202098,-0.227616,-0.311780,-0.282385,-0.148709
10296.649384,0.027924,-0.111008,-0.115003,-0.183571,-0.212269,-0.230317,-0.191815,-0.067304
10296.653385,0.029175,-0.100065,-0.119109,-0.143176,-0.183237,-0.150185,-0.110218,-0.012203
10296.657384,0.022085,-0.066196,-0.106947,-0.087570,-0.143255,-0.086897,-0.049982,0.017055
10296.661384,0.010579,-0.033772,-0.077809,-0.023289,-0.096784,-0.045253,-0.014288,0.025753
10296.665384,-0.002138,-0.014517,-0.035028,0.039449,-0.049937,-0.023135,-0.002719,0.018833
10296.669384,-0.011759,-0.001755,0.012792,0.087062,-0.011683,-0.020510,-0.016047,-0.002875
10296.673384,-0.014994,0.021950,0.052750,0.106877,0.005173,-0.040948,-0.051500,-0.039297
10296.677384,-0.012916,0.067073,0.070979,0.090309,-0.011888,-0.086684,-0.098966,-0.085533
10296.681385,-0.008404,0.123072,0.059019,0.033571,-0.066108,-0.152626,-0.146563,-0.133779
10296.685384,-0.003306,0.161176,0.016189,-0.061180,-0.148603,-0.222764,-0.187458,-0.178350
10296.689384,-0.001605,0.150826,-0.055186,-0.182406,-0.244061,-0.275805,-0.219434,-0.214154
10296.693384,-0.009696,0.075671,-0.153131,-0.309213,-0.333669,-0.296896,-0.239117,-0.230639
10296.697384,-0.027721,-0.059793,-0.272089,-0.418806,-0.395970,-0.282658,-0.238136,-0.209650
10296.701384,-0.045548,-0.232416,-0.396687,-0.494278,-0.413189,-0.237478,-0.204197,-0.133053
10296.705384,-0.051689,-0.407830,-0.501768,-0.526329,-0.377889,-0.167763,-0.125342,0.003004
10296.709385,-0.042323,-0.551074,-0.561633,-0.510112,-0.293835,-0.077743,0.003670,0.180597
10296.713384,-0.021903,-0.636427,-0.560714,-0.442095,-0.172584,0.032136,0.175720,0.368639
10296.717384,-0.000009,-0.652067,-0.496775,-0.322726,-0.027627,0.163803,0.369602,0.538706
10296.721384,0.014051,-0.599668,-0.377310,-0.161266,0.132569,0.316334,0.553343,0.670979
10296.725384,0.018130,-0.489910,-0.215104,0.027810,0.306269,0.479820,0.695228,0.749761
10296.729385,0.018762,-0.337131,-0.025934,0.232576,0.489024,0.635172,0.776403,0.762548
10296.733384,0.023946,-0.156203,0.174320,0.443335,0.662130,0.758817,0.792881,0.704891
10296.737384,0.034945,0.041527,0.374357,0.646182,0.794654,0.827462,0.748839,0.581455
10296.741384,0.046160,0.251244,0.568249,0.820830,0.858692,0.823443,0.649339,0.402266
10296.745384,0.049948,0.469608,0.748828,0.944867,0.843924,0.739598,0.495819,0.180606
10296.749384,0.040370,0.685870,0.900887,0.997828,0.759758,0.581028,0.287900,-0.068650
10296.753384,0.018172,0.878669,1.002766,0.963615,0.624753,0.361977,0.031170,-0.332711
10296.757385,-0.006269,1.021116,1.033267,0.835548,0.453566,0.098042,-0.257065,-0.599577
10296.761384,-0.019623,1.089466,0.977621,0.621893,0.250145,-0.196760,-0.550823,-0.852598
10296.765406,-0.016224,1.067411,0.830850,0.345966,0.009437,-0.503128,-0.823775,-1.069557
10296.769406,-0.002188,0.946336,0.597609,0.039277,-0.272624,-0.792688,-1.053567,-1.223775
10296.773405,0.008810,0.727206,0.291227,-0.270382,-0.585848,-1.033985,-1.219576,-1.285444
10296.777405,0.005789,0.422983,-0.066365,-0.566633,-0.899150,-1.200150,-1.299950,-1.229050
10296.781405,-0.009528,0.059747,-0.446404,-0.839173,-1.166759,-1.274705,-1.273546,-1.045641
10296.785406,-0.023887,-0.324165,-0.815624,-1.074853,-1.343816,-1.254412,-1.128351,-0.750367
10296.789406,-0.025317,-0.685483,-1.138358,-1.256056,-1.400366,-1.145458,-0.871711,-0.378691
10296.793406,-0.012831,-0.989340,-1.380170,-1.362189,-1.326876,-0.955993,-0.531750,0.026772
10296.797405,0.005660,-1.216730,-1.512618,-1.371170,-1.133623,-0.692245,-0.145000,0.431178
10296.801405,0.020511,-1.360402,-1.518411,-1.264331,-0.845354,-0.360464,0.259065,0.812400
10296.805405,0.024394,-1.418756,-1.395696,-1.036248,-0.491192,0.028294,0.659465,1.152028
10296.809405,0.013946,-1.390859,-1.159379,-0.702842,-0.096140,0.452828,1.031789,1.425455
10296.813406,-0.008352,-1.270670,-0.835795,-0.297473,0.319275,0.878770,1.342286,1.602335
10296.817406,-0.034328,-1.049003,-0.450656,0.141644,0.732947,1.261804,1.555974,1.655178
10296.821405,-0.052627,-0.724883,-0.022847,0.579140,1.114964,1.555654,1.648028,1.569536
10296.825405,-0.052994,-0.314701,0.427803,0.982685,1.427775,1.721862,1.608703,1.349503
10296.829405,-0.033908,0.149159,0.869920,1.322399,1.635947,1.738378,1.441337,1.015111
10296.833405,-0.006718,0.627163,1.261525,1.571657,1.717543,1.603365,1.158785,0.595717
10296.837405,0.012449,1.077333,1.563318,1.708442,1.665502,1.334503,0.781424,0.125805
10296.841406,0.015595,1.455043,1.748749,1.717295,1.482688,0.964434,0.335430,-0.355908
10296.845406,0.006824,1.719402,1.802566,1.591771,1.180491,0.531464,-0.147567,-0.810133
10296.849405,-0.004165,1.844048,1.719698,1.337406,0.779251,0.068165,-0.629112,-1.205697
10296.853405,-0.010372,1.820021,1.506775,0.972430,0.307835,-0.403044,-1.066563,-1.522271
10296.857405,0.140319,1.650938,1.177831,0.524057,-0.197100,-0.862502,-1.422125,-1.742198
10296.861405,1.169507,1.348835,0.750588,0.024364,-0.695193,-1.284910,-1.670294,-1.844182
10296.865405,4.349377,0.933648,0.250222,-0.489926,-1.147852,-1.638472,-1.797875,-1.808072
10296.869406,10.182445,0.435820,-0.287274,-0.976492,-1.519978,-1.886030,-1.800628,-1.625758
10296.873406,16.699327,-0.102789,-0.816843,-1.392357,-1.781327,-1.988374,-1.679726,-1.308580
10296.877405,19.365221,-0.636206,-1.288514,-1.703494,-1.910710,-1.916560,-1.438707,-0.885431
10296.881405,13.248792,-1.123188,-1.656409,-1.888039,-1.898406,-1.667329,-1.084478,-0.394628
10296.885405,-3.777937,-1.528093,-1.890630,-1.932058,-1.744316,-1.267664,-0.632994,0.124212
10296.889405,-28.795012,-1.819446,-1.980104,-1.828470,-1.455748,-0.765447,-0.114155,0.636088
10296.893430,-53.983986,-1.972291,-1.923930,-1.580986,-1.048407,-0.215016,0.430512,1.109951
10296.897430,-69.292816,-1.971581,-1.724007,-1.207057,-0.548990,0.334230,0.955135,1.513322
10296.901429,-66.378258,-1.815213,-1.390537,-0.736237,0.004738,0.842918,1.413504,1.811660
10296.905430,-42.197151,-1.516403,-0.951030,-0.203761,0.567097,1.280483,1.762284,1.972355
10296.909430,-1.255213,-1.102554,-0.444594,0.353421,1.088453,1.622429,1.968682,1.972069
10296.913430,44.699818,-0.609395,0.090982,0.892874,1.519237,1.849258,2.015715,1.806966
10296.917430,80.810371,-0.074706,0.621679,1.365386,1.816608,1.944703,1.900864,1.496083
10296.921429,95.598900,0.463468,1.112966,1.723371,1.954412,1.896008,1.634217,1.074699
10296.925430,85.891472,0.967612,1.528007,1.932143,1.931139,1.701085,1.238949,0.583761
10296.929430,57.459152,1.403519,1.830176,1.977435,1.768753,1.375501,0.749592,0.059732
10296.933430,21.582441,1.739650,1.990479,1.865750,1.499590,0.948589,0.207223,-0.467558
10296.937430,-10.196692,1.945264,1.994274,1.618966,1.149742,0.453726,-0.343961,-0.966749
10296.941430,-30.443682,1.995286,1.841327,1.267902,0.732186,-0.073505,-0.859825,-1.400068
10296.945429,-37.602718,1.879689,1.543411,0.844587,0.253455,-0.591030,-1.301640,-1.728464
10296.949429,-34.992188,1.609292,1.124332,0.375406,-0.271392,-1.053058,-1.638836,-1.917922
10296.953430,-28.101503,1.213362,0.620774,-0.118116,-0.806515,-1.421476,-1.847734,-1.946234
10296.957430,-21.752008,0.732616,0.080945,-0.612757,-1.296497,-1.674211,-1.912660,-1.812893
10296.961430,-18.358261,0.213617,-0.443556,-1.080198,-1.679603,-1.804222,-1.830209,-1.540087
10296.965430,-17.726124,-0.296327,-0.912154,-1.486811,-1.905473,-1.812293,-1.609998,-1.159002
10296.969430,-18.042250,-0.756646,-1.301514,-1.791585,-1.950179,-1.698653,-1.272532,-0.698239
10296.973429,-17.287643,-1.140979,-1.596837,-1.948818,-1.819413,-1.462227,-0.847999,-0.188270
10296.977429,-14.330727,-1.438537,-1.782741,-1.923071,-1.541138,-1.110666,-0.372433,0.329931
10296.981430,-9.301084,-1.646038,-1.843625,-1.708533,-1.158000,-0.668821,0.118758,0.808796
10296.985430,-3.277159,-1.754930,-1.767991,-1.338679,-0.718340,-0.175472,0.592957,1.205292
10296.989430,2.381287,-1.746871,-1.552060,-0.877704,-0.262447,0.326326,1.017307,1.489589
10296.993430,6.660482,-1.604101,-1.204660,-0.395665,0.186271,0.794674,1.358909,1.650019
10296.997430,9.211690,-1.324416,-0.752907,0.058717,0.615848,1.190723,1.591899,1.689820
10297.001429,10.303655,-0.928197,-0.242399,0.468604,1.009826,1.483695,1.701552,1.616491
10297.005429,10.527707,-0.454779,0.270535,0.835637,1.336679,1.654615,1.680777,1.434749
10297.009430,10.449485,0.047659,0.730275,1.157158,1.558144,1.693988,1.529168,1.150593
10297.013430,10.373775,0.530878,1.093175,1.414499,1.646724,1.599713,1.259223,0.780285
10297.017430,10.296588,0.950568,1.336848,1.577388,1.593187,1.380131,0.899958,0.351346
10297.021475,10.015371,1.269276,1.462826,1.615538,1.405606,1.057054,0.488995,-0.101833
10297.025475,9.305334,1.460545,1.485769,1.510196,1.108752,0.662923,0.060136,-0.538662
10297.029476,8.062419,1.514620,1.416276,1.265760,0.739668,0.235771,-0.359214,-0.916290
10297.033476,6.353848,1.443360,1.256691,0.915623,0.337720,-0.185073,-0.741411,-1.200441
10297.037476,4.377682,1.274986,1.012292,0.512627,-0.063392,-0.565691,-1.056286,-1.372211
10297.041475,2.374259,1.039089,0.700279,0.109457,-0.437750,-0.882942,-1.277231,-1.426767
10297.045475,0.540994,0.756682,0.348034,-0.256882,-0.763852,-1.122887,-1.386251,-1.369958
10297.049475,-1.013689,0.441996,-0.012992,-0.568621,-1.019227,-1.276037,-1.375036,-1.215653
10297.053476,-2.270640,0.109352,-0.354444,-0.820695,-1.181728,-1.333849,-1.248054,-0.982415
10297.057476,-3.268905,-0.223174,-0.655659,-1.011309,-1.238779,-1.288485,-1.025044,-0.690308
10297.061476,-4.061312,-0.533759,-0.899098,-1.133955,-1.192586,-1.137606,-0.736487,-0.361165
10297.065476,-4.676908,-0.796931,-1.064317,-1.176386,-1.056552,-0.891233,-0.416169,-0.021182
10297.069475,-5.107950,-0.985938,-1.134048,-1.129260,-0.850687,-0.575435,-0.097474,0.300647
10297.073475,-5.323206,-1.080417,-1.105570,-0.994899,-0.598861,-0.230409,0.190390,0.578656
10297.077475,-5.294902,-1.074147,-0.990572,-0.789350,-0.325495,0.098093,0.429221,0.794491
10297.081476,-5.020705,-0.975889,-0.807025,-0.538293,-0.052053,0.373245,0.612881,0.937277
10297.085476,-4.527719,-0.805109,-0.576090,-0.268191,0.203759,0.577763,0.741468,1.002227
10297.089476,-3.863891,-0.587153,-0.322191,-0.000583,0.425448,0.711540,0.816853,0.988359
10297.093476,-3.088629,-0.348032,-0.069666,0.246748,0.597533,0.783893,0.839177,0.897961
10297.097475,-2.263206,-0.110884,0.162141,0.457962,0.709783,0.806166,0.805213,0.740412
10297.101475,-1.439759,0.103135,0.359841,0.619536,0.760549,0.781828,0.712727,0.535033
10297.105475,-0.654160,0.274503,0.513510,0.721348,0.755082,0.703228,0.565278,0.306589
10297.109476,0.072300,0.390584,0.616135,0.757422,0.698790,0.563430,0.375034,0.078243
10297.113476,0.725140,0.452074,0.664643,0.727787,0.592718,0.371426,0.165863,-0.131018
10297.117476,1.292124,0.472632,0.658998,0.641054,0.439183,0.156503,-0.031690,-0.304806
10297.121476,1.763313,0.468827,0.600379,0.512427,0.252637,-0.040349,-0.193057,-0.428337
10297.125475,2.130154,0.448712,0.491988,0.358034,0.062465,-0.183726,-0.304033,-0.492698
10297.129475,2.384505,0.410077,0.343355,0.193052,-0.098718,-0.259748,-0.358552,-0.499693
10297.133475,2.519051,0.347508,0.173417,0.033837,-0.211140,-0.278732,-0.360533,-0.460861
10297.137476,2.530491,0.260404,0.007836,-0.101950,-0.273121,-0.263442,-0.324058,-0.393513
10297.141476,2.426794,0.157156,-0.127483,-0.198691,-0.294850,-0.233378,-0.266639,-0.315915
10297.145476,2.229316,0.055198,-0.212141,-0.246427,-0.289306,-0.196813,-0.202579,-0.240679
10297.149272,1.963706,-0.024101,-0.235186,-0.244032,-0.264763,-0.154520,-0.142004,-0.169391
10297.153272,1.648784,-0.066598,-0.199546,-0.201478,-0.222158,-0.107915,-0.092086,-0.096156
10297.157271,1.294432,-0.072738,-0.124467,-0.137168,-0.160692,-0.062314,-0.055977,-0.020133
10297.161271,0.910080,-0.053548,-0.038705,-0.071495,-0.086113,-0.025712,-0.032226,0.046796
10297.165271,0.513676,-0.022844,0.033082,-0.022096,-0.012751,-0.007509,-0.018818,0.084885
10297.169272,0.130821,0.008719,0.079177,-0.000039,0.040964,-0.017033,-0.018035,0.078154
10297.173272,-0.213972,0.037823,0.100190,-0.005465,0.059388,-0.058873,-0.036474,0.025839
10297.177272,-0.505219,0.066141,0.102548,-0.028788,0.035968,-0.125433,-0.080577,-0.053649
10297.181272,-0.737154,0.090378,0.088680,-0.060795,-0.023594,-0.197155,-0.148898,-0.131139
10297.185271,-0.909374,0.096417,0.050684,-0.100451,-0.103558,-0.255239,-0.225884,-0.180441
10297.189271,-1.026110,0.065692,-0.022448,-0.152594,-0.185773,-0.291100,-0.286255,-0.186514
10297.193271,-1.097206,-0.013039,-0.132127,-0.222530,-0.257532,-0.302806,-0.306899,-0.147817
10297.197272,-1.132386,-0.134463,-0.267631,-0.309505,-0.313048,-0.289923,-0.275866,-0.075554
10297.201272,-1.134516,-0.276522,-0.409730,-0.398973,-0.348105,-0.253280,-0.196022,0.013568
10297.205272,-1.100762,-0.412256,-0.532254,-0.463172,-0.355543,-0.193410,-0.080857,0.108350
10297.209271,-1.027858,-0.521704,-0.606420,-0.473303,-0.327449,-0.108178,0.055705,0.207798
10297.213271,-0.915259,-0.592327,-0.611372,-0.414323,-0.258879,0.004232,0.203163,0.317447
10297.217271,-0.765856,-0.613664,-0.543200,-0.291169,-0.147710,0.140626,0.350852,0.440510
10297.221271,-0.585619,-0.576406,-0.413194,-0.123274,0.006085,0.293320,0.488359,0.567012
10297.225272,-0.383899,-0.477912,-0.238809,0.065921,0.198305,0.452680,0.608880,0.669372
10297.229272,-0.174680,-0.327666,-0.037821,0.258242,0.416332,0.605799,0.706219,0.710811
10297.233272,0.025186,-0.143814,0.174370,0.444332,0.635352,0.734730,0.768562,0.662312
10297.237271,0.199794,0.058083,0.387392,0.618290,0.820077,0.819894,0.777281,0.518774
10297.241271,0.334913,0.271696,0.594004,0.769539,0.935361,0.844278,0.712201,0.304689
10297.245271,0.420763,0.494845,0.783402,0.881811,0.958829,0.792869,0.561050,0.061362
10297.249271,0.460457,0.717848,0.937258,0.939402,0.885528,0.653848,0.327748,-0.177240
10297.253272,0.472502,0.915399,1.033838,0.931044,0.725111,0.426591,0.033774,-0.397283
10297.257272,0.479730,1.051775,1.055604,0.847006,0.497221,0.130575,-0.288246,-0.598309
10297.261272,0.493945,1.097390,0.992291,0.679265,0.225805,-0.194700,-0.603581,-0.781318
10297.265271,0.509633,1.039951,0.840496,0.429733,-0.067171,-0.505776,-0.880227,-0.940542
10297.269271,0.510944,0.884508,0.603334,0.115753,-0.364828,-0.775147,-1.091135,-1.057815
10297.273271,0.485241,0.649982,0.292079,-0.233588,-0.653797,-0.993761,-1.218047,-1.105129
10297.277293,0.432293,0.362292,-0.069847,-0.585362,-0.919263,-1.158143,-1.253287,-1.057737
10297.281293,0.361347,0.046368,-0.448192,-0.908221,-1.140900,-1.259050,-1.195991,-0.906803
10297.285292,0.279973,-0.277310,-0.806950,-1.172696,-1.295469,-1.279650,-1.047246,-0.663124
10297.289292,0.189433,-0.594216,-1.115544,-1.351205,-1.362123,-1.201954,-0.811834,-0.352742
10297.293293,0.091264,-0.894233,-1.350037,-1.423123,-1.324387,-1.015742,-0.503416,-0.006963
10297.297293,-0.007611,-1.163228,-1.492410,-1.380700,-1.173683,-0.724504,-0.142230,0.348787
10297.301293,-0.098683,-1.375494,-1.527841,-1.229006,-0.914137,-0.347629,0.250633,0.696891
10297.305293,-0.177002,-1.497271,-1.442933,-0.980776,-0.562206,0.080861,0.650991,1.018565
10297.309292,-0.241734,-1.499112,-1.232623,-0.652317,-0.144685,0.518141,1.025781,1.288361
10297.313292,-0.292697,-1.366036,-0.908791,-0.265108,0.301883,0.921763,1.334739,1.478066
10297.317292,-0.326225,-1.100050,-0.498866,0.152274,0.736865,1.257958,1.541187,1.561966
10297.321293,-0.336544,-0.720973,-0.039495,0.569794,1.125288,1.503841,1.623736,1.519733
10297.325293,-0.322104,-0.266964,0.429038,0.961354,1.440955,1.643162,1.579175,1.340559
10297.329293,-0.288048,0.213331,0.869461,1.300689,1.663569,1.663834,1.416589,1.029600
10297.333292,-0.242039,0.673949,1.251644,1.557094,1.776360,1.559923,1.149989,0.612090
10297.337292,-0.189578,1.078814,1.551699,1.700775,1.762621,1.331442,0.793648,0.131635
10297.341292,-0.134026,1.403093,1.750018,1.711787,1.605296,0.984914,0.363099,-0.359400
10297.345293,-0.079809,1.632244,1.829408,1.583880,1.296795,0.540471,-0.118381,-0.815386
10297.349293,-0.033008,1.757511,1.773489,1.323933,0.852593,0.036003,-0.614955,-1.206627
10297.353293,0.002597,1.769447,1.569635,0.951801,0.315188,-0.479871,-1.080833,-1.514505
10297.357292,0.028624,1.655407,1.218383,0.499492,-0.255686,-0.958909,-1.469572,-1.720283
10297.361292,0.049214,1.405653,0.742593,0.006134,-0.799045,-1.360473,-1.743950,-1.801399
10297.365292,0.066676,1.024812,0.189409,-0.488631,-1.266523,-1.654476,-1.879315,-1.741330
10297.369292,0.082619,0.539575,-0.376613,-0.948889,-1.628275,-1.822000,-1.862704,-1.540768
10297.373293,0.098696,-0.004664,-0.890121,-1.342951,-1.868506,-1.854938,-1.695975,-1.217380
10297.377293,0.111677,-0.556272,-1.304377,-1.641928,-1.975488,-1.754256,-1.399173,-0.799839
10297.381293,0.113289,-1.066013,-1.600248,-1.821380,-1.936919,-1.526853,-1.004226,-0.323092
10297.385292,0.099435,-1.488121,-1.779588,-1.865399,-1.748220,-1.184975,-0.544203,0.175842
10297.389292,0.077522,-1.785427,-1.848301,-1.769270,-1.423096,-0.748585,-0.050228,0.661867
10297.393292,0.062905,-1.938131,-1.804277,-1.539917,-0.990613,-0.246372,0.446304,1.104431
10297.397293,0.067907,-1.944748,-1.641297,-1.193123,-0.484820,0.283813,0.915301,1.477174
10297.401293,0.092994,-1.815392,-1.360089,-0.750524,0.058820,0.797068,1.330955,1.755223
10297.405339,0.125874,-1.563238,-0.972716,-0.241045,0.600426,1.250185,1.669395,1.913184
10297.409339,0.147944,-1.198131,-0.501282,0.297049,1.094839,1.608934,1.904353,1.927132
10297.413338,0.143778,-0.729768,0.022118,0.819374,1.499004,1.848306,2.007669,1.782491
10297.417339,0.107996,-0.182211,0.556658,1.281443,1.783765,1.951514,1.955913,1.484315
10297.421339,0.045608,0.395568,1.057363,1.641884,1.937116,1.909584,1.739170,1.059744
10297.425339,-0.032215,0.938836,1.479340,1.865899,1.956820,1.721251,1.365781,0.549968
10297.429338,-0.110138,1.389450,1.782492,1.934113,1.844698,1.396149,0.863261,0.002824
10297.433338,-0.167609,1.711712,1.938430,1.849890,1.605798,0.959249,0.277992,-0.532463
10297.437338,-0.184271,1.891832,1.936393,1.635040,1.248724,0.449486,-0.330023,-1.014753
10297.441338,-0.154913,1.928823,1.784389,1.316358,0.788616,-0.088504,-0.896919,-1.415956
10297.445339,-0.098438,1.828143,1.504235,0.914728,0.251840,-0.611628,-1.365539,-1.715045
10297.449339,-0.046170,1.598615,1.124033,0.444892,-0.320148,-1.080634,-1.696309,-1.891683
10297.453339,-0.019057,1.252430,0.673002,-0.074612,-0.871708,-1.462303,-1.872828,-1.927721
10297.457338,-0.017328,0.810947,0.179086,-0.609786,-1.344543,-1.732868,-1.898477,-1.813797
10297.461338,-0.028227,0.309455,-0.330928,-1.109500,-1.694866,-1.877998,-1.790437,-1.554844
10297.465338,-0.037750,-0.207232,-0.827079,-1.516828,-1.901322,-1.888071,-1.573643,-1.172063
10297.469338,-0.037740,-0.695009,-1.271709,-1.785372,-1.958434,-1.755641,-1.272689,-0.701311
10297.473339,-0.027415,-1.117722,-1.622485,-1.891749,-1.868214,-1.482442,-0.905479,-0.186222
10297.477339,-0.010841,-1.447475,-1.840638,-1.838455,-1.640000,-1.088888,-0.483953,0.331335
10297.481339,0.005872,-1.663328,-1.898661,-1.646618,-1.292850,-0.612100,-0.022481,0.815254
10297.485338,0.017697,-1.751860,-1.790068,-1.344988,-0.854657,-0.096254,0.453122,1.231678
10297.489338,0.023484,-1.707663,-1.535124,-0.961565,-0.359658,0.411710,0.906335,1.545620
10297.493338,0.025146,-1.534483,-1.171413,-0.519858,0.153847,0.864516,1.299012,1.726565
10297.497338,0.025923,-1.245422,-0.737929,-0.041727,0.645743,1.223043,1.596836,1.761260
10297.501339,0.029771,-0.862155,-0.267926,0.443976,1.076262,1.464703,1.769215,1.657943
10297.505339,0.039426,-0.416499,0.208669,0.895808,1.409692,1.584643,1.792360,1.436468
10297.509339,0.053783,0.048557,0.660570,1.264278,1.620360,1.591059,1.657288,1.119427
10297.513338,0.066795,0.483802,1.052471,1.505739,1.696386,1.497147,1.377818,0.733438
10297.517338,0.069901,0.848320,1.348560,1.599155,1.638944,1.313544,0.991778,0.311589
10297.521338,0.058782,1.124350,1.522398,1.552218,1.460175,1.046980,0.549147,-0.112298
10297.525338,0.039330,1.313018,1.563398,1.392650,1.181210,0.707557,0.094893,-0.510337
10297.529339,0.024221,1.415079,1.477509,1.155349,0.828610,0.318488,-0.338662,-0.859494
10297.533363,0.020415,1.421702,1.285312,0.869647,0.429972,-0.083260,-0.727660,-1.138728
10297.537363,0.021575,1.323620,1.014827,0.550687,0.013318,-0.457871,-1.048907,-1.329822
10297.541363,0.013708,1.123915,0.693368,0.205196,-0.390182,-0.775215,-1.278300,-1.420233
10297.545363,-0.012664,0.840534,0.344939,-0.154015,-0.747059,-1.019137,-1.397563,-1.405382
10297.549363,-0.052596,0.500463,-0.009657,-0.501583,-1.027863,-1.183527,-1.400330,-1.288005
10297.553363,-0.087037,0.134091,-0.351902,-0.805761,-1.212035,-1.265947,-1.292860,-1.075910
10297.557363,-0.096221,-0.227444,-0.661909,-1.038273,-1.288138,-1.261513,-1.091104,-0.781737
10297.561363,-0.074719,-0.554019,-0.915731,-1.178721,-1.254997,-1.162306,-0.815472,-0.426912
10297.565363,-0.034313,-0.819107,-1.089778,-1.216112,-1.124335,-0.967239,-0.490490,-0.045915
10297.569362,0.005578,-1.003067,-1.168175,-1.151636,-0.918981,-0.692869,-0.149989,0.318163
10297.573363,0.029126,-1.095994,-1.145467,-0.997666,-0.666453,-0.372081,0.165910,0.626032
10297.577363,0.029541,-1.097525,-1.026328,-0.773275,-0.391771,-0.042521,0.425726,0.851458
10297.581363,0.010748,-1.013461,-0.826279,-0.502691,-0.113316,0.262124,0.619322,0.982395
10297.585363,-0.013324,-0.853822,-0.572130,-0.215569,0.154341,0.513598,0.755081,1.018240
10297.589363,-0.025176,-0.634907,-0.297181,0.056353,0.394857,0.691706,0.843533,0.967520
10297.593363,-0.015098,-0.381506,-0.031684,0.287294,0.589706,0.789109,0.883554,0.846202
10297.597363,0.010908,-0.123741,0.202539,0.463529,0.721948,0.811279,0.864102,0.674624
10297.601363,0.034848,0.111190,0.391842,0.581979,0.781826,0.771027,0.775988,0.472824
10297.605363,0.039925,0.306175,0.530509,0.646898,0.771531,0.682156,0.620392,0.258115
10297.609363,0.022981,0.455109,0.617763,0.667573,0.703403,0.557717,0.411272,0.047063
10297.613363,-0.003444,0.557607,0.652402,0.652258,0.593129,0.411839,0.176160,-0.142254
10297.617363,-0.021531,0.611962,0.633842,0.601531,0.454582,0.257586,-0.047147,-0.291828
10297.621363,-0.022140,0.613062,0.567819,0.509532,0.299061,0.103722,-0.223578,-0.387260
10297.625363,-0.011101,0.557989,0.466516,0.374381,0.137252,-0.041908,-0.335481,-0.421582
10297.629363,-0.002851,0.453278,0.341941,0.209511,-0.019035,-0.168393,-0.385678,-0.401416
10297.633363,-0.006264,0.315990,0.202704,0.044897,-0.156019,-0.264517,-0.388880,-0.348058
10297.637363,-0.017545,0.169878,0.059115,-0.085348,-0.258996,-0.322865,-0.360413,-0.285243
10297.641363,-0.026561,0.040420,-0.073028,-0.161479,-0.315995,-0.339707,-0.309638,-0.226053
10297.645363,-0.024799,-0.052718,-0.176191,-0.188273,-0.321564,-0.313212,-0.241312,-0.172466
10297.649363,-0.008554,-0.101712,-0.235596,-0.187193,-0.279471,-0.244910,-0.161868,-0.122163
10297.653363,0.019221,-0.109844,-0.242930,-0.178285,-0.204087,-0.146257,-0.082545,-0.074119
10297.657363,0.049994,-0.088450,-0.201464,-0.168643,-0.116787,-0.042847,-0.017142,-0.031088
10297.661384,0.072795,-0.053265,-0.125282,-0.152409,-0.037584,0.033871,0.020778,0.000684
10297.665384,0.076570,-0.018122,-0.033549,-0.118274,0.020512,0.062972,0.021703,0.012062
10297.669384,0.054723,0.009996,0.050905,-0.061494,0.051266,0.044010,-0.014112,-0.007413
10297.673385,0.011064,0.031434,0.104578,0.006514,0.050609,-0.007782,-0.074955,-0.061596
10297.677384,-0.039009,0.049777,0.114184,0.060258,0.012846,-0.075844,-0.141891,-0.137907
10297.681384,-0.075200,0.064220,0.083486,0.073642,-0.063295,-0.151507,-0.195996,-0.209141
10297.685384,-0.083049,0.066377,0.026874,0.031866,-0.165928,-0.232595,-0.226953,-0.246677
10297.689384,-0.060676,0.045148,-0.042294,-0.065767,-0.273578,-0.316118,-0.237086,-0.233657
10297.693384,-0.018599,-0.008697,-0.118558,-0.204162,-0.364192,-0.390254,-0.235369,-0.173222
10297.697384,0.025388,-0.100979,-0.203320,-0.351960,-0.418457,-0.433581,-0.225988,-0.085305
10297.701385,0.055108,-0.229664,-0.297540,-0.472172,-0.422004,-0.423320,-0.199462,0.011166
10297.705384,0.063937,-0.377930,-0.395054,-0.537321,-0.370499,-0.345075,-0.134357,0.111320
10297.709384,0.054571,-0.514901,-0.480877,-0.535297,-0.272444,-0.198688,-0.012155,0.218714
10297.713384,0.032879,-0.607940,-0.533685,-0.467329,-0.145344,0.000284,0.166792,0.335392
10297.717384,0.004758,-0.635253,-0.532188,-0.344977,-0.006840,0.223333,0.378422,0.458048
10297.721384,-0.023176,-0.590456,-0.462184,-0.184957,0.134635,0.438215,0.582602,0.574397
10297.725384,-0.043167,-0.480383,-0.321212,-0.001155,0.282562,0.621309,0.739618,0.662289
10297.729385,-0.048297,-0.318065,-0.120771,0.199368,0.442483,0.761889,0.824073,0.699702
10297.733384,-0.037086,-0.116721,0.115313,0.412101,0.607057,0.854826,0.826568,0.675552
10297.737384,-0.015337,0.109893,0.356959,0.626465,0.752229,0.891534,0.751018,0.587572
10297.741384,0.007399,0.344579,0.577584,0.821093,0.847865,0.860580,0.612981,0.435758
10297.745384,0.022214,0.567912,0.761915,0.967588,0.870323,0.755765,0.431154,0.224206
10297.749384,0.023927,0.762739,0.903574,1.038956,0.809943,0.580562,0.216441,-0.034082
10297.753385,0.012848,0.914919,0.994822,1.016964,0.674318,0.347387,-0.028504,-0.317679
10297.757385,-0.004589,1.011064,1.019838,0.896670,0.483078,0.074089,-0.300079,-0.599877
10297.761384,-0.017902,1.039912,0.959948,0.688322,0.255190,-0.219939,-0.584288,-0.852064
10297.765384,-0.019737,0.995449,0.806736,0.413928,0.000073,-0.513286,-0.854040,-1.047931
10297.769384,-0.011807,0.876163,0.568798,0.098044,-0.280668,-0.783306,-1.074046,-1.166975
10297.773384,-0.002088,0.681513,0.267167,-0.238151,-0.582614,-1.012161,-1.211259,-1.195248
10297.777384,0.002086,0.412156,-0.072243,-0.574790,-0.886734,-1.187183,-1.246970,-1.124976
10297.781385,-0.002633,0.077279,-0.422415,-0.890353,-1.156432,-1.294073,-1.181500,-0.957622
10297.785385,-0.015175,-0.298475,-0.756682,-1.161384,-1.347195,-1.314954,-1.026438,-0.707333
10297.789405,-0.030138,-0.677190,-1.049908,-1.361478,-1.422559,-1.233630,-0.793276,-0.396347
10297.793405,-0.040275,-1.016187,-1.278721,-1.461423,-1.365241,-1.042594,-0.491812,-0.045355
10297.797405,-0.039705,-1.278224,-1.421613,-1.436622,-1.178455,-0.747316,-0.136412,0.328446
10297.801405,-0.024839,-1.440787,-1.460387,-1.278949,-0.881398,-0.366874,0.251426,0.704011
10297.805405,0.003211,-1.496958,-1.384135,-1.002432,-0.503369,0.067440,0.643759,1.051877
10297.809405,0.035695,-1.446591,-1.192735,-0.637732,-0.078604,0.516775,1.007118,1.338427
10297.813405,0.060464,-1.289069,-0.895727,-0.221515,0.358043,0.940512,1.307509,1.532889
10297.817405,0.070262,-1.026240,-0.510991,0.209745,0.774005,1.299968,1.516811,1.610536
10297.821406,0.065478,-0.670345,-0.065682,0.621854,1.139834,1.562021,1.615010,1.555439
10297.825405,0.050530,-0.245906,0.403633,0.985821,1.431898,1.702782,1.590018,1.365963
10297.829405,0.029920,0.215587,0.852742,1.278928,1.633485,1.710882,1.439147,1.056078
10297.833405,0.008213,0.679922,1.237122,1.484991,1.726780,1.588853,1.171429,0.650672
10297.837405,-0.009873,1.109556,1.522754,1.597755,1.688694,1.348661,0.805802,0.181556
10297.841405,-0.021512,1.464540,1.691193,1.618515,1.503871,1.005424,0.366678,-0.314141
10297.845405,-0.025214,1.709090,1.737747,1.544638,1.180272,0.577191,-0.116829,-0.796422
10297.849406,-0.020574,1.817438,1.665581,1.364254,0.749945,0.089649,-0.609768,-1.225616
10297.853405,-0.011540,1.776664,1.478034,1.064418,0.258593,-0.421575,-1.072186,-1.564228
10297.857405,-0.005523,1.590456,1.176470,0.644557,-0.246014,-0.913243,-1.461283,-1.781455
10297.861405,-0.006573,1.280710,0.769006,0.127580,-0.722975,-1.339854,-1.737411,-1.861095
10297.865405,-0.010988,0.881539,0.281558,-0.437018,-1.142834,-1.661767,-1.873970,-1.803517
10297.869405,-0.011715,0.427121,-0.243486,-0.982368,-1.486272,-1.852712,-1.862852,-1.617528
10297.873405,-0.007532,-0.057177,-0.759976,-1.442368,-1.737677,-1.903787,-1.711735,-1.310851
10297.877405,-0.003906,-0.551150,-1.226640,-1.768369,-1.878806,-1.821390,-1.436354,-0.890391
10297.881405,-0.003978,-1.027651,-1.606468,-1.935645,-1.889099,-1.616499,-1.053492,-0.373637
10297.885405,-0.005384,-1.445718,-1.865583,-1.940978,-1.752713,-1.296209,-0.583354,0.199761
10297.889405,-0.007182,-1.759059,-1.976807,-1.797822,-1.468560,-0.869389,-0.057983,0.769080
10297.893405,-0.012964,-1.933329,-1.926274,-1.529410,-1.057978,-0.357663,0.479830,1.267864
10297.897405,-0.024843,-1.953644,-1.717807,-1.160634,-0.561022,0.201364,0.987578,1.643832
10297.901406,-0.038418,-1.820343,-1.370833,-0.714633,-0.022190,0.759437,1.428531,1.872263
10297.905405,-0.045395,-1.544937,-0.916692,-0.214054,0.520049,1.266483,1.767707,1.955270
10297.909405,-0.039098,-1.148243,-0.396098,0.315553,1.032852,1.676552,1.970695,1.906071
10297.913405,-0.016787,-0.658433,0.146668,0.839102,1.482461,1.950268,2.012339,1.731767
10297.917452,0.019756,-0.111752,0.669785,1.309329,1.828936,2.059981,1.886355,1.432622
10297.921451,0.061966,0.445175,1.136697,1.677851,2.030207,1.996306,1.607330,1.016077
10297.925452,0.094291,0.959670,1.517539,1.910414,2.055203,1.769570,1.206423,0.508507
10297.929451,0.101643,1.384785,1.787895,1.990513,1.895674,1.406389,0.723701,-0.044970
10297.933451,0.079743,1.688504,1.927092,1.914881,1.570999,0.944180,0.200828,-0.590291
10297.937451,0.037013,1.855680,1.920613,1.690450,1.126749,0.424450,-0.323136,-1.075990
10297.941451,-0.011695,1.885917,1.764331,1.333231,0.623355,-0.112608,-0.814450,-1.461554
10297.945452,-0.050768,1.788989,1.468137,0.870505,0.114423,-0.629075,-1.245432,-1.722727
10297.949451,-0.068677,1.578010,1.058614,0.343853,-0.369253,-1.087550,-1.590719,-1.851339
10297.953451,-0.062729,1.265060,0.576642,-0.196894,-0.816778,-1.453166,-1.823026,-1.848939
10297.957451,-0.040099,0.863014,0.067771,-0.705957,-1.221785,-1.701908,-1.916154,-1.720885
10297.961451,-0.014628,0.388581,-0.428653,-1.147863,-1.565956,-1.825203,-1.854598,-1.474630
10297.965451,0.000486,-0.133983,-0.883882,-1.496161,-1.812425,-1.823077,-1.641384,-1.122522
10297.969451,0.001146,-0.665541,-1.276268,-1.730611,-1.917385,-1.696550,-1.299551,-0.686986
10297.973452,-0.006247,-1.151393,-1.584956,-1.836481,-1.851846,-1.448784,-0.867230,-0.200815
10297.977451,-0.012643,-1.535452,-1.787109,-1.805430,-1.615655,-1.089912,-0.387334,0.298349
10297.981451,-0.014699,-1.777832,-1.859377,-1.636817,-1.237317,-0.641519,0.102700,0.771944
10297.985451,-0.014859,-1.861312,-1.781785,-1.341048,-0.766196,-0.139682,0.572998,1.180629
10297.989451,-0.014454,-1.788032,-1.546916,-0.943265,-0.261062,0.367912,0.996211,1.487303
10297.993451,-0.009223,-1.574253,-1.171126,-0.481061,0.224094,0.831943,1.344740,1.665625
10297.997451,0.006052,-1.245637,-0.695192,0.003398,0.651241,1.212510,1.590853,1.706071
10298.001452,0.029051,-0.834100,-0.173850,0.469021,1.001567,1.483462,1.707830,1.614523
10298.005451,0.048413,-0.375405,0.334583,0.877384,1.270357,1.630162,1.679021,1.407552
10298.009451,0.051337,0.093319,0.776335,1.196671,1.455468,1.647745,1.510021,1.107770
10298.013451,0.033392,0.534231,1.113082,1.408896,1.547894,1.541573,1.227769,0.739991
10298.017451,0.003030,0.910792,1.330743,1.511855,1.533487,1.325742,0.868452,0.330807
10298.021451,-0.022344,1.194577,1.435778,1.512561,1.403575,1.018488,0.467397,-0.088366
10298.025451,-0.027040,1.369954,1.442348,1.419586,1.163880,0.640248,0.053631,-0.482382
10298.029452,-0.008143,1.433228,1.363093,1.239526,0.834614,0.219447,-0.350343,-0.822315
10298.033451,0.022013,1.392507,1.207267,0.976937,0.446049,-0.202680,-0.721667,-1.093571
10298.037451,0.044604,1.264391,0.981920,0.638399,0.036653,-0.580859,-1.030305,-1.288898
10298.041451,0.046938,1.063070,0.695708,0.241494,-0.351223,-0.882105,-1.242369,-1.394788
10298.045476,0.028547,0.796162,0.364230,-0.178499,-0.683367,-1.093415,-1.334750,-1.390828
10298.049476,-0.002476,0.474340,0.011406,-0.573691,-0.942355,-1.216222,-1.308101,-1.263697
10298.053475,-0.035483,0.119758,-0.334162,-0.897377,-1.122460,-1.254822,-1.183531,-1.022545
10298.057475,-0.061232,-0.236080,-0.645194,-1.117235,-1.219421,-1.210001,-0.988496,-0.702567
10298.061476,-0.074081,-0.558553,-0.898549,-1.223539,-1.227445,-1.082180,-0.746395,-0.352418
10298.065476,-0.070913,-0.815520,-1.071709,-1.226075,-1.142337,-0.876524,-0.473153,-0.015430
10298.069476,-0.051516,-0.983634,-1.144203,-1.140706,-0.965909,-0.605206,-0.179973,0.281945
10298.073476,-0.021453,-1.054051,-1.109665,-0.981631,-0.711305,-0.290213,0.118657,0.529474
10298.077475,0.009668,-1.033143,-0.981995,-0.763459,-0.405678,0.034465,0.399163,0.724625
10298.081475,0.033027,-0.937201,-0.787499,-0.501535,-0.085913,0.329474,0.633138,0.864208
10298.085476,0.043975,-0.785068,-0.554470,-0.211449,0.210007,0.564530,0.798801,0.939856
10298.089476,0.043465,-0.593550,-0.306705,0.084067,0.452083,0.725949,0.887463,0.940450
10298.093476,0.036145,-0.378060,-0.062373,0.350812,0.623724,0.812212,0.898857,0.863015
10298.097476,0.026475,-0.155599,0.161526,0.554248,0.719636,0.827748,0.836431,0.719519
10298.101476,0.016628,0.056464,0.347615,0.676267,0.742715,0.779908,0.711208,0.530227
10298.105475,0.007081,0.244584,0.484153,0.720677,0.706062,0.678566,0.544543,0.315923
10298.109475,-0.001721,0.398513,0.570192,0.704671,0.629822,0.538410,0.360979,0.097357
10298.113476,-0.007370,0.508256,0.611296,0.645719,0.528897,0.377299,0.176487,-0.105133
10298.117476,-0.005358,0.566214,0.610113,0.554650,0.407391,0.208102,-0.004075,-0.273143
10298.121476,0.006095,0.571887,0.564906,0.437392,0.266133,0.037002,-0.174905,-0.390397
10298.125476,0.021677,0.531580,0.477405,0.299792,0.112212,-0.126287,-0.318663,-0.446943
10298.129476,0.031702,0.454002,0.357608,0.150035,-0.037647,-0.261294,-0.412706,-0.445598
10298.133475,0.028343,0.348274,0.221199,-0.000230,-0.161815,-0.343645,-0.443390,-0.400184
10298.137475,0.010206,0.226358,0.085353,-0.134300,-0.243087,-0.360189,-0.414019,-0.328430
10298.141476,-0.017179,0.104957,-0.033911,-0.232563,-0.273774,-0.319350,-0.343336,-0.247432
10298.145476,-0.044698,0.001318,-0.123679,-0.278352,-0.255937,-0.246516,-0.255323,-0.169231
10298.149476,-0.062726,-0.072469,-0.175974,-0.264191,-0.203181,-0.167581,-0.168735,-0.098422
10298.153476,-0.063481,-0.109882,-0.188550,-0.198433,-0.137911,-0.097081,-0.095718,-0.036800
10298.157475,-0.045419,-0.110623,-0.165349,-0.105340,-0.079039,-0.039942,-0.042742,0.009841
10298.161475,-0.016192,-0.083827,-0.115999,-0.013312,-0.035229,0.000871,-0.009131,0.030676
10298.165476,0.011678,-0.044358,-0.052289,0.056514,-0.009605,0.019462,0.009549,0.017260
10298.169476,0.029121,-0.002003,0.014141,0.091904,-0.003422,0.009185,0.014628,-0.028398
10298.173272,0.034001,0.041924,0.070430,0.088744,-0.015225,-0.028891,0.003159,-0.093656
10298.177272,0.028170,0.084833,0.102070,0.051548,-0.041448,-0.083472,-0.027691,-0.159868
10298.181271,0.013931,0.113157,0.095703,-0.009982,-0.079874,-0.141518,-0.076458,-0.208084
10298.185271,-0.005022,0.105364,0.044317,-0.087145,-0.131222,-0.194947,-0.135580,-0.226132
10298.189272,-0.021119,0.046024,-0.047953,-0.174381,-0.194459,-0.239716,-0.193122,-0.213044
10298.193272,-0.026215,-0.061110,-0.165335,-0.266966,-0.261599,-0.273188,-0.237135,-0.174263
10298.197272,-0.017590,-0.193693,-0.284627,-0.359839,-0.320882,-0.291518,-0.257883,-0.111882
10298.201272,0.001597,-0.324473,-0.383604,-0.445789,-0.362925,-0.288322,-0.246064,-0.023516
10298.205271,0.024507,-0.434580,-0.450980,-0.509263,-0.378411,-0.256717,-0.189726,0.090609
10298.209271,0.041118,-0.516904,-0.487549,-0.526631,-0.352316,-0.190278,-0.076106,0.223858
10298.213272,0.041502,-0.569198,-0.495723,-0.478604,-0.268437,-0.082111,0.096703,0.364207
10298.217272,0.023311,-0.584106,-0.471759,-0.360339,-0.122274,0.071264,0.307693,0.496403
10298.221272,-0.005360,-0.548070,-0.407796,-0.181402,0.071788,0.262241,0.517365,0.606373
10298.225272,-0.031728,-0.450973,-0.295297,0.038004,0.286381,0.468822,0.686529,0.685565
10298.229272,-0.045153,-0.294710,-0.127786,0.271902,0.493685,0.659231,0.789928,0.727232
10298.233271,-0.041603,-0.093086,0.092549,0.495856,0.671472,0.801799,0.817245,0.718026
10298.237271,-0.024542,0.133059,0.348849,0.692409,0.801120,0.872880,0.769072,0.638859
10298.241272,0.000945,0.361943,0.610592,0.850140,0.867376,0.859527,0.652915,0.475835
10298.245272,0.032047,0.576171,0.839300,0.959093,0.862301,0.760681,0.479647,0.230793
10298.249272,0.063008,0.762229,0.998669,1.006135,0.786707,0.587037,0.259873,-0.073661
10298.253272,0.082131,0.906204,1.068116,0.974887,0.646230,0.358000,0.002435,-0.397980
10298.257271,0.078315,0.994332,1.046350,0.853881,0.447611,0.096448,-0.281523,-0.699096
10298.261271,0.048624,1.017344,0.940439,0.645237,0.200040,-0.178086,-0.571911,-0.944118
10298.265271,0.001337,0.971272,0.755524,0.365831,-0.081653,-0.452525,-0.838096,-1.115806
10298.269272,-0.046828,0.854095,0.496364,0.042014,-0.377138,-0.715965,-1.046597,-1.209218
10298.273272,-0.079830,0.663768,0.175764,-0.298029,-0.663369,-0.953551,-1.173303,-1.223157
10298.277272,-0.089565,0.401511,-0.181301,-0.629018,-0.916623,-1.144270,-1.209665,-1.153265
10298.281272,-0.076054,0.076682,-0.541473,-0.927456,-1.114312,-1.263683,-1.158157,-0.991823
10298.285271,-0.044653,-0.290982,-0.868886,-1.167786,-1.237362,-1.290184,-1.023529,-0.734431
10298.289271,-0.004731,-0.669843,-1.130588,-1.324550,-1.271361,-1.211682,-0.809200,-0.390189
10298.293271,0.030271,-1.017645,-1.304581,-1.382727,-1.207294,-1.028123,-0.520670,0.012977
10298.297272,0.047736,-1.290416,-1.385204,-1.342660,-1.044169,-0.748631,-0.170428,0.433866
10298.301318,0.044404,-1.455258,-1.376282,-1.212520,-0.791803,-0.388918,0.221315,0.829567
10298.305318,0.027056,-1.499051,-1.278364,-0.998880,-0.469366,0.028872,0.627426,1.164837
10298.309317,0.005201,-1.428698,-1.086683,-0.704487,-0.099473,0.475680,1.010879,1.416054
10298.313317,-0.014033,-1.261511,-0.801096,-0.334275,0.295633,0.913796,1.325483,1.569006
10298.317317,-0.025854,-1.010045,-0.433786,0.094241,0.691777,1.297316,1.528953,1.613206
10298.321317,-0.027696,-0.676414,-0.009318,0.546378,1.060270,1.579383,1.599317,1.540669
10298.325318,-0.021097,-0.264742,0.438583,0.978578,1.370477,1.725389,1.539915,1.349055
10298.329317,-0.010733,0.203311,0.871839,1.351330,1.593596,1.724779,1.370242,1.042830
10298.333317,-0.000579,0.685364,1.252627,1.633194,1.704102,1.589812,1.111940,0.636468
10298.337317,0.006655,1.126562,1.546421,1.796779,1.681078,1.342112,0.780331,0.159923
10298.341317,0.009353,1.475928,1.724591,1.818483,1.512038,1.001474,0.385666,-0.343802
10298.345317,0.009270,1.702176,1.767780,1.685643,1.200800,0.584732,-0.058994,-0.827753
10298.349318,0.009672,1.796506,1.669941,1.403087,0.774420,0.109720,-0.530882,-1.248910
10298.353318,0.011645,1.762865,1.439644,0.993366,0.277609,-0.400240,-0.995325,-1.574674
10298.357317,0.015890,1.606485,1.097087,0.493104,-0.242933,-0.910431,-1.408425,-1.786026
10298.361317,0.023672,1.331358,0.670194,-0.050534,-0.747431,-1.373329,-1.724427,-1.873790
10298.365317,0.033056,0.947531,0.191873,-0.584634,-1.201019,-1.737854,-1.903204,-1.832016
10298.369317,0.037211,0.478064,-0.303525,-1.060193,-1.569684,-1.962825,-1.916075,-1.654550
10298.373318,0.027641,-0.041410,-0.784874,-1.441953,-1.820535,-2.025659,-1.755087,-1.339807
10298.377317,0.001303,-0.569473,-1.225879,-1.710527,-1.928949,-1.922814,-1.441351,-0.902273
10298.381317,-0.032512,-1.065948,-1.599521,-1.857528,-1.886412,-1.665161,-1.018508,-0.377293
10298.385317,-0.055457,-1.492003,-1.870443,-1.879900,-1.699717,-1.274774,-0.533736,0.186286
10298.389317,-0.054611,-1.807422,-1.999684,-1.777031,-1.386680,-0.783331,-0.024300,0.736536
10298.393317,-0.032529,-1.976253,-1.961202,-1.550170,-0.975090,-0.229830,0.482459,1.226394
10298.397317,-0.002882,-1.978593,-1.752243,-1.205563,-0.498585,0.341183,0.960794,1.618895
10298.401318,0.020235,-1.816852,-1.392738,-0.760874,0.010923,0.882057,1.379627,1.889040
10298.405317,0.028896,-1.513801,-0.919802,-0.247236,0.525410,1.347753,1.704668,2.020344
10298.409317,0.022148,-1.104887,-0.379165,0.295166,1.016374,1.702325,1.905580,1.999199
10298.413317,0.006196,-0.627714,0.182469,0.822524,1.449337,1.921719,1.961242,1.817644
10298.417317,-0.006446,-0.115969,0.720952,1.291154,1.784365,1.994335,1.863950,1.484810
10298.421317,-0.005990,0.399447,1.196437,1.660752,1.985477,1.922278,1.621690,1.032608
10298.425317,0.004739,0.887475,1.575827,1.899853,2.030126,1.718827,1.255341,0.507403
10298.429339,0.014767,1.315831,1.834398,1.989405,1.911303,1.400340,0.793628,-0.044225
10298.433338,0.016653,1.652660,1.954292,1.921304,1.637305,0.982330,0.269830,-0.582491
10298.437339,0.009557,1.870281,1.924659,1.699427,1.233400,0.486155,-0.278624,-1.071040
10298.441339,-0.003270,1.949444,1.746645,1.343740,0.739253,-0.053431,-0.808404,-1.472302
10298.445338,-0.015752,1.881730,1.437859,0.889443,0.199261,-0.591838,-1.272082,-1.751874
10298.449338,-0.022043,1.668026,1.030851,0.380498,-0.345203,-1.083705,-1.626871,-1.889246
10298.453338,-0.020760,1.317917,0.563205,-0.139473,-0.856550,-1.487268,-1.843429,-1.883033
10298.457338,-0.015632,0.853958,0.067351,-0.635179,-1.300105,-1.768178,-1.909254,-1.746859
10298.461339,-0.012208,0.316516,-0.428011,-1.079973,-1.645535,-1.906322,-1.827857,-1.501643
10298.465339,-0.013369,-0.237542,-0.891076,-1.448634,-1.868082,-1.897464,-1.615109,-1.167559
10298.469339,-0.016646,-0.748146,-1.287233,-1.712965,-1.947607,-1.746861,-1.294296,-0.757440
10298.473338,-0.014749,-1.170491,-1.585045,-1.847023,-1.870641,-1.464831,-0.891137,-0.280018
10298.477338,-0.001321,-1.481539,-1.760735,-1.834991,-1.638222,-1.070717,-0.431057,0.244391
10298.481338,0.020941,-1.673198,-1.800068,-1.673379,-1.272514,-0.598634,0.058989,0.770400
10298.485338,0.040242,-1.744697,-1.700486,-1.371494,-0.815481,-0.096270,0.546423,1.232632
10298.489339,0.044168,-1.699117,-1.473347,-0.955765,-0.318202,0.385965,0.990483,1.569036
10298.493339,0.028226,-1.540824,-1.142173,-0.472345,0.173267,0.809834,1.347275,1.744838
10298.497338,0.000047,-1.275171,-0.736373,0.020858,0.624047,1.155827,1.584262,1.760827
10298.501338,-0.024330,-0.915024,-0.286470,0.471455,1.008639,1.416279,1.689616,1.644427
10298.505338,-0.031412,-0.487212,0.176289,0.847386,1.309250,1.582947,1.666161,1.431314
10298.509338,-0.020083,-0.029190,0.619709,1.137950,1.513241,1.640934,1.521805,1.148014
10298.513339,-0.002075,0.419447,1.010396,1.343325,1.609637,1.574102,1.268243,0.805254
10298.517339,0.008651,0.822780,1.313920,1.463818,1.589450,1.377407,0.924370,0.407938
10298.521339,0.007777,1.151634,1.501539,1.494714,1.448953,1.067562,0.518129,-0.026872
10298.525338,0.001675,1.384560,1.560728,1.427162,1.193939,0.682346,0.085612,-0.463434
10298.529338,-0.000249,1.507527,1.497076,1.253439,0.844244,0.266961,-0.334226,-0.857379
10298.533338,0.006637,1.514873,1.325820,0.975076,0.434945,-0.139977,-0.707804,-1.170158
10298.537338,0.018476,1.408796,1.064301,0.612388,0.010921,-0.511517,-1.010829,-1.376629
10298.541339,0.026152,1.196298,0.732681,0.205746,-0.384195,-0.830383,-1.225841,-1.465858
10298.545339,0.022796,0.890958,0.357046,-0.197216,-0.717939,-1.083698,-1.339120,-1.439614
10298.549338,0.008759,0.518055,-0.032135,-0.556508,-0.971118,-1.258065,-1.342226,-1.307358
10298.553338,-0.008934,0.113204,-0.403156,-0.845937,-1.135122,-1.337244,-1.237561,-1.079569
10298.557363,-0.021418,-0.283845,-0.725464,-1.051224,-1.209366,-1.304661,-1.042053,-0.769504
10298.561363,-0.023291,-0.632779,-0.972856,-1.164361,-1.197008,-1.153936,-0.783637,-0.403067
10298.565363,-0.015449,-0.896083,-1.126518,-1.180916,-1.101630,-0.900607,-0.491545,-0.021303
10298.569363,-0.003395,-1.048458,-1.178436,-1.103934,-0.929472,-0.580573,-0.188756,0.330672
10298.573363,0.008163,-1.087626,-1.132800,-0.948504,-0.692072,-0.235659,0.108425,0.617642
10298.577363,0.018004,-1.034190,-1.001230,-0.738343,-0.406690,0.095936,0.386700,0.820445
10298.581362,0.025556,-0.918724,-0.798321,-0.495609,-0.099426,0.379975,0.630448,0.934638
10298.585363,0.027258,-0.767118,-0.544014,-0.235604,0.194536,0.590998,0.818189,0.966768
10298.589363,0.018110,-0.592687,-0.266893,0.028415,0.440718,0.721259,0.926154,0.928924
10298.593363,-0.001645,-0.397913,-0.000065,0.278567,0.615133,0.780243,0.937718,0.834011
10298.597363,-0.023784,-0.183795,0.229201,0.491618,0.707367,0.783611,0.853320,0.694498
10298.601363,-0.038800,0.041158,0.407108,0.644898,0.722868,0.742006,0.695410,0.521238
10298.605362,-0.043256,0.257177,0.532107,0.725531,0.682195,0.659024,0.501330,0.323659
10298.609362,-0.039603,0.436150,0.607875,0.735386,0.610436,0.537453,0.305304,0.114247
10298.613363,-0.031770,0.551793,0.638305,0.687180,0.523054,0.384263,0.125297,-0.088529
10298.617363,-0.022755,0.590530,0.625933,0.596248,0.421618,0.210912,-0.033734,-0.263249
10298.621363,-0.015000,0.556663,0.570706,0.474238,0.301485,0.031811,-0.167593,-0.392343
10298.625363,-0.010295,0.471317,0.472607,0.327364,0.161692,-0.136185,-0.267208,-0.468130
10298.629363,-0.009371,0.363819,0.338659,0.160170,0.011029,-0.271467,-0.324662,-0.491300
10298.633362,-0.012212,0.259372,0.185770,-0.015656,-0.131117,-0.349514,-0.341134,-0.464463
10298.637363,-0.015934,0.172461,0.036497,-0.174404,-0.241361,-0.356243,-0.326543,-0.392915
10298.641363,-0.012250,0.106887,-0.088111,-0.282825,-0.301859,-0.301715,-0.291806,-0.289949
10298.645363,0.006423,0.058223,-0.173682,-0.318278,-0.305698,-0.216768,-0.243257,-0.175653
10298.649363,0.036346,0.017852,-0.212907,-0.282189,-0.258490,-0.135089,-0.185347,-0.071690
10298.653363,0.063791,-0.021274,-0.205419,-0.198748,-0.176454,-0.078347,-0.125429,0.003671
10298.657363,0.077036,-0.058510,-0.159917,-0.101791,-0.082348,-0.052280,-0.072694,0.041014
10298.661362,0.073118,-0.082787,-0.093078,-0.019619,-0.002005,-0.049372,-0.033949,0.041676
10298.665363,0.056870,-0.077419,-0.022936,0.033645,0.042335,-0.055204,-0.013414,0.013440
10298.669363,0.038249,-0.032976,0.036947,0.058234,0.041516,-0.057468,-0.015632,-0.033952
10298.673363,0.026428,0.040427,0.076256,0.061119,0.001996,-0.052980,-0.044290,-0.089218
10298.677363,0.021247,0.114428,0.084646,0.046100,-0.061294,-0.049293,-0.096676,-0.139436
10298.681363,0.013649,0.156380,0.054710,0.010581,-0.133027,-0.061163,-0.160519,-0.171760
10298.685385,-0.002315,0.142992,-0.012030,-0.049749,-0.200873,-0.101504,-0.217736,-0.176868
10298.689385,-0.021958,0.068676,-0.102741,-0.133940,-0.256703,-0.171553,-0.253489,-0.154670
10298.693384,-0.036053,-0.051712,-0.198002,-0.233552,-0.297041,-0.256855,-0.261069,-0.115389
10298.697384,-0.041112,-0.190296,-0.282767,-0.335030,-0.321803,-0.330012,-0.237893,-0.069625
10298.701384,-0.041149,-0.321205,-0.352596,-0.419988,-0.331995,-0.361164,-0.181825,-0.016283
10298.705384,-0.039727,-0.431919,-0.407855,-0.467014,-0.326679,-0.330606,-0.092515,0.058205
10298.709384,-0.035999,-0.521674,-0.444568,-0.461259,-0.299088,-0.233340,0.027759,0.167243
10298.713384,-0.030830,-0.588138,-0.452331,-0.402873,-0.236466,-0.077295,0.174778,0.310374
10298.717384,-0.029146,-0.617656,-0.419670,-0.303688,-0.127659,0.118993,0.340999,0.470670
10298.721384,-0.032989,-0.591605,-0.340664,-0.175475,0.028103,0.329866,0.511903,0.619825
10298.725384,-0.037100,-0.500812,-0.217336,-0.021382,0.219140,0.527834,0.663527,0.725133
10298.729384,-0.033705,-0.350817,-0.057537,0.162039,0.425625,0.688611,0.767507,0.759161
10298.733384,-0.020114,-0.153881,0.128787,0.374333,0.625143,0.795126,0.803307,0.708735
10298.737384,-0.000238,0.078625,0.331613,0.599943,0.794865,0.838738,0.764131,0.577509
10298.741385,0.020121,0.332470,0.538734,0.806190,0.911938,0.815969,0.652836,0.381355
10298.745384,0.036897,0.585097,0.732066,0.954386,0.955970,0.726225,0.478610,0.140222
10298.749384,0.047374,0.809969,0.887760,1.015146,0.913241,0.573586,0.255354,-0.127450
10298.753384,0.049419,0.983674,0.982309,0.977228,0.780390,0.367551,-0.000808,-0.404382
10298.757384,0.040981,1.086662,1.000041,0.846880,0.565687,0.120913,-0.271809,-0.671744
10298.761384,0.019679,1.102323,0.933324,0.640350,0.286258,-0.153094,-0.538639,-0.908618
10298.765384,-0.013094,1.022077,0.778711,0.376851,-0.036928,-0.440754,-0.784665,-1.092779
10298.769385,-0.047007,0.851909,0.539977,0.075910,-0.380025,-0.723033,-0.994620,-1.202009
10298.773384,-0.066039,0.610200,0.233598,-0.243976,-0.713843,-0.973982,-1.150194,-1.217768
10298.777384,-0.058334,0.319224,-0.112934,-0.565790,-1.006005,-1.167434,-1.231114,-1.130389
10298.781384,-0.023661,-0.000183,-0.467217,-0.871039,-1.226706,-1.282179,-1.220138,-0.942106
10298.785384,0.025835,-0.329948,-0.797281,-1.135949,-1.352889,-1.300161,-1.106337,-0.665699
10298.789384,0.071138,-0.655145,-1.075807,-1.332112,-1.372807,-1.207266,-0.888648,-0.322069
10298.793384,0.095131,-0.960711,-1.282897,-1.432649,-1.288165,-1.000449,-0.579076,0.059578
10298.797385,0.090040,-1.224271,-1.404681,-1.418750,-1.108180,-0.691201,-0.201843,0.444055
10298.801384,0.060484,-1.414616,-1.428632,-1.281640,-0.843217,-0.304115,0.210886,0.799493
10298.805384,0.020076,-1.501549,-1.343461,-1.023342,-0.505958,0.122760,0.623611,1.104703
10298.809384,-0.017320,-1.467946,-1.146086,-0.661373,-0.114922,0.542241,1.000495,1.347180
10298.813431,-0.043874,-1.312714,-0.847029,-0.231771,0.305009,0.911607,1.308415,1.515353
10298.817430,-0.056330,-1.046216,-0.469668,0.218756,0.723998,1.204484,1.521404,1.591071
10298.821431,-0.053353,-0.685410,-0.045990,0.647340,1.108319,1.411760,1.622144,1.551152
10298.825431,-0.038089,-0.252419,0.390958,1.024543,1.422048,1.533048,1.599425,1.379945
10298.829431,-0.019239,0.222795,0.813344,1.334382,1.632722,1.566481,1.449134,1.079503
10298.833430,-0.005410,0.701682,1.195820,1.566020,1.719246,1.503752,1.179669,0.668562
10298.837430,0.000473,1.142012,1.509321,1.703756,1.674483,1.332397,0.813215,0.179343
10298.841430,0.001139,1.502273,1.721052,1.724771,1.500980,1.043444,0.380021,-0.342076
10298.845431,0.001946,1.746184,1.801158,1.608778,1.207644,0.640758,-0.088973,-0.842117
10298.849431,0.007757,1.851434,1.731988,1.351997,0.811717,0.149343,-0.564094,-1.273480
10298.853431,0.019203,1.813274,1.514352,0.971697,0.341271,-0.382747,-1.012577,-1.603345
10298.857431,0.180420,1.637080,1.168514,0.500620,-0.167004,-0.893608,-1.396813,-1.812459
10298.861430,1.203757,1.331738,0.730073,-0.019737,-0.673131,-1.324155,-1.680710,-1.890430
10298.865430,4.356874,0.913265,0.239730,-0.544647,-1.138005,-1.634565,-1.838003,-1.832521
10298.869430,10.148410,0.411366,-0.266510,-1.030505,-1.524025,-1.809677,-1.855278,-1.639513
10298.873431,16.624006,-0.131395,-0.758581,-1.437413,-1.795580,-1.849011,-1.729192,-1.318948
10298.877431,19.264847,-0.667129,-1.208120,-1.732415,-1.924569,-1.756383,-1.464930,-0.887790
10298.881431,13.148597,-1.149724,-1.584471,-1.893966,-1.897933,-1.540006,-1.080500,-0.375747
10298.885431,-3.854204,-1.539460,-1.853831,-1.914094,-1.721496,-1.214785,-0.607745,0.174800
10298.889430,-28.833633,-1.807260,-1.984001,-1.795932,-1.417171,-0.800285,-0.085100,0.715329
10298.893430,-53.984356,-1.937513,-1.952561,-1.548331,-1.014965,-0.317985,0.448578,1.201014
10298.897430,-69.264786,-1.927184,-1.754903,-1.183450,-0.546074,0.206102,0.954350,1.595987
10298.901431,-66.335526,-1.780993,-1.409238,-0.720994,-0.038703,0.734449,1.391915,1.872118
10298.905431,-42.149635,-1.507431,-0.953193,-0.194273,0.481926,1.216668,1.722876,2.007731
10298.909431,-1.206088,-1.121167,-0.432220,0.350119,0.985513,1.598644,1.919141,1.989773
10298.913431,44.748985,-0.647463,0.111860,0.862547,1.429645,1.838773,1.966481,1.816980
10298.917430,80.853874,-0.120708,0.643738,1.303272,1.767222,1.922026,1.860513,1.501703
10298.921430,95.628593,0.420921,1.129095,1.646169,1.961152,1.858578,1.606942,1.068648
10298.925430,85.903061,0.938032,1.531262,1.872551,1.991091,1.668490,1.227908,0.552368
10298.929431,57.457180,1.390072,1.815447,1.966173,1.854871,1.369902,0.761278,-0.002117
10298.933431,21.580317,1.736704,1.955694,1.916036,1.569623,0.978886,0.248734,-0.541276
10298.937431,-10.184956,1.942256,1.941043,1.720712,1.167360,0.513851,-0.275166,-1.016004
10298.941452,-30.417004,1.985208,1.776981,1.388623,0.685860,0.000054,-0.781837,-1.396694
10298.945451,-37.577755,1.867103,1.480690,0.939293,0.163840,-0.526083,-1.239347,-1.673838
10298.949451,-34.990204,1.608807,1.078533,0.407093,-0.357856,-1.019199,-1.607804,-1.843782
10298.953451,-28.129515,1.239635,0.606310,-0.159336,-0.838797,-1.434673,-1.846666,-1.896545
10298.957451,-21.797224,0.792512,0.101701,-0.703575,-1.246144,-1.735673,-1.928483,-1.818893
10298.961451,-18.399904,0.301850,-0.404825,-1.171835,-1.556003,-1.894510,-1.847050,-1.606228
10298.965451,-17.752665,-0.199776,-0.885785,-1.525475,-1.749745,-1.894573,-1.615601,-1.268087
10298.969451,-18.057394,-0.681843,-1.306546,-1.746407,-1.813513,-1.736570,-1.261148,-0.825779
10298.973451,-17.300077,-1.113634,-1.626870,-1.831667,-1.742409,-1.443118,-0.820333,-0.312033
10298.977451,-14.340920,-1.464679,-1.813459,-1.786760,-1.543992,-1.051718,-0.336070,0.227356
10298.981451,-9.300104,-1.708809,-1.849147,-1.621492,-1.234511,-0.600297,0.148186,0.739765
10298.985451,-3.256878,-1.827445,-1.733846,-1.347401,-0.833647,-0.119633,0.596190,1.177922
10298.989451,2.418306,-1.809454,-1.482128,-0.979609,-0.367722,0.363364,0.982643,1.506734
10298.993451,6.700687,-1.650060,-1.119795,-0.540477,0.125395,0.818407,1.291066,1.705181
10298.997451,9.240829,-1.353840,-0.681876,-0.061563,0.599836,1.209681,1.509449,1.767842
10299.001451,10.317659,-0.941255,-0.210418,0.416460,1.011890,1.502344,1.625329,1.701880
10299.005451,10.530986,-0.451854,0.253404,0.849211,1.329246,1.671135,1.624834,1.519032
10299.009451,10.444665,0.059343,0.675917,1.198552,1.532411,1.704500,1.498517,1.231167
10299.013451,10.359002,0.533385,1.030657,1.439517,1.610404,1.604342,1.248997,0.854652
10299.017451,10.272363,0.924855,1.298886,1.560477,1.559828,1.381940,0.896141,0.417576
10299.021451,9.989116,1.213801,1.469189,1.560245,1.387895,1.054918,0.476638,-0.039923
10299.025451,9.287003,1.401466,1.531184,1.446478,1.114470,0.649916,0.037222,-0.473786
10299.029451,8.054985,1.493778,1.475360,1.234585,0.771020,0.204275,-0.375239,-0.846042
10299.033451,6.348361,1.488233,1.303414,0.944542,0.393509,-0.239130,-0.723879,-1.131471
10299.037451,4.359986,1.376723,1.033457,0.598938,0.012471,-0.639736,-0.987746,-1.319034
10299.041451,2.338676,1.159169,0.694661,0.223924,-0.350440,-0.963772,-1.160150,-1.407529
10299.045451,0.497802,0.851625,0.320676,-0.152787,-0.678801,-1.187166,-1.242776,-1.399045
10299.049451,-1.045210,0.483990,-0.055808,-0.505188,-0.954698,-1.300142,-1.241722,-1.295470
10299.053451,-2.276187,0.094184,-0.407523,-0.809194,-1.153297,-1.307027,-1.165947,-1.099882
10299.057451,-3.244884,-0.278585,-0.711593,-1.044444,-1.249379,-1.220471,-1.023417,-0.821863
10299.061451,-4.011070,-0.601199,-0.945253,-1.196683,-1.233811,-1.058008,-0.818071,-0.482551
10299.065451,-4.608245,-0.850661,-1.087344,-1.256243,-1.119222,-0.839479,-0.555496,-0.113766
10299.069476,-5.033674,-1.013865,-1.127565,-1.215848,-0.929063,-0.581539,-0.251150,0.248636
10299.073476,-5.258120,-1.085706,-1.072819,-1.072723,-0.685154,-0.295556,0.068726,0.570157
10299.077475,-5.248280,-1.067040,-0.942672,-0.836612,-0.405434,0.005903,0.370843,0.819970
10299.081475,-4.991595,-0.965225,-0.760329,-0.536315,-0.109662,0.301529,0.621708,0.975190
10299.085475,-4.511100,-0.796567,-0.546556,-0.213736,0.177433,0.562208,0.797384,1.025529
10299.089476,-3.862640,-0.585735,-0.316910,0.091607,0.429610,0.758750,0.887770,0.975853
10299.093476,-3.114871,-0.360233,-0.082994,0.352795,0.624285,0.869860,0.893992,0.847483
10299.097476,-2.325672,-0.142410,0.142449,0.553998,0.746764,0.888591,0.826478,0.672342
10299.101476,-1.532669,0.054835,0.342724,0.685093,0.793476,0.825295,0.703751,0.480081
10299.105475,-0.759417,0.225735,0.500087,0.740710,0.771338,0.703274,0.548220,0.289234
10299.109475,-0.023947,0.367085,0.599836,0.723056,0.692919,0.549389,0.380437,0.108489
10299.113475,0.658145,0.475091,0.633681,0.644189,0.571594,0.385083,0.215104,-0.055714
10299.117476,1.271638,0.544456,0.604047,0.525704,0.419675,0.223407,0.059532,-0.196562
10299.121476,1.796928,0.569566,0.525601,0.393820,0.251049,0.072089,-0.084863,-0.310800
10299.125476,2.208578,0.546739,0.419660,0.269235,0.084135,-0.065969,-0.216248,-0.396619
10299.129476,2.482306,0.477123,0.304034,0.159467,-0.061354,-0.192670,-0.326365,-0.448077
10299.133475,2.604728,0.369472,0.187914,0.062199,-0.169824,-0.304620,-0.402621,-0.458252
10299.137475,2.579863,0.240769,0.078280,-0.024420,-0.232879,-0.382875,-0.434202,-0.425860
10299.141475,2.430502,0.112924,-0.012856,-0.095845,-0.251538,-0.402680,-0.415469,-0.356461
10299.145476,2.191249,0.006490,-0.073748,-0.143978,-0.235248,-0.355926,-0.348857,-0.260753
10299.149476,1.896676,-0.064993,-0.103050,-0.164304,-0.197216,-0.260380,-0.247220,-0.153889
10299.153476,1.574063,-0.097054,-0.108536,-0.159764,-0.150400,-0.148467,-0.131673,-0.054010
10299.157476,1.241831,-0.092802,-0.095802,-0.137971,-0.105259,-0.049822,-0.026648,0.021707
10299.161475,0.909531,-0.060954,-0.063867,-0.107309,-0.068383,0.016240,0.045097,0.061336
10299.165475,0.578776,-0.014577,-0.014033,-0.076762,-0.043192,0.037833,0.068217,0.061536
10299.169475,0.246582,0.031852,0.041558,-0.055649,-0.033091,0.010691,0.040726,0.028152
10299.173476,-0.087025,0.066346,0.082975,-0.051142,-0.042866,-0.054754,-0.024159,-0.027695
10299.177476,-0.411454,0.080449,0.091657,-0.066323,-0.075267,-0.131959,-0.104781,-0.093678
10299.181476,-0.706529,0.067765,0.057054,-0.099422,-0.127372,-0.191963,-0.181907,-0.156748
10299.185476,-0.950668,0.024828,-0.019940,-0.144315,-0.190949,-0.221804,-0.242083,-0.202848
10299.189475,-1.127930,-0.045429,-0.126705,-0.193543,-0.254012,-0.229996,-0.274196,-0.218270
10299.193475,-1.230451,-0.132529,-0.243604,-0.243404,-0.302690,-0.235849,-0.270282,-0.192318
10299.197272,-1.258851,-0.221288,-0.351728,-0.295354,-0.326386,-0.251340,-0.230145,-0.120773
10299.201271,-1.222008,-0.298756,-0.438090,-0.347242,-0.323561,-0.267506,-0.161190,-0.008677
10299.205271,-1.134258,-0.362446,-0.495529,-0.383872,-0.300245,-0.256337,-0.071609,0.129452
10299.209272,-1.010353,-0.419264,-0.519959,-0.383963,-0.259225,-0.188686,0.035067,0.273308
10299.213272,-0.861509,-0.472992,-0.508228,-0.336629,-0.191080,-0.054763,0.158027,0.402424
10299.217271,-0.695665,-0.513648,-0.457582,-0.246206,-0.079941,0.129542,0.295253,0.501156
10299.221271,-0.520701,-0.517964,-0.365827,-0.124136,0.079820,0.333315,0.441397,0.563785
10299.225271,-0.344503,-0.460312,-0.232961,0.020447,0.273193,0.526233,0.585553,0.595127
10299.229271,-0.171850,-0.329347,-0.064126,0.184164,0.470892,0.686934,0.709421,0.601296
10299.233272,-0.003943,-0.137287,0.131569,0.364045,0.643818,0.800729,0.788340,0.579610
10299.237272,0.158007,0.088449,0.344257,0.550143,0.772289,0.853959,0.797426,0.518905
10299.241272,0.306992,0.320570,0.561390,0.725097,0.847541,0.834561,0.721072,0.405939
10299.245271,0.428858,0.538654,0.764542,0.867190,0.866879,0.737219,0.560274,0.231481
10299.249271,0.511278,0.728342,0.930266,0.951662,0.825960,0.566530,0.332899,-0.001898
10299.253271,0.553453,0.879905,1.034328,0.954754,0.717252,0.336909,0.065755,-0.274891
10299.257272,0.563867,0.985196,1.058600,0.863359,0.537580,0.069232,-0.216636,-0.557210
10299.261272,0.550877,1.031532,0.996692,0.682041,0.294479,-0.214041,-0.497823,-0.818679
10299.265272,0.519446,1.000133,0.851309,0.429609,0.003495,-0.491821,-0.765168,-1.035320
10299.269272,0.475206,0.875818,0.625633,0.128952,-0.316808,-0.746302,-1.001633,-1.187501
10299.273271,0.425071,0.658754,0.322710,-0.199857,-0.643917,-0.963642,-1.183629,-1.255134
10299.277271,0.371000,0.365238,-0.043691,-0.538600,-0.948850,-1.131027,-1.286562,-1.217449
10299.281271,0.307831,0.021705,-0.442216,-0.865568,-1.199580,-1.233022,-1.290729,-1.060229
10299.285272,0.230615,-0.339574,-0.829512,-1.151447,-1.366972,-1.251415,-1.183289,-0.786614
10299.289272,0.141004,-0.685184,-1.160564,-1.360983,-1.427022,-1.169886,-0.960761,-0.421788
10299.293272,0.045885,-0.985354,-1.397088,-1.460186,-1.363240,-0.982259,-0.633351,-0.004865
10299.297272,-0.046276,-1.217385,-1.513467,-1.425415,-1.173517,-0.697896,-0.225611,0.425344
10299.301271,-0.126817,-1.368802,-1.500859,-1.252907,-0.874987,-0.339673,0.226958,0.836882
10299.305271,-0.188017,-1.434766,-1.367613,-0.963741,-0.499176,0.061438,0.680952,1.199019
10299.309271,-0.225749,-1.409043,-1.133036,-0.596685,-0.081022,0.471844,1.087507,1.476712
10299.313272,-0.241827,-1.279824,-0.818451,-0.192905,0.347999,0.861220,1.399285,1.637531
10299.317272,-0.242567,-1.037106,-0.443579,0.214184,0.759499,1.204409,1.583878,1.662959
10299.321272,-0.233376,-0.684656,-0.029024,0.600185,1.127117,1.475930,1.633306,1.550342
10299.325317,-0.216755,-0.246465,0.401002,0.948182,1.427726,1.646137,1.559074,1.308519
10299.329317,-0.197372,0.234748,0.819441,1.246547,1.639941,1.688006,1.379614,0.957124
10299.333317,-0.184588,0.707074,1.197764,1.484454,1.741172,1.587486,1.112307,0.528303
10299.337318,-0.184693,1.124699,1.504068,1.644765,1.710865,1.348085,0.771611,0.062270
10299.341317,-0.191468,1.457154,1.703886,1.699026,1.538892,0.990459,0.371034,-0.402511
10299.345317,-0.187713,1.685710,1.770028,1.613663,1.230589,0.547916,-0.072008,-0.835671
10299.349317,-0.156469,1.795302,1.691777,1.368707,0.805696,0.058491,-0.531678,-1.215404
10299.353317,-0.093137,1.772601,1.475824,0.976604,0.296759,-0.439703,-0.973974,-1.523666
10299.357318,-0.010678,1.611832,1.144412,0.484936,-0.249707,-0.907586,-1.361813,-1.737589
10299.361317,0.068081,1.320287,0.729705,-0.041036,-0.776323,-1.307904,-1.660446,-1.828209
10299.365317,0.124278,0.917577,0.262273,-0.543325,-1.228198,-1.613900,-1.839822,-1.772942
10299.369317,0.150185,0.432968,-0.234332,-0.986518,-1.568352,-1.809580,-1.876987,-1.569523
10299.373317,0.148034,-0.095849,-0.734701,-1.354798,-1.781786,-1.879463,-1.762244,-1.237945
10299.377317,0.125946,-0.625400,-1.201240,-1.636185,-1.867169,-1.807792,-1.501952,-0.811966
10299.381318,0.095469,-1.111060,-1.587076,-1.811022,-1.828111,-1.591797,-1.114469,-0.330034
10299.385317,0.070513,-1.513463,-1.848318,-1.856423,-1.670142,-1.248491,-0.628245,0.170537
10299.389317,0.062068,-1.804047,-1.956160,-1.760324,-1.399051,-0.807313,-0.082746,0.657993
10299.393317,0.069715,-1.962968,-1.903813,-1.529196,-1.020786,-0.300865,0.473840,1.107359
10299.397317,0.081644,-1.974281,-1.703872,-1.182651,-0.547809,0.237153,0.990812,1.494690
10299.401317,0.085133,-1.829295,-1.377856,-0.745271,-0.009099,0.766998,1.422707,1.788878
10299.405318,0.074540,-1.533872,-0.949211,-0.246051,0.547490,1.242277,1.735283,1.953749
10299.409318,0.051392,-1.110570,-0.447185,0.278879,1.064492,1.620821,1.909554,1.961569
10299.413317,0.021897,-0.597031,0.089381,0.788587,1.488014,1.873806,1.942254,1.803820
10299.417317,-0.005710,-0.042456,0.619337,1.244030,1.779805,1.984294,1.839482,1.493497
10299.421317,-0.023776,0.501099,1.105421,1.611843,1.923239,1.943539,1.609790,1.063679
10299.425317,-0.027409,0.989453,1.511195,1.863580,1.918418,1.751407,1.263586,0.560141
10299.429317,-0.017511,1.391086,1.800680,1.975854,1.774678,1.419912,0.816887,0.027947
10299.433318,-0.002183,1.685916,1.946249,1.933201,1.508347,0.974519,0.296184,-0.497261
10299.437318,0.008651,1.862858,1.937326,1.732082,1.140874,0.450597,-0.258856,-0.987801
10299.441317,0.010245,1.915775,1.781082,1.385322,0.695354,-0.108750,-0.798648,-1.415526
10299.445317,0.002248,1.838080,1.495282,0.924361,0.195447,-0.653377,-1.271338,-1.746780
10299.449317,-0.015759,1.624362,1.102179,0.395722,-0.330755,-1.131619,-1.631834,-1.948452
10299.453339,-0.042669,1.281247,0.627723,-0.148671,-0.843672,-1.498383,-1.851802,-1.995325
10299.457338,-0.072056,0.834049,0.104208,-0.662143,-1.292656,-1.724131,-1.924291,-1.873646
10299.461338,-0.094676,0.321927,-0.428118,-1.108421,-1.628993,-1.803105,-1.856288,-1.588650
10299.465338,-0.103021,-0.210480,-0.924390,-1.461228,-1.820911,-1.750932,-1.657632,-1.170111
10299.469339,-0.092694,-0.719536,-1.342575,-1.703143,-1.859072,-1.591377,-1.338459,-0.665961
10299.473339,-0.063769,-1.167435,-1.649679,-1.824989,-1.750667,-1.343351,-0.915127,-0.128788
10299.477339,-0.022332,-1.523489,-1.822076,-1.822322,-1.511115,-1.015752,-0.416810,0.394666
10299.481338,0.020797,-1.761855,-1.844789,-1.691010,-1.162575,-0.615462,0.114060,0.864844
10299.485338,0.053428,-1.860770,-1.716276,-1.428873,-0.735542,-0.162482,0.627354,1.246884
10299.489338,0.065805,-1.806726,-1.453785,-1.044381,-0.267155,0.306699,1.072455,1.514770
10299.493338,0.054539,-1.602313,-1.089805,-0.565717,0.202295,0.749809,1.406726,1.657872
10299.497339,0.025973,-1.270962,-0.660793,-0.041585,0.634235,1.129468,1.606111,1.680384
10299.501339,-0.003865,-0.851321,-0.200158,0.468222,0.998615,1.417212,1.669963,1.595442
10299.505338,-0.017597,-0.385998,0.259973,0.907647,1.278042,1.591729,1.613544,1.416560
10299.509338,-0.009709,0.085370,0.686106,1.239561,1.464790,1.636645,1.457642,1.151519
10299.513338,0.010713,0.527385,1.045471,1.452773,1.552614,1.544783,1.221578,0.806554
10299.517338,0.029951,0.908596,1.310528,1.554238,1.532086,1.326473,0.917152,0.395815
10299.521338,0.037250,1.203326,1.462411,1.554045,1.396303,1.011064,0.551499,-0.052014
10299.525339,0.027611,1.395435,1.494126,1.456545,1.151385,0.638025,0.139019,-0.493337
10299.529339,0.006065,1.479125,1.412703,1.262389,0.819579,0.245331,-0.292918,-0.880961
10299.533338,-0.013419,1.455832,1.235920,0.976742,0.431640,-0.138782,-0.705897,-1.180371
10299.537338,-0.018277,1.331420,0.985720,0.616595,0.018864,-0.497122,-1.055410,-1.373429
10299.541338,-0.006118,1.115555,0.683670,0.211906,-0.385025,-0.815862,-1.301032,-1.450522
10299.545338,0.014178,0.822983,0.349055,-0.200083,-0.741298,-1.076016,-1.417783,-1.408658
10299.549339,0.028722,0.475011,-0.000195,-0.582260,-1.015810,-1.253976,-1.401981,-1.258348
10299.553339,0.030450,0.100093,-0.343522,-0.902758,-1.190694,-1.328830,-1.269293,-1.024667
10299.557338,0.023625,-0.266232,-0.653763,-1.136135,-1.263638,-1.288002,-1.046712,-0.736864
10299.561338,0.015413,-0.587372,-0.899268,-1.262265,-1.239082,-1.131921,-0.764745,-0.417785
10299.565338,0.008738,-0.837002,-1.055170,-1.269572,-1.122626,-0.880226,-0.452055,-0.083518
10299.569338,0.003236,-1.002542,-1.114296,-1.163251,-0.922239,-0.569716,-0.130910,0.248056
10299.573338,-0.001987,-1.079454,-1.085065,-0.968150,-0.654222,-0.240840,0.181400,0.549713
10299.577339,-0.007067,-1.066512,-0.980389,-0.719047,-0.347564,0.073588,0.463755,0.787696
10299.581363,-0.012690,-0.965862,-0.811896,-0.446783,-0.039071,0.350987,0.689285,0.934160
10299.585363,-0.022679,-0.788152,-0.593030,-0.173184,0.238426,0.576438,0.836857,0.979909
10299.589363,-0.041244,-0.558210,-0.342900,0.085667,0.464526,0.737262,0.901082,0.937185
10299.593363,-0.065604,-0.311590,-0.084505,0.317341,0.630547,0.822656,0.890492,0.830434
10299.597362,-0.084746,-0.081766,0.159300,0.513224,0.733434,0.830918,0.818579,0.685360
10299.601363,-0.086242,0.110171,0.366856,0.664526,0.771694,0.771909,0.695761,0.522681
10299.605363,-0.063394,0.256522,0.520248,0.757062,0.746012,0.661146,0.530126,0.353922
10299.609363,-0.020580,0.359196,0.611176,0.774249,0.662141,0.515293,0.334553,0.181868
10299.613363,0.026509,0.424689,0.640080,0.709891,0.532118,0.351480,0.128604,0.008160
10299.617363,0.062204,0.459294,0.609147,0.579452,0.373910,0.185048,-0.065009,-0.158970
10299.621363,0.082571,0.467542,0.523516,0.414253,0.211076,0.025794,-0.224087,-0.303734
10299.625362,0.091764,0.451303,0.399679,0.244204,0.067173,-0.120462,-0.332627,-0.408123
10299.629363,0.091419,0.407190,0.264381,0.089744,-0.045920,-0.244123,-0.385772,-0.458675
10299.633363,0.078951,0.330869,0.141623,-0.036102,-0.132919,-0.328546,-0.388506,-0.451042
10299.637363,0.054190,0.229077,0.043489,-0.126810,-0.204853,-0.358875,-0.351205,-0.392463
10299.641363,0.023832,0.122649,-0.026934,-0.182470,-0.264018,-0.333479,-0.286387,-0.301959
10299.645363,-0.002896,0.034572,-0.069701,-0.207514,-0.299785,-0.265675,-0.206693,-0.204881
10299.649362,-0.022451,-0.022321,-0.087320,-0.207860,-0.296486,-0.178115,-0.124619,-0.122780
10299.653362,-0.038335,-0.047046,-0.085103,-0.188372,-0.244553,-0.095357,-0.053593,-0.066886
10299.657363,-0.053689,-0.045518,-0.069007,-0.151124,-0.150511,-0.034736,-0.007037,-0.038423
10299.661363,-0.065145,-0.024495,-0.043677,-0.097835,-0.041457,-0.000601,0.006219,-0.032610
10299.665363,-0.066235,0.012130,-0.011883,-0.036083,0.044761,0.012163,-0.013443,-0.043927
10299.669363,-0.055422,0.059251,0.024574,0.018379,0.080765,0.010190,-0.056213,-0.067935
10299.673363,-0.038012,0.103001,0.060935,0.047549,0.064061,-0.003727,-0.107076,-0.099326
10299.677362,-0.020793,0.123204,0.085241,0.039436,0.012434,-0.032844,-0.152106,-0.132600
10299.681363,-0.009078,0.106297,0.079973,-0.008119,-0.052838,-0.083847,-0.183722,-0.163510
10299.685363,-0.007309,0.054153,0.030272,-0.086693,-0.119527,-0.158036,-0.202603,-0.187471
10299.689363,-0.014356,-0.019745,-0.066137,-0.178741,-0.184609,-0.244176,-0.215732,-0.197647
10299.693363,-0.018792,-0.101631,-0.195347,-0.264785,-0.248471,-0.320749,-0.228360,-0.184104
10299.697363,-0.005507,-0.186122,-0.333622,-0.331926,-0.309599,-0.364414,-0.232774,-0.136778
10299.701363,0.031353,-0.275420,-0.455295,-0.375715,-0.360008,-0.358503,-0.207030,-0.051848
10299.705362,0.080531,-0.370780,-0.538057,-0.395941,-0.385218,-0.298655,-0.129604,0.066597
10299.709406,0.117857,-0.464915,-0.569168,-0.391318,-0.369983,-0.191652,0.003611,0.209477
10299.713405,0.121566,-0.542042,-0.547722,-0.357369,-0.303605,-0.048076,0.175624,0.363178
10299.717405,0.086458,-0.584202,-0.479929,-0.288287,-0.182646,0.120796,0.359191,0.509099
10299.721406,0.026865,-0.578020,-0.372972,-0.178733,-0.012743,0.300436,0.531294,0.628230
10299.725405,-0.031672,-0.517399,-0.231352,-0.025148,0.191096,0.475195,0.676702,0.707604
10299.729405,-0.067331,-0.402055,-0.056792,0.168130,0.405998,0.632286,0.781473,0.740466
10299.733405,-0.072864,-0.235035,0.148639,0.382886,0.605331,0.759291,0.830358,0.720947
10299.737405,-0.055098,-0.020810,0.376978,0.592498,0.766592,0.840435,0.808959,0.641432
10299.741405,-0.028539,0.233265,0.610454,0.772556,0.876871,0.857509,0.705902,0.495445
10299.745405,-0.007858,0.509741,0.823324,0.904129,0.928563,0.794482,0.518331,0.281428
10299.749406,-0.000725,0.776226,0.985539,0.972353,0.911936,0.644335,0.259355,0.005128
10299.753405,-0.006215,0.991764,1.067506,0.966065,0.815045,0.415366,-0.040705,-0.316379
10299.757405,-0.018369,1.120220,1.050610,0.877727,0.630010,0.131281,-0.343839,-0.649682
10299.761405,-0.029958,1.141520,0.936139,0.703228,0.361284,-0.177572,-0.618201,-0.947384
10299.765405,-0.035630,1.055765,0.741549,0.444368,0.031465,-0.483968,-0.844820,-1.162102
10299.769405,-0.034081,0.879479,0.488836,0.115392,-0.322824,-0.765769,-1.017239,-1.263641
10299.773405,-0.027603,0.637502,0.196774,-0.252893,-0.663766,-1.002830,-1.137317,-1.247276
10299.777406,-0.018612,0.354410,-0.119967,-0.619226,-0.962476,-1.175469,-1.204132,-1.129759
10299.781405,-0.007400,0.046971,-0.447750,-0.944403,-1.199342,-1.267040,-1.203097,-0.935809
10299.785405,0.005723,-0.276628,-0.769433,-1.198551,-1.356243,-1.267381,-1.108428,-0.682876
10299.789405,0.019146,-0.607278,-1.061491,-1.361275,-1.411673,-1.171886,-0.898759,-0.378312
10299.793405,0.031432,-0.925178,-1.294235,-1.420891,-1.349030,-0.979795,-0.575413,-0.029803
10299.797405,0.040959,-1.200052,-1.436006,-1.373479,-1.168697,-0.697651,-0.170354,0.345680
10299.801406,0.045337,-1.399451,-1.463515,-1.222561,-0.888758,-0.342901,0.264115,0.720468
10299.805406,0.042620,-1.496811,-1.370896,-0.979670,-0.535848,0.058097,0.675903,1.059391
10299.809405,0.031915,-1.475289,-1.167038,-0.660819,-0.134747,0.474621,1.027515,1.327258
10299.813405,0.015981,-1.327951,-0.866841,-0.282018,0.295871,0.873822,1.298578,1.498635
10299.817405,0.003053,-1.057766,-0.488528,0.138362,0.734735,1.221126,1.481843,1.561422
10299.821405,-0.000657,-0.681952,-0.056882,0.574108,1.144431,1.484363,1.575445,1.511451
10299.825405,0.001518,-0.234514,0.395924,0.989911,1.473201,1.640212,1.572785,1.348494
10299.829406,0.001959,0.240454,0.834259,1.345547,1.674358,1.675828,1.459230,1.078604
10299.833405,-0.002346,0.698853,1.223632,1.604001,1.726048,1.586270,1.222503,0.716546
10299.837430,-0.007383,1.103224,1.533226,1.739715,1.637014,1.372200,0.866781,0.284527
10299.841429,-0.004420,1.424240,1.737704,1.741822,1.433498,1.040803,0.416354,-0.191082
10299.845430,0.012257,1.640383,1.818238,1.611322,1.139410,0.609269,-0.088756,-0.680341
10299.849430,0.035793,1.739939,1.761496,1.355862,0.770788,0.107751,-0.598217,-1.146184
10299.853430,0.047781,1.719489,1.561048,0.988867,0.342668,-0.421356,-1.061478,-1.543221
10299.857430,0.032953,1.577964,1.222926,0.534160,-0.125860,-0.930877,-1.440136,-1.824045
10299.861429,-0.006213,1.316319,0.769116,0.027408,-0.609492,-1.376182,-1.710769,-1.951197
10299.865429,-0.050451,0.942993,0.237249,-0.488814,-1.075477,-1.715720,-1.858207,-1.909150
10299.869430,-0.078452,0.478356,-0.322406,-0.972238,-1.484092,-1.914521,-1.872104,-1.706892
10299.873430,-0.080725,-0.042790,-0.855181,-1.387469,-1.791579,-1.954132,-1.749842,-1.368248
10299.877430,-0.063046,-0.573406,-1.312679,-1.706480,-1.957805,-1.836564,-1.496057,-0.922119
10299.881430,-0.039729,-1.063838,-1.659881,-1.904240,-1.957565,-1.579333,-1.119894,-0.402025
10299.885430,-0.022876,-1.471411,-1.877895,-1.959233,-1.789281,-1.209622,-0.639747,0.151042
10299.889429,-0.014902,-1.764227,-1.960893,-1.859654,-1.474442,-0.758986,-0.089964,0.691542
10299.893429,-0.009129,-1.922063,-1.907155,-1.609353,-1.047501,-0.257507,0.481314,1.177194
10299.897430,0.002156,-1.935504,-1.713783,-1.230015,-0.545580,0.267690,1.019221,1.573806
10299.901430,0.020218,-1.804779,-1.384230,-0.756278,-0.005381,0.786634,1.469923,1.854530
10299.905430,0.039686,-1.540475,-0.940472,-0.226605,0.535741,1.261103,1.792103,1.998317
10299.909430,0.053204,-1.161713,-0.423545,0.320323,1.039158,1.647855,1.965565,1.991040
10299.913430,0.054253,-0.691383,0.118802,0.843186,1.466614,1.907490,1.988544,1.829107
10299.917429,0.038218,-0.157044,0.644709,1.299897,1.784020,2.013213,1.868689,1.524186
10299.921429,0.007516,0.403421,1.120533,1.655597,1.964807,1.956985,1.616540,1.103777
10299.925430,-0.024023,0.941513,1.514251,1.887075,1.993611,1.749386,1.245666,0.604800
10299.929430,-0.037279,1.406024,1.792519,1.981387,1.870449,1.412792,0.776999,0.065891
10299.933430,-0.021120,1.754764,1.929029,1.933847,1.609473,0.974515,0.242929,-0.476950
10299.937430,0.017439,1.960983,1.914806,1.745585,1.231992,0.466129,-0.312483,-0.990083
10299.941430,0.055233,2.010414,1.759284,1.421715,0.761470,-0.074222,-0.840452,-1.437935
10299.945429,0.068750,1.898248,1.483577,0.975268,0.226157,-0.604597,-1.296205,-1.781916
10299.949429,0.051350,1.632884,1.112249,0.435459,-0.334208,-1.085437,-1.642794,-1.986933
10299.953430,0.016875,1.240740,0.669080,-0.148361,-0.869304,-1.482232,-1.852851,-2.028190
10299.957430,-0.013153,0.763733,0.178398,-0.712362,-1.328886,-1.766173,-1.912549,-1.894972
10299.961430,-0.025878,0.248549,-0.332416,-1.193681,-1.671981,-1.915688,-1.825353,-1.597097
10299.965451,-0.022194,-0.264215,-0.831078,-1.549292,-1.870217,-1.918057,-1.609376,-1.168552
10299.969451,-0.011826,-0.741856,-1.278188,-1.763550,-1.910297,-1.770522,-1.288647,-0.659181
10299.973451,-0.006092,-1.155099,-1.629586,-1.839859,-1.797209,-1.481372,-0.886357,-0.122182
10299.977451,-0.010921,-1.477515,-1.845976,-1.787937,-1.552986,-1.074057,-0.425299,0.394145
10299.981451,-0.024742,-1.687897,-1.901926,-1.616860,-1.208559,-0.589668,0.068696,0.852084
10299.985451,-0.042228,-1.771348,-1.789351,-1.336904,-0.795762,-0.077523,0.564251,1.226472
10299.989451,-0.056817,-1.721911,-1.519987,-0.965504,-0.343660,0.418010,1.020982,1.500863
10299.993451,-0.061947,-1.544733,-1.127195,-0.529019,0.121939,0.859883,1.391577,1.662209
10299.997451,-0.054669,-1.254760,-0.661746,-0.059909,0.573868,1.216631,1.635715,1.700241
10300.001451,-0.036533,-0.876081,-0.179984,0.406198,0.980512,1.466910,1.733787,1.612006
10300.005451,-0.009983,-0.442037,0.271882,0.833683,1.311213,1.602176,1.688489,1.405252
10300.009451,0.022759,0.008614,0.666592,1.190735,1.540052,1.621336,1.517782,1.098438
10300.013451,0.057245,0.439638,0.990391,1.450191,1.645460,1.527358,1.246015,0.719973
10300.017451,0.085609,0.823290,1.234371,1.588466,1.615010,1.330135,0.897465,0.304358
10300.021451,0.097674,1.138178,1.392503,1.589707,1.451439,1.046800,0.495748,-0.114960
10300.025451,0.084336,1.364416,1.460151,1.455870,1.173546,0.697326,0.067804,-0.509403
10300.029451,0.044476,1.484102,1.430295,1.211595,0.814237,0.303985,-0.354352,-0.853623
10300.033451,-0.009264,1.485089,1.295012,0.894910,0.415051,-0.104844,-0.737873,-1.123337
10300.037451,-0.055269,1.366372,1.054695,0.541687,0.016143,-0.496398,-1.054149,-1.297837
10300.041451,-0.076562,1.142287,0.726254,0.177690,-0.352174,-0.840466,-1.279626,-1.366007
10300.045451,-0.069880,0.839289,0.343222,-0.180184,-0.670527,-1.111655,-1.396453,-1.328987
10300.049451,-0.043459,0.488252,-0.050423,-0.518423,-0.926986,-1.287714,-1.396365,-1.197583
10300.053451,-0.008547,0.119002,-0.410084,-0.819267,-1.113317,-1.351411,-1.283647,-0.988316
10300.057451,0.024783,-0.241702,-0.702130,-1.054913,-1.221237,-1.295826,-1.074693,-0.719904
10300.061451,0.045131,-0.569278,-0.910780,-1.192147,-1.241086,-1.129488,-0.794279,-0.412087
10300.065451,0.042553,-0.838971,-1.033967,-1.209095,-1.165618,-0.877808,-0.470464,-0.087440
10300.069451,0.018433,-1.026460,-1.072873,-1.110840,-0.996447,-0.577120,-0.132451,0.229539
10300.073451,-0.012643,-1.113137,-1.028235,-0.929710,-0.748286,-0.264345,0.191325,0.516162
10300.077451,-0.033501,-1.092077,-0.907384,-0.708432,-0.447343,0.032064,0.477876,0.751851
10300.081451,-0.035546,-0.972164,-0.729639,-0.478335,-0.125843,0.296329,0.710427,0.918620
10300.085451,-0.021544,-0.778224,-0.520439,-0.250514,0.181906,0.520550,0.873909,1.005522
10300.089451,-0.000715,-0.543616,-0.301007,-0.024027,0.443879,0.694755,0.954720,1.010117
10300.093476,0.019165,-0.300501,-0.083288,0.200761,0.637354,0.804012,0.946983,0.934895
10300.097476,0.035378,-0.075203,0.126706,0.413987,0.752078,0.836415,0.857297,0.785171
10300.101475,0.046844,0.115206,0.319839,0.595510,0.788007,0.792976,0.704648,0.572127
10300.105475,0.050237,0.266933,0.477802,0.720628,0.752314,0.688717,0.515487,0.318400
10300.109475,0.040522,0.386272,0.578814,0.770288,0.657552,0.544625,0.314813,0.058820
10300.113476,0.013733,0.477923,0.612274,0.740486,0.521605,0.380330,0.120848,-0.169013
10300.117476,-0.029043,0.537017,0.586674,0.644108,0.366894,0.211672,-0.053444,-0.338744
10300.121476,-0.076842,0.553991,0.521823,0.504056,0.215503,0.049681,-0.198346,-0.441703
10300.125476,-0.110662,0.523348,0.435816,0.343787,0.082807,-0.097551,-0.306691,-0.482551
10300.129475,-0.114523,0.446406,0.339454,0.182020,-0.025321,-0.219577,-0.373493,-0.473238
10300.133475,-0.084931,0.332048,0.236417,0.033104,-0.109857,-0.302680,-0.397732,-0.429490
10300.137475,-0.031926,0.197497,0.124605,-0.091357,-0.173401,-0.336926,-0.382907,-0.365731
10300.141476,0.026446,0.064126,0.003340,-0.183489,-0.215805,-0.324204,-0.335192,-0.291365
10300.145476,0.073182,-0.048839,-0.116708,-0.240453,-0.232406,-0.278822,-0.264812,-0.211897
10300.149476,0.099646,-0.126207,-0.214148,-0.262870,-0.217388,-0.219634,-0.186329,-0.130474
10300.153476,0.106553,-0.157894,-0.266217,-0.251043,-0.171015,-0.159915,-0.112734,-0.050381
10300.157475,0.099115,-0.142691,-0.257243,-0.204783,-0.103968,-0.102929,-0.053621,0.019386
10300.161475,0.082501,-0.090282,-0.186884,-0.130342,-0.034960,-0.047891,-0.018612,0.063394
10300.165475,0.061245,-0.018196,-0.075645,-0.045391,0.016610,0.000725,-0.013686,0.068527
10300.169476,0.038105,0.053242,0.041021,0.025821,0.037227,0.032596,-0.035169,0.033731
10300.173476,0.012282,0.104689,0.128997,0.061554,0.020909,0.037378,-0.073060,-0.028728
10300.177476,-0.017212,0.123271,0.169762,0.049992,-0.030661,0.009005,-0.117234,-0.100143
10300.181476,-0.046769,0.108642,0.162477,-0.006412,-0.108571,-0.052176,-0.159363,-0.162044
10300.185475,-0.069720,0.070773,0.115410,-0.092379,-0.199848,-0.138340,-0.194211,-0.199505
10300.189475,-0.081679,0.019046,0.035146,-0.186285,-0.289734,-0.232809,-0.218235,-0.204828
10300.193475,-0.082235,-0.045727,-0.076514,-0.269011,-0.361899,-0.311096,-0.224383,-0.178161
10300.197476,-0.072506,-0.127773,-0.215172,-0.332755,-0.401330,-0.349563,-0.201677,-0.121592
10300.201476,-0.054500,-0.227926,-0.365829,-0.380662,-0.400662,-0.335720,-0.141288,-0.035193
10300.205476,-0.032601,-0.340245,-0.502264,-0.414096,-0.362727,-0.270722,-0.042655,0.079490
10300.209476,-0.011722,-0.451894,-0.594011,-0.422534,-0.294680,-0.164240,0.085348,0.214990
10300.213475,0.005736,-0.543557,-0.618160,-0.388374,-0.200462,-0.027472,0.228967,0.357687
10300.217475,0.018284,-0.593565,-0.568174,-0.299767,-0.078593,0.129216,0.374397,0.490470
10300.221293,0.023027,-0.584325,-0.452975,-0.157861,0.074831,0.294831,0.508268,0.596924
10300.225293,0.018459,-0.506789,-0.289077,0.026336,0.258745,0.458232,0.617663,0.664712
10300.229293,0.007074,-0.362977,-0.093460,0.237679,0.459631,0.607838,0.693322,0.685115
10300.233293,-0.006886,-0.166299,0.119513,0.456401,0.651751,0.729627,0.730416,0.651485
10300.237293,-0.018903,0.061648,0.339320,0.656198,0.805195,0.807288,0.723014,0.559172
10300.241292,-0.023262,0.296876,0.558642,0.810331,0.895723,0.822787,0.659321,0.405071
10300.245292,-0.015124,0.518980,0.767297,0.901836,0.911150,0.759629,0.524519,0.189624
10300.249293,0.006303,0.715181,0.944760,0.927075,0.850909,0.611286,0.310832,-0.075781
10300.253293,0.037724,0.879747,1.061032,0.890610,0.722110,0.386575,0.028797,-0.364120
10300.257293,0.072498,1.006121,1.087234,0.796198,0.535755,0.107850,-0.290131,-0.639552
10300.261293,0.100892,1.078044,1.007349,0.640501,0.300324,-0.195058,-0.603552,-0.870319
10300.265293,0.112252,1.070591,0.823754,0.416314,0.017966,-0.494632,-0.873127,-1.036064
10300.269292,0.099434,0.961986,0.556424,0.123994,-0.306289,-0.772477,-1.073525,-1.126846
10300.273292,0.062335,0.747649,0.235635,-0.219192,-0.649320,-1.012697,-1.193121,-1.138499
10300.277293,0.008762,0.444595,-0.109986,-0.578604,-0.967854,-1.190244,-1.230644,-1.069470
10300.281293,-0.046046,0.082826,-0.459786,-0.910742,-1.214859,-1.274672,-1.188620,-0.920070
10300.285293,-0.083588,-0.305006,-0.796167,-1.176611,-1.358924,-1.248194,-1.067565,-0.691869
10300.289293,-0.091904,-0.686936,-1.096172,-1.350211,-1.390769,-1.115885,-0.865820,-0.389650
10300.293292,-0.072506,-1.031336,-1.329648,-1.418834,-1.315986,-0.898465,-0.582205,-0.027796
10300.297292,-0.037996,-1.308135,-1.466475,-1.381684,-1.143953,-0.619572,-0.221084,0.365244
10300.301293,-0.005801,-1.491909,-1.486757,-1.245606,-0.882715,-0.297459,0.198824,0.750414
10300.305293,0.008673,-1.564505,-1.384208,-1.017265,-0.540911,0.057372,0.639421,1.088094
10300.309293,-0.000543,-1.515883,-1.162490,-0.702218,-0.133296,0.436788,1.049390,1.346418
10300.313293,-0.026843,-1.344715,-0.834297,-0.311212,0.313327,0.826419,1.378568,1.502799
10300.317293,-0.055123,-1.059252,-0.425162,0.134995,0.759448,1.200211,1.591738,1.542388
10300.321292,-0.070424,-0.676054,0.026487,0.602042,1.159472,1.516413,1.674639,1.457925
10300.325292,-0.065486,-0.219196,0.477805,1.042383,1.471268,1.720667,1.629720,1.252638
10300.329293,-0.041860,0.275909,0.893088,1.406373,1.663802,1.765957,1.465525,0.943090
10300.333293,-0.007555,0.761803,1.248128,1.655862,1.719905,1.636445,1.189921,0.558232
10300.337293,0.024813,1.190129,1.524592,1.769518,1.637592,1.352114,0.813734,0.133892
10300.341293,0.043200,1.524338,1.703200,1.741915,1.432128,0.954316,0.359179,-0.296380
10300.345293,0.043716,1.740903,1.764260,1.579635,1.129388,0.489576,-0.136760,-0.707475
10300.349317,0.033758,1.826119,1.693312,1.296996,0.751970,-0.000544,-0.627909,-1.081132
10300.353317,0.027755,1.776657,1.484792,0.915802,0.315484,-0.484319,-1.071010,-1.400015
10300.357317,0.036665,1.598265,1.144344,0.466673,-0.162244,-0.938167,-1.435127,-1.641736
10300.361317,0.058578,1.301276,0.693578,-0.014110,-0.651790,-1.340250,-1.699373,-1.777049
10300.365317,0.079040,0.900795,0.172908,-0.492723,-1.111681,-1.663990,-1.846266,-1.776499
10300.369317,0.080847,0.421846,-0.365194,-0.943314,-1.496988,-1.875051,-1.862039,-1.622679
10300.373317,0.056000,-0.100828,-0.869367,-1.343468,-1.769477,-1.937982,-1.740629,-1.319035
10300.377317,0.012205,-0.629279,-1.298008,-1.666028,-1.902886,-1.833026,-1.485861,-0.891479
10300.381317,-0.030328,-1.123666,-1.622182,-1.877867,-1.885162,-1.569253,-1.111644,-0.382792
10300.385317,-0.051366,-1.538598,-1.826356,-1.946491,-1.719482,-1.180719,-0.640927,0.158761
10300.389317,-0.044940,-1.828099,-1.905142,-1.852038,-1.421927,-0.712502,-0.105858,0.687397
10300.393317,-0.023082,-1.960353,-1.856297,-1.598284,-1.017981,-0.210445,0.452035,1.158430
10300.397317,-0.005148,-1.928479,-1.676380,-1.212757,-0.539992,0.286320,0.985372,1.528716
10300.401317,-0.003484,-1.749595,-1.365600,-0.736848,-0.023133,0.751945,1.445861,1.767666
10300.405317,-0.016580,-1.453535,-0.938241,-0.215002,0.498224,1.172328,1.789232,1.865884
10300.409317,-0.032118,-1.068423,-0.426578,0.312993,0.990350,1.534274,1.982872,1.830272
10300.413317,-0.038333,-0.615916,0.126006,0.814976,1.418459,1.814512,2.011940,1.673212
10300.417317,-0.034266,-0.117749,0.673379,1.263218,1.746213,1.978634,1.879197,1.405980
10300.421317,-0.026878,0.398426,1.169954,1.629755,1.940002,1.991185,1.602947,1.039128
10300.425317,-0.021831,0.899102,1.573655,1.885692,1.979751,1.829325,1.213963,0.588011
10300.429317,-0.020385,1.345673,1.850312,2.004082,1.865052,1.494361,0.748277,0.079528
10300.433317,-0.019890,1.694457,1.976657,1.965403,1.609010,1.017677,0.240585,-0.445179
10300.437317,-0.016945,1.904336,1.942834,1.764028,1.231446,0.456879,-0.277165,-0.935666
10300.441317,-0.012342,1.952133,1.755031,1.411815,0.758861,-0.117815,-0.774142,-1.344392
10300.445317,-0.008487,1.840226,1.435075,0.939018,0.226314,-0.643861,-1.218150,-1.639444
10300.449317,-0.002888,1.590253,1.015194,0.392014,-0.321882,-1.084519,-1.575034,-1.807559
10300.453317,0.010536,1.232692,0.531833,-0.174985,-0.837503,-1.429630,-1.812134,-1.846252
10300.457317,0.034720,0.799206,0.023386,-0.709976,-1.279290,-1.678273,-1.905062,-1.755505
10300.461317,0.065065,0.319098,-0.470045,-1.169171,-1.617873,-1.822661,-1.845714,-1.538381
10300.465317,0.089839,-0.179060,-0.910729,-1.519799,-1.833077,-1.847296,-1.645031,-1.206658
10300.469317,0.095120,-0.663627,-1.271469,-1.742147,-1.910958,-1.738598,-1.326651,-0.781940
10300.473317,0.072436,-1.099000,-1.539227,-1.829177,-1.843073,-1.494354,-0.918560,-0.292763
10300.477339,0.025497,-1.449845,-1.707532,-1.781989,-1.628710,-1.128520,-0.450282,0.226012
10300.481338,-0.028962,-1.688421,-1.766287,-1.606544,-1.280071,-0.671254,0.045529,0.731270
10300.485338,-0.067734,-1.798444,-1.701508,-1.316769,-0.827495,-0.165155,0.532477,1.174477
10300.489338,-0.072692,-1.772845,-1.504443,-0.939388,-0.318083,0.341745,0.973429,1.512429
10300.493338,-0.043009,-1.612114,-1.180547,-0.511159,0.194837,0.805517,1.334593,1.716698
10300.497338,0.002811,-1.326667,-0.752325,-0.066591,0.663298,1.191948,1.586750,1.774033
10300.501339,0.039093,-0.937724,-0.258724,0.371163,1.051671,1.475451,1.706516,1.683145
10300.505338,0.046606,-0.476467,0.248305,0.783664,1.338921,1.638529,1.683395,1.455778
10300.509338,0.019843,0.015103,0.713353,1.145348,1.515185,1.673080,1.526126,1.118694
10300.513338,-0.029942,0.488612,1.090290,1.424015,1.577972,1.579411,1.258121,0.710167
10300.517338,-0.078755,0.901087,1.352539,1.590615,1.531880,1.365601,0.907628,0.273372
10300.521338,-0.102784,1.221438,1.494081,1.626167,1.386691,1.049797,0.504772,-0.150895
10300.525338,-0.091532,1.428486,1.519363,1.522493,1.153234,0.661207,0.084258,-0.532532
10300.529339,-0.051173,1.510219,1.433941,1.284369,0.842007,0.236116,-0.317746,-0.855223
10300.533338,0.002394,1.467463,1.245695,0.936531,0.467207,-0.187548,-0.673044,-1.108804
10300.537338,0.052245,1.315940,0.972031,0.523295,0.053783,-0.573241,-0.964095,-1.280274
10300.541338,0.084404,1.080577,0.641311,0.095806,-0.360173,-0.889010,-1.178566,-1.355627
10300.545338,0.091462,0.786744,0.284566,-0.301885,-0.730327,-1.112986,-1.305908,-1.327461
10300.549338,0.076826,0.458173,-0.071990,-0.639163,-1.017924,-1.236510,-1.337429,-1.197490
10300.553338,0.051840,0.119002,-0.405166,-0.897727,-1.198969,-1.261403,-1.268220,-0.976914
10300.557339,0.027599,-0.207736,-0.690540,-1.068972,-1.266403,-1.194688,-1.101442,-0.689956
10300.561338,0.009229,-0.503596,-0.905219,-1.152577,-1.225610,-1.045682,-0.852130,-0.371712
10300.565338,-0.004254,-0.755020,-1.035624,-1.152793,-1.089297,-0.827565,-0.546625,-0.054854
10300.569338,-0.015371,-0.949178,-1.081235,-1.073782,-0.876691,-0.559446,-0.216754,0.240975
10300.573338,-0.025794,-1.069280,-1.049659,-0.919443,-0.613567,-0.265126,0.108086,0.505284
10300.577338,-0.037425,-1.096596,-0.948756,-0.698932,-0.329398,0.029475,0.406467,0.726493
10300.581338,-0.050575,-1.021051,-0.786076,-0.433970,-0.052641,0.300232,0.662775,0.888183
10300.585339,-0.061966,-0.851745,-0.574120,-0.157202,0.194291,0.527948,0.858481,0.973175
10300.589338,-0.066407,-0.617151,-0.331399,0.101390,0.397783,0.696137,0.970981,0.969951
10300.593338,-0.058064,-0.355784,-0.079272,0.323411,0.551738,0.790701,0.985198,0.878180
10300.597338,-0.032736,-0.105569,0.160738,0.498689,0.654272,0.806937,0.903919,0.711992
10300.601338,0.006581,0.104996,0.370092,0.621948,0.705597,0.753357,0.746536,0.498315
10300.605384,0.048232,0.262882,0.534995,0.691936,0.707430,0.646595,0.540014,0.270262
10300.609384,0.077937,0.370665,0.643788,0.707786,0.661458,0.504212,0.312202,0.058142
10300.613384,0.085607,0.440820,0.686549,0.668311,0.569454,0.342761,0.091045,-0.119381
10300.617385,0.069250,0.486276,0.660581,0.576299,0.437923,0.179362,-0.098063,-0.256877
10300.621384,0.036261,0.511094,0.573700,0.441205,0.280530,0.028858,-0.239773,-0.355030
10300.625384,0.000301,0.507478,0.441358,0.279452,0.115102,-0.100369,-0.331737,-0.415282
10300.629384,-0.025925,0.462828,0.283480,0.113732,-0.039695,-0.204383,-0.378626,-0.439593
10300.633385,-0.036885,0.373389,0.123926,-0.031878,-0.165682,-0.277989,-0.385930,-0.429959
10300.637385,-0.035363,0.251752,-0.012625,-0.140539,-0.247234,-0.312499,-0.360033,-0.388342
10300.641384,-0.029052,0.120103,-0.107418,-0.207444,-0.277377,-0.302025,-0.310018,-0.318853
10300.645384,-0.024927,0.000666,-0.152312,-0.236608,-0.263252,-0.252453,-0.245484,-0.228701
10300.649384,-0.025391,-0.086700,-0.151053,-0.235313,-0.221966,-0.181313,-0.173473,-0.127682
10300.653384,-0.028664,-0.127973,-0.117911,-0.212113,-0.169015,-0.108740,-0.100175,-0.030357
10300.657384,-0.031197,-0.121463,-0.071654,-0.175139,-0.111487,-0.048961,-0.033973,0.043749
10300.661385,-0.028704,-0.077846,-0.027608,-0.128413,-0.051876,-0.008394,0.015061,0.080175
10300.665385,-0.016179,-0.014056,0.005077,-0.072174,0.004025,0.010600,0.036461,0.078950
10300.669384,0.008010,0.052501,0.021101,-0.008957,0.043537,0.006859,0.022249,0.048852
10300.673384,0.036305,0.106813,0.019087,0.050599,0.050563,-0.017874,-0.026175,-0.002579
10300.677384,0.054730,0.136277,0.003653,0.087394,0.013426,-0.057847,-0.095985,-0.069297
10300.681384,0.053000,0.132104,-0.018692,0.081039,-0.067797,-0.108559,-0.169874,-0.142648
10300.685384,0.031534,0.093758,-0.046389,0.021344,-0.178190,-0.171312,-0.231877,-0.209490
10300.689385,0.001307,0.028033,-0.083368,-0.084520,-0.292137,-0.245812,-0.269217,-0.253235
10300.693385,-0.021654,-0.059148,-0.135187,-0.214947,-0.382697,-0.320824,-0.274866,-0.257668
10300.697384,-0.023922,-0.164381,-0.205185,-0.342242,-0.430456,-0.377165,-0.247301,-0.211844
10300.701384,-0.002109,-0.279870,-0.291019,-0.438720,-0.427888,-0.394075,-0.185910,-0.114454
10300.705384,0.032313,-0.391656,-0.381842,-0.482817,-0.377260,-0.352129,-0.089020,0.025349
10300.709384,0.058299,-0.484809,-0.458951,-0.466324,-0.286096,-0.240363,0.043244,0.192040
10300.713384,0.060627,-0.547840,-0.501704,-0.394731,-0.164360,-0.065319,0.204258,0.367147
10300.717385,0.039179,-0.573057,-0.494263,-0.280995,-0.021008,0.148318,0.377666,0.530371
10300.721385,0.006060,-0.553585,-0.427681,-0.138578,0.138150,0.366383,0.540508,0.664266
10300.725384,-0.021403,-0.482324,-0.299151,0.023923,0.307252,0.556893,0.671136,0.757278
10300.729384,-0.029971,-0.356589,-0.114072,0.202330,0.477133,0.700659,0.753790,0.796468
10300.733405,-0.018438,-0.183756,0.111539,0.391641,0.636518,0.794964,0.778036,0.761541
10300.737405,0.001548,0.019281,0.354054,0.582220,0.772681,0.843943,0.737835,0.633827
10300.741406,0.011631,0.235453,0.587892,0.758316,0.869517,0.844045,0.633163,0.413393
10300.745405,-0.001029,0.456688,0.789321,0.898151,0.908037,0.781629,0.470970,0.127248
10300.749405,-0.033718,0.679561,0.938254,0.977526,0.871094,0.644281,0.261325,-0.180748
10300.753405,-0.070547,0.891182,1.018551,0.975646,0.748405,0.432362,0.013537,-0.470544
10300.757405,-0.093705,1.061873,1.019857,0.879767,0.540614,0.161475,-0.262014,-0.718915
10300.761405,-0.093747,1.152430,0.940821,0.688691,0.263139,-0.143550,-0.549907,-0.916110
10300.765405,-0.072923,1.129754,0.786386,0.414573,-0.055889,-0.456532,-0.827144,-1.056199
10300.769406,-0.041212,0.979990,0.561672,0.081001,-0.384965,-0.753734,-1.063136,-1.131824
10300.773405,-0.009435,0.714250,0.272161,-0.281170,-0.697027,-1.013228,-1.225419,-1.132777
10300.777405,0.015400,0.366685,-0.070540,-0.637349,-0.971555,-1.212259,-1.290046,-1.049292
10300.781405,0.030737,-0.015226,-0.441796,-0.952630,-1.192067,-1.326140,-1.247786,-0.880852
10300.785405,0.037860,-0.385835,-0.802077,-1.196823,-1.341268,-1.331839,-1.100107,-0.641236
10300.789405,0.041687,-0.715844,-1.107413,-1.349391,-1.399339,-1.216823,-0.853054,-0.351819
10300.793405,0.049080,-0.995110,-1.325597,-1.401191,-1.347978,-0.988004,-0.519620,-0.029795
10300.797406,0.064336,-1.219387,-1.442807,-1.352637,-1.177450,-0.671519,-0.125193,0.314860
10300.801405,0.083383,-1.376737,-1.457099,-1.209708,-0.892948,-0.301708,0.293820,0.670104
10300.805413,0.094121,-1.448969,-1.368293,-0.980533,-0.516773,0.090856,0.696714,1.012277
10300.809405,0.086666,-1.420585,-1.174717,-0.674287,-0.084227,0.482077,1.046915,1.308094
10300.813406,0.061585,-1.282276,-0.878412,-0.302161,0.365050,0.849860,1.319764,1.523511
10300.817405,0.027184,-1.031828,-0.491976,0.118559,0.794416,1.171940,1.502669,1.628108
10300.821405,-0.006453,-0.677985,-0.043246,0.560350,1.171582,1.425860,1.587427,1.595976
10300.825405,-0.031627,-0.243027,0.425626,0.986828,1.467467,1.587754,1.565583,1.412165
10300.829405,-0.046962,0.238070,0.869191,1.358413,1.657556,1.635234,1.432178,1.083557
10300.833405,-0.056840,0.719802,1.249847,1.637645,1.723908,1.554177,1.191438,0.642235
10300.837405,-0.065553,1.151905,1.538898,1.792162,1.656730,1.342890,0.855940,0.136019
10300.841406,-0.073417,1.488577,1.715112,1.798926,1.458378,1.014056,0.440906,-0.384635
10300.845405,-0.077135,1.698073,1.766003,1.652191,1.146416,0.594609,-0.035588,-0.871743
10300.849405,-0.072758,1.770073,1.688032,1.368429,0.748662,0.121343,-0.544662,-1.280280
10300.853405,-0.059168,1.712646,1.485112,0.980309,0.294912,-0.366227,-1.042527,-1.575698
10300.857405,0.111887,1.538783,1.166978,0.522421,-0.185050,-0.832656,-1.477494,-1.743414
10300.861430,1.159394,1.257493,0.749438,0.022366,-0.660543,-1.247632,-1.800846,-1.785665
10300.865430,4.352966,0.876955,0.257670,-0.492784,-1.101529,-1.581748,-1.973994,-1.709770
10300.869430,10.193217,0.414451,-0.271997,-0.985914,-1.478246,-1.805450,-1.974663,-1.522035
10300.873429,16.710743,-0.096167,-0.795582,-1.413700,-1.759009,-1.893195,-1.803380,-1.228475
10300.877430,19.372797,-0.607557,-1.266161,-1.739227,-1.912790,-1.830015,-1.483683,-0.837670
10300.881430,13.251287,-1.071245,-1.638617,-1.936089,-1.915375,-1.618698,-1.052875,-0.365678
10300.885430,-3.778725,-1.450456,-1.877564,-1.986383,-1.755537,-1.280583,-0.551300,0.158505
10300.889430,-28.795607,-1.724226,-1.963903,-1.882645,-1.442581,-0.845274,-0.017866,0.690628
10300.893429,-53.980984,-1.879394,-1.895186,-1.629858,-1.008680,-0.340413,0.510981,1.175730
10300.897430,-69.284256,-1.901601,-1.683103,-1.244605,-0.498798,0.205846,1.002182,1.561262
10300.901430,-66.363647,-1.779310,-1.349813,-0.756667,0.042195,0.755579,1.425736,1.812126
10300.905430,-42.175995,-1.514953,-0.922467,-0.208833,0.574461,1.258543,1.754528,1.916950
10300.909430,-1.227215,-1.128333,-0.428775,0.350978,1.061199,1.660312,1.964768,1.882938
10300.913430,44.730061,-0.652025,0.103080,0.878058,1.465732,1.916490,2.034486,1.723365
10300.917430,80.831375,-0.124823,0.640077,1.334396,1.754020,2.004733,1.944207,1.446610
10300.921429,95.600494,0.413487,1.139949,1.688979,1.900781,1.927753,1.685791,1.058446
10300.925430,85.875473,0.921670,1.554428,1.916784,1.893896,1.706945,1.274711,0.575544
10300.929430,57.440826,1.355672,1.840545,1.999627,1.738487,1.371337,0.753892,0.033007
10300.933430,21.582115,1.675908,1.970425,1.929135,1.457947,0.948580,0.182969,-0.521142
10300.937430,-10.167262,1.858259,1.935845,1.709243,1.085461,0.463217,-0.378975,-1.035326
10300.941430,-30.392715,1.897601,1.749615,1.357593,0.652553,-0.058233,-0.884578,-1.462136
10300.945430,-37.555111,1.802221,1.440325,0.904054,0.185746,-0.581799,-1.301147,-1.765399
10300.949429,-34.970337,1.586398,1.040691,0.385862,-0.290918,-1.065830,-1.609932,-1.923490
10300.953430,-28.110025,1.266151,0.578919,-0.155898,-0.753887,-1.466231,-1.802848,-1.929774
10300.957430,-21.781094,0.856892,0.079482,-0.678086,-1.176790,-1.745494,-1.875862,-1.793742
10300.961430,-18.396797,0.376353,-0.429740,-1.139484,-1.525920,-1.881030,-1.823786,-1.535908
10300.965430,-17.770170,-0.145760,-0.912471,-1.504699,-1.762746,-1.867060,-1.643120,-1.176541
10300.969430,-18.094049,-0.663274,-1.326886,-1.747230,-1.855165,-1.710729,-1.339254,-0.732349
10300.973430,-17.347363,-1.121572,-1.634097,-1.853018,-1.789289,-1.428281,-0.930197,-0.223908
10300.977429,-14.389405,-1.472579,-1.805819,-1.820015,-1.574674,-1.044714,-0.447350,0.314612
10300.981430,-9.343680,-1.688725,-1.827779,-1.654540,-1.239849,-0.593037,0.066501,0.833325
10300.985430,-3.291378,-1.766425,-1.701980,-1.369332,-0.821141,-0.108579,0.566158,1.276792
10300.989453,2.401134,-1.717043,-1.448405,-0.983201,-0.353738,0.376176,1.013780,1.596616
10300.993453,6.714142,-1.556646,-1.099208,-0.523245,0.129069,0.829003,1.377930,1.760861
10300.997452,9.292724,-1.300016,-0.686907,-0.027293,0.592689,1.213889,1.629235,1.764112
10301.001452,10.398851,-0.957643,-0.239436,0.460143,1.002482,1.495576,1.746195,1.630204
10301.005452,10.618373,-0.539969,0.215813,0.895788,1.328283,1.647560,1.722723,1.398248
10301.009452,10.515664,-0.067933,0.649889,1.243590,1.546258,1.656886,1.565014,1.100469
10301.013452,10.400228,0.419278,1.033720,1.479107,1.640118,1.529133,1.286090,0.751784
10301.017453,10.277723,0.867299,1.337231,1.591198,1.604032,1.289732,0.908311,0.360360
10301.021453,9.957674,1.221176,1.530452,1.580141,1.443897,0.974351,0.467117,-0.056386
10301.025452,9.225057,1.441521,1.591963,1.455227,1.175735,0.615627,0.007501,-0.467771
10301.029452,7.978078,1.515383,1.518138,1.231548,0.824250,0.236912,-0.423199,-0.837233
10301.033452,6.279141,1.459229,1.324551,0.926448,0.422353,-0.145623,-0.782538,-1.133179
10301.037452,4.320586,1.306838,1.039075,0.560879,0.007751,-0.515297,-1.043250,-1.334330
10301.041452,2.340223,1.088707,0.693626,0.162543,-0.384539,-0.847465,-1.200766,-1.428423
10301.045453,0.533359,0.821642,0.320174,-0.236092,-0.728571,-1.110365,-1.267372,-1.411098
10301.049453,-0.997835,0.513069,-0.052148,-0.601973,-1.005465,-1.274014,-1.258490,-1.286094
10301.053452,-2.242358,0.172552,-0.400664,-0.905305,-1.195836,-1.320472,-1.183235,-1.066052
10301.057452,-3.241213,-0.178679,-0.708364,-1.123253,-1.281763,-1.251150,-1.042630,-0.773109
10301.061452,-4.041028,-0.507864,-0.958603,-1.240497,-1.258490,-1.085216,-0.834649,-0.436483
10301.065452,-4.662650,-0.780372,-1.132602,-1.248931,-1.137887,-0.847923,-0.562384,-0.087351
10301.069452,-5.092608,-0.971862,-1.212899,-1.150423,-0.939996,-0.562426,-0.239470,0.245767
10301.073453,-5.298050,-1.073644,-1.189520,-0.959976,-0.685604,-0.253201,0.107818,0.538569
10301.077453,-5.253664,-1.087856,-1.065629,-0.706039,-0.395493,0.050644,0.439585,0.771567
10301.081452,-4.961802,-1.020932,-0.858880,-0.424921,-0.092807,0.320847,0.706944,0.931318
10301.085452,-4.457955,-0.881947,-0.596786,-0.149129,0.196298,0.536402,0.869140,1.010055
10301.089452,-3.802125,-0.682990,-0.310450,0.101779,0.446404,0.684874,0.915120,1.004288
10301.093452,-3.059696,-0.440070,-0.029210,0.319428,0.637232,0.762806,0.868960,0.915141
10301.097452,-2.282449,-0.175619,0.223934,0.498835,0.755783,0.777357,0.771262,0.751453
10301.101453,-1.501579,0.080892,0.433262,0.633539,0.798590,0.743568,0.653017,0.533579
10301.105452,-0.734782,0.299376,0.587921,0.712872,0.771458,0.673252,0.524523,0.292763
10301.109452,0.001801,0.459233,0.680903,0.725003,0.684335,0.567841,0.382779,0.063312
10301.113452,0.685832,0.554153,0.709655,0.669393,0.548910,0.427456,0.223641,-0.128295
10301.117272,1.289001,0.589628,0.676087,0.563191,0.382010,0.262085,0.049958,-0.269628
10301.121271,1.784914,0.577136,0.587456,0.432347,0.206562,0.089936,-0.124912,-0.361054
10301.125271,2.156555,0.528078,0.458813,0.298522,0.046147,-0.069885,-0.279942,-0.410293
10301.129272,2.397192,0.450829,0.311672,0.171803,-0.081606,-0.200619,-0.392555,-0.426334
10301.133272,2.508665,0.352547,0.167356,0.052304,-0.167871,-0.288359,-0.443874,-0.415854
10301.137271,2.501736,0.240900,0.042559,-0.061278,-0.212809,-0.326564,-0.427630,-0.383726
10301.141271,2.395804,0.123269,-0.052042,-0.162641,-0.223315,-0.321720,-0.358302,-0.334514
10301.145271,2.212085,0.008749,-0.114332,-0.236346,-0.207721,-0.289395,-0.264871,-0.271336
10301.149271,1.964445,-0.087858,-0.149517,-0.267048,-0.173688,-0.243316,-0.174448,-0.193677
10301.153272,1.658790,-0.148700,-0.162109,-0.250920,-0.130418,-0.190602,-0.101608,-0.101302
10301.157272,1.302542,-0.162303,-0.150577,-0.198658,-0.087799,-0.135464,-0.048498,-0.004046
10301.161272,0.914261,-0.130916,-0.113668,-0.129947,-0.052768,-0.082937,-0.011368,0.075793
10301.165271,0.521313,-0.069507,-0.060346,-0.063655,-0.027785,-0.038558,0.012530,0.114187
10301.169271,0.148243,0.001547,-0.007634,-0.010302,-0.012359,-0.007277,0.020612,0.099245
10301.173271,-0.189394,0.062946,0.029714,0.025301,-0.007383,0.005697,0.004539,0.037912
10301.177271,-0.482579,0.100393,0.043863,0.037039,-0.018781,-0.005102,-0.042551,-0.047667
10301.181272,-0.725608,0.107425,0.031945,0.018199,-0.054954,-0.043736,-0.115637,-0.130631
10301.185272,-0.915120,0.084336,-0.007488,-0.032692,-0.119912,-0.111637,-0.197254,-0.189877
10301.189272,-1.049720,0.032708,-0.073787,-0.109873,-0.208816,-0.202814,-0.266350,-0.215492
10301.193271,-1.130604,-0.047914,-0.160536,-0.202261,-0.306898,-0.296845,-0.304054,-0.206511
10301.197271,-1.162213,-0.154996,-0.256944,-0.294683,-0.391785,-0.361821,-0.294802,-0.162973
10301.201271,-1.149437,-0.274657,-0.350878,-0.369465,-0.441562,-0.368743,-0.229970,-0.081268
10301.205271,-1.094252,-0.383072,-0.428959,-0.412250,-0.442732,-0.304752,-0.112983,0.041052
10301.209272,-0.997104,-0.459545,-0.477907,-0.416879,-0.390968,-0.177512,0.040650,0.196716
10301.213272,-0.861787,-0.497329,-0.487109,-0.381540,-0.287820,-0.010451,0.210184,0.365955
10301.217272,-0.698379,-0.501776,-0.450332,-0.302991,-0.137686,0.169435,0.376814,0.521667
10301.221271,-0.520646,-0.480462,-0.366270,-0.179269,0.052472,0.343264,0.524719,0.637522
10301.225271,-0.342580,-0.433961,-0.237252,-0.015740,0.269365,0.502193,0.640699,0.694136
10301.229271,-0.177115,-0.352501,-0.069162,0.173366,0.491773,0.639769,0.716010,0.682498
10301.233271,-0.031962,-0.221309,0.126914,0.369145,0.695492,0.744452,0.744746,0.605820
10301.237272,0.094759,-0.030279,0.335785,0.556378,0.858101,0.801080,0.719952,0.478141
10301.241272,0.210657,0.216904,0.541128,0.725032,0.959715,0.797636,0.635329,0.316106
10301.245292,0.319749,0.494987,0.727146,0.860724,0.984418,0.728287,0.491549,0.129034
10301.249293,0.419153,0.758707,0.879275,0.940719,0.922713,0.593680,0.297775,-0.081960
10301.253293,0.503646,0.959623,0.982949,0.943386,0.772145,0.401031,0.065333,-0.315305
10301.257292,0.567955,1.066735,1.021330,0.858797,0.540101,0.159684,-0.196768,-0.560434
10301.261292,0.605262,1.075261,0.976985,0.690228,0.248661,-0.123250,-0.477698,-0.796289
10301.265292,0.608091,0.999660,0.837609,0.448443,-0.070002,-0.436971,-0.758692,-0.995597
10301.269293,0.571298,0.858035,0.602320,0.146429,-0.388233,-0.756312,-1.011707,-1.130683
10301.273293,0.495881,0.659809,0.285667,-0.198940,-0.690867,-1.039643,-1.202642,-1.179172
10301.277293,0.392071,0.404613,-0.084105,-0.559920,-0.968013,-1.240537,-1.299044,-1.128196
10301.281293,0.277530,0.091188,-0.471286,-0.897456,-1.202288,-1.327364,-1.279861,-0.974588
10301.285292,0.171390,-0.270366,-0.837559,-1.172624,-1.364774,-1.294561,-1.140986,-0.723932
10301.289292,0.087922,-0.652273,-1.144783,-1.357964,-1.424326,-1.156752,-0.894629,-0.392888
10301.293292,0.031378,-1.012780,-1.360329,-1.438020,-1.360573,-0.934892,-0.564730,-0.009647
10301.297293,-0.005279,-1.305461,-1.463811,-1.403463,-1.170228,-0.646859,-0.180745,0.392056
10301.301293,-0.035482,-1.491036,-1.450940,-1.250384,-0.867843,-0.306616,0.228571,0.778958
10301.305293,-0.072367,-1.548172,-1.332292,-0.987112,-0.482392,0.072803,0.636307,1.119401
10301.309292,-0.123974,-1.476462,-1.124191,-0.637293,-0.048618,0.475664,1.011441,1.383165
10301.313292,-0.189429,-1.289440,-0.838349,-0.233983,0.398496,0.877199,1.317808,1.543663
10301.317292,-0.257269,-1.002935,-0.481518,0.187933,0.821971,1.238756,1.525075,1.582883
10301.321293,-0.308764,-0.630200,-0.063595,0.597611,1.184721,1.514705,1.618223,1.496533
10301.325293,-0.328008,-0.188891,0.394195,0.972506,1.458076,1.669639,1.594812,1.294948
10301.329293,-0.313003,0.290203,0.856034,1.296386,1.626389,1.689171,1.457155,0.997065
10301.333293,-0.276440,0.763291,1.274440,1.552037,1.682191,1.575822,1.208305,0.620669
10301.337292,-0.234623,1.182209,1.599643,1.716553,1.618960,1.339812,0.854750,0.180964
10301.341292,-0.195882,1.505477,1.793465,1.763305,1.431658,0.995885,0.414409,-0.298531
10301.345292,-0.159402,1.706058,1.838512,1.669291,1.124320,0.565032,-0.078888,-0.779117
10301.349293,-0.121320,1.772703,1.735459,1.423326,0.716811,0.074878,-0.580795,-1.213891
10301.353293,-0.078886,1.707795,1.495113,1.033262,0.244368,-0.440046,-1.046291,-1.558860
10301.357293,-0.031268,1.524889,1.135883,0.531027,-0.250652,-0.937064,-1.435668,-1.780771
10301.361293,0.020602,1.242645,0.685980,-0.031250,-0.725872,-1.370391,-1.717021,-1.862698
10301.365292,0.074068,0.877133,0.182516,-0.594146,-1.142109,-1.701439,-1.868187,-1.804489
10301.369292,0.124152,0.441226,-0.334497,-1.102000,-1.470071,-1.902640,-1.876306,-1.615621
10301.373318,0.162593,-0.048637,-0.828974,-1.507628,-1.696219,-1.955419,-1.737307,-1.308736
10301.377317,0.180565,-0.565205,-1.271120,-1.777562,-1.816948,-1.852402,-1.460020,-0.900563
10301.381317,0.176451,-1.067186,-1.633763,-1.899010,-1.825596,-1.602032,-1.069412,-0.413687
10301.385317,0.159701,-1.502374,-1.887090,-1.880362,-1.708092,-1.226284,-0.600240,0.125367
10301.389317,0.143594,-1.819054,-1.998311,-1.741626,-1.452681,-0.754482,-0.086906,0.684140
10301.393318,0.133287,-1.980744,-1.941972,-1.500480,-1.063161,-0.222676,0.437803,1.217801
10301.397317,0.121849,-1.972993,-1.716510,-1.165298,-0.565617,0.326591,0.939038,1.669974
10301.401317,0.098834,-1.801356,-1.350215,-0.741145,-0.007181,0.850341,1.381631,1.983110
10301.405317,0.061929,-1.489013,-0.889100,-0.241917,0.554059,1.309274,1.731905,2.112390
10301.409317,0.020813,-1.072895,-0.378174,0.301272,1.065195,1.668285,1.956172,2.041180
10301.413317,-0.009742,-0.592842,0.148006,0.841837,1.487906,1.899920,2.025032,1.789847
10301.417317,-0.022472,-0.081643,0.660508,1.327873,1.794603,1.988852,1.923277,1.406844
10301.421317,-0.022446,0.434390,1.127834,1.711390,1.962746,1.931897,1.657334,0.947033
10301.425317,-0.019483,0.929019,1.516537,1.952986,1.977734,1.733797,1.255516,0.453306
10301.429317,-0.020277,1.370009,1.797479,2.026934,1.839738,1.403774,0.759183,-0.048666
10301.433317,-0.027542,1.716293,1.948543,1.928843,1.564960,0.958980,0.212861,-0.543089
10301.437317,-0.041665,1.926005,1.954370,1.677496,1.178537,0.432203,-0.337835,-1.011550
10301.441317,-0.060759,1.973547,1.808320,1.305547,0.707274,-0.128057,-0.846733,-1.424797
10301.445318,-0.080196,1.859769,1.516360,0.848611,0.181714,-0.668043,-1.274957,-1.744378
10301.449317,-0.093728,1.605144,1.100284,0.341739,-0.358452,-1.139750,-1.598304,-1.933628
10301.453317,-0.095263,1.234780,0.598087,-0.179922,-0.867851,-1.505620,-1.802573,-1.971035
10301.457317,-0.081488,0.773719,0.058761,-0.682287,-1.305126,-1.740953,-1.876471,-1.854570
10301.461317,-0.056415,0.255032,-0.467415,-1.132468,-1.638179,-1.838093,-1.814163,-1.594892
10301.465317,-0.031867,-0.275486,-0.937686,-1.496582,-1.843664,-1.806353,-1.619830,-1.209387
10301.469317,-0.019833,-0.768699,-1.320546,-1.743638,-1.906327,-1.662723,-1.306982,-0.725136
10301.473317,-0.024653,-1.186389,-1.594877,-1.852634,-1.820777,-1.421222,-0.897254,-0.183582
10301.477317,-0.040558,-1.504226,-1.747977,-1.813915,-1.594376,-1.089672,-0.421700,0.362869
10301.481317,-0.052033,-1.706005,-1.775226,-1.630311,-1.247994,-0.674861,0.080212,0.861108
10301.485317,-0.040017,-1.782130,-1.680347,-1.320780,-0.812268,-0.193789,0.566162,1.269051
10301.489317,0.004277,-1.730379,-1.472512,-0.918720,-0.322370,0.317699,0.996064,1.562248
10301.493317,0.070784,-1.554297,-1.162628,-0.464395,0.182841,0.808078,1.335989,1.729539
10301.497317,0.135014,-1.263314,-0.766720,0.002312,0.658699,1.222651,1.563050,1.765731
10301.501364,0.169697,-0.875085,-0.312948,0.445450,1.060065,1.517666,1.666991,1.670827
10301.505363,0.159129,-0.417778,0.160648,0.834388,1.355039,1.670711,1.646635,1.453044
10301.509363,0.107576,0.068919,0.616332,1.146726,1.532286,1.683794,1.506527,1.131611
10301.513363,0.034824,0.537188,1.020854,1.371320,1.595611,1.575560,1.257370,0.736349
10301.517363,-0.033410,0.939414,1.341060,1.505001,1.553874,1.366698,0.919047,0.302172
10301.521363,-0.074630,1.238770,1.543527,1.543781,1.414351,1.073155,0.520922,-0.137027
10301.525363,-0.078781,1.418064,1.605039,1.478546,1.183187,0.711642,0.095874,-0.549718
10301.529363,-0.051861,1.480081,1.522691,1.299860,0.869604,0.305578,-0.324757,-0.904490
10301.533363,-0.010298,1.437608,1.314145,1.007910,0.489338,-0.116040,-0.709456,-1.170717
10301.537363,0.027869,1.302268,1.012107,0.621850,0.068703,-0.521862,-1.025148,-1.325810
10301.541362,0.049389,1.083765,0.656271,0.182682,-0.353605,-0.879233,-1.242146,-1.364443
10301.545363,0.048723,0.797423,0.285245,-0.253515,-0.732934,-1.157132,-1.341927,-1.300128
10301.549363,0.027087,0.465155,-0.068288,-0.631852,-1.030476,-1.331575,-1.321872,-1.156184
10301.553363,-0.009643,0.110436,-0.381552,-0.916705,-1.222222,-1.388158,-1.194400,-0.953911
10301.557363,-0.051825,-0.241565,-0.643295,-1.097085,-1.300407,-1.323326,-0.983188,-0.707292
10301.561363,-0.087262,-0.563863,-0.848765,-1.177533,-1.269413,-1.147066,-0.719989,-0.426716
10301.565363,-0.103330,-0.831481,-0.993380,-1.168085,-1.141220,-0.883190,-0.438557,-0.125014
10301.569363,-0.091825,-1.022154,-1.072099,-1.081388,-0.934085,-0.565531,-0.162861,0.181964
10301.573363,-0.055627,-1.117775,-1.081284,-0.931572,-0.672382,-0.231918,0.099509,0.476580
10301.577363,-0.008750,-1.111468,-1.017733,-0.730279,-0.382670,0.082448,0.347539,0.735923
10301.581363,0.031635,-1.010606,-0.878404,-0.486864,-0.089401,0.350998,0.571436,0.930998
10301.585363,0.052541,-0.831629,-0.665528,-0.216388,0.184791,0.559481,0.751083,1.036074
10301.589363,0.049403,-0.595905,-0.394524,0.055694,0.418167,0.704703,0.865736,1.038265
10301.593362,0.027996,-0.330516,-0.097333,0.300449,0.593015,0.788923,0.899930,0.938442
10301.597363,0.000249,-0.067710,0.184275,0.496074,0.701756,0.813817,0.846246,0.750214
10301.601363,-0.021779,0.161253,0.411210,0.631378,0.748468,0.778386,0.711338,0.501360
10301.605363,-0.028384,0.334920,0.558053,0.702922,0.741400,0.683949,0.518759,0.231212
10301.609363,-0.016656,0.447025,0.619848,0.711457,0.685661,0.540495,0.302574,-0.017593
10301.613363,0.006011,0.504349,0.611732,0.660772,0.584760,0.365956,0.097932,-0.210530
10301.617362,0.027279,0.519263,0.558758,0.560140,0.445940,0.182185,-0.067609,-0.332829
10301.621363,0.038002,0.503916,0.481529,0.426426,0.282480,0.012381,-0.182485,-0.390002
10301.625363,0.036950,0.466252,0.390923,0.280731,0.113968,-0.124444,-0.252718,-0.396397
10301.629384,0.031122,0.406986,0.293061,0.141130,-0.036884,-0.219930,-0.293306,-0.368876
10301.633384,0.028481,0.325156,0.192410,0.017470,-0.153151,-0.276172,-0.316500,-0.326971
10301.637384,0.029538,0.227395,0.093574,-0.087757,-0.228770,-0.300465,-0.324819,-0.285081
10301.641384,0.028710,0.126172,0.006446,-0.173749,-0.264331,-0.299082,-0.312767,-0.243075
10301.645384,0.021424,0.032623,-0.054325,-0.234829,-0.263225,-0.273241,-0.274424,-0.191991
10301.649384,0.007751,-0.044097,-0.078688,-0.258656,-0.232288,-0.222077,-0.209808,-0.128289
10301.653384,-0.008509,-0.095847,-0.068513,-0.234551,-0.180960,-0.149846,-0.127759,-0.059940
10301.657384,-0.022812,-0.118559,-0.036340,-0.165512,-0.118548,-0.069249,-0.044552,-0.001845
10301.661384,-0.031845,-0.114085,0.001302,-0.070841,-0.054670,0.001014,0.022626,0.031039
10301.665384,-0.033039,-0.087030,0.030902,0.021556,-0.000913,0.041777,0.061297,0.028186
10301.669384,-0.023852,-0.041422,0.044705,0.085540,0.030968,0.041214,0.064093,-0.012043
10301.673384,-0.005039,0.018056,0.038696,0.104486,0.032524,0.001550,0.028637,-0.079291
10301.677384,0.015131,0.080827,0.011467,0.073217,0.001197,-0.062708,-0.039826,-0.153418
10301.681384,0.024320,0.125678,-0.034527,-0.002760,-0.059656,-0.133684,-0.127326,-0.211647
10301.685384,0.015789,0.125966,-0.093745,-0.106069,-0.142805,-0.197324,-0.215529,-0.237914
10301.689384,-0.005353,0.065634,-0.160391,-0.210865,-0.236923,-0.246837,-0.287799,-0.227164
10301.693384,-0.025715,-0.048875,-0.230811,-0.294953,-0.325918,-0.282665,-0.331001,-0.181171
10301.697384,-0.033597,-0.191148,-0.304556,-0.349572,-0.393384,-0.306164,-0.333893,-0.104513
10301.701384,-0.025793,-0.328421,-0.380405,-0.378685,-0.427644,-0.311477,-0.286592,-0.004717
10301.705384,-0.008016,-0.435806,-0.448828,-0.390806,-0.419956,-0.285062,-0.182819,0.109636
10301.709384,0.008273,-0.501753,-0.492517,-0.388950,-0.362188,-0.213241,-0.025235,0.233586
10301.713384,0.012092,-0.524953,-0.496185,-0.365468,-0.251380,-0.089548,0.168444,0.365720
10301.717384,0.001884,-0.509046,-0.453387,-0.306044,-0.092968,0.082170,0.367382,0.500369
10301.721384,-0.011863,-0.459582,-0.365057,-0.198820,0.102118,0.286042,0.542204,0.621105
10301.725384,-0.017120,-0.380579,-0.234238,-0.041177,0.317999,0.494995,0.678338,0.705420
10301.729384,-0.011604,-0.269626,-0.064163,0.158697,0.531761,0.677345,0.772306,0.735441
10301.733384,-0.002108,-0.119655,0.137771,0.382858,0.715689,0.806745,0.818831,0.701693
10301.737385,0.002838,0.071202,0.356591,0.604882,0.843812,0.868631,0.805291,0.599386
10301.741384,-0.002160,0.292624,0.572408,0.792554,0.899467,0.858474,0.716049,0.427222
10301.745384,-0.017466,0.523675,0.764908,0.914845,0.879260,0.776418,0.543201,0.191817
10301.749384,-0.036625,0.737518,0.915074,0.953146,0.790460,0.623899,0.297937,-0.088511
10301.753384,-0.046321,0.907261,1.005409,0.907646,0.645450,0.404609,0.010002,-0.386904
10301.757405,-0.033476,1.013222,1.020697,0.790917,0.456331,0.130136,-0.288133,-0.675201
10301.761405,0.002532,1.043496,0.951271,0.617512,0.230189,-0.177273,-0.574826,-0.926366
10301.765406,0.045592,0.988388,0.797069,0.398706,-0.031007,-0.489409,-0.835598,-1.113790
10301.769405,0.073592,0.842421,0.567709,0.140412,-0.322428,-0.778337,-1.052870,-1.215252
10301.773405,0.074455,0.612293,0.278562,-0.154184,-0.626300,-1.019889,-1.204088,-1.220152
10301.777405,0.052833,0.317048,-0.052796,-0.475497,-0.911743,-1.194870,-1.266712,-1.131770
10301.781405,0.023468,-0.018448,-0.406704,-0.799892,-1.145483,-1.287133,-1.224512,-0.958842
10301.785405,-0.000015,-0.367531,-0.759458,-1.092001,-1.301472,-1.281543,-1.073552,-0.706673
10301.789405,-0.011663,-0.703487,-1.081586,-1.314547,-1.362826,-1.169385,-0.825109,-0.381844
10301.793405,-0.012347,-1.001757,-1.338074,-1.437062,-1.320209,-0.956354,-0.503399,-0.001365
10301.797405,-0.005097,-1.240458,-1.493496,-1.440430,-1.170117,-0.661673,-0.139346,0.407113
10301.801405,0.006952,-1.400174,-1.522221,-1.318686,-0.914445,-0.310001,0.237732,0.807923
10301.805405,0.019133,-1.464999,-1.417237,-1.078656,-0.564432,0.074836,0.605839,1.159568
10301.809405,0.024775,-1.422751,-1.189965,-0.737542,-0.144678,0.469794,0.947381,1.423804
10301.813405,0.018358,-1.266028,-0.862302,-0.320671,0.309844,0.848417,1.241800,1.577119
10301.817405,0.000594,-0.996282,-0.460410,0.138863,0.759254,1.179963,1.463495,1.612332
10301.821405,-0.020440,-0.627202,-0.014335,0.603065,1.162162,1.434818,1.586884,1.530720
10301.825405,-0.034653,-0.185695,0.442877,1.034664,1.480294,1.589798,1.593869,1.335137
10301.829405,-0.035439,0.289184,0.879138,1.398904,1.684536,1.630267,1.476707,1.030484
10301.833405,-0.022104,0.752179,1.263737,1.663184,1.757942,1.550770,1.235672,0.628623
10301.837405,-0.001016,1.161871,1.564215,1.799027,1.694913,1.353310,0.880348,0.153758
10301.841405,0.016403,1.487627,1.749552,1.786315,1.500198,1.045170,0.434357,-0.354669
10301.845405,0.019321,1.708385,1.799681,1.619767,1.187818,0.640228,-0.065820,-0.847477
10301.849405,0.003451,1.806967,1.709852,1.313560,0.778949,0.162899,-0.577387,-1.276619
10301.853405,-0.025775,1.768829,1.487317,0.900486,0.301245,-0.350412,-1.055939,-1.602788
10301.857405,-0.054965,1.588193,1.148033,0.425800,-0.210615,-0.854773,-1.458045,-1.800560
10301.861405,-0.069747,1.275195,0.715915,-0.065667,-0.716269,-1.302006,-1.746342,-1.860870
10301.865405,-0.062437,0.857473,0.221551,-0.542108,-1.174111,-1.647244,-1.895772,-1.786953
10301.869405,-0.035217,0.374957,-0.299011,-0.983376,-1.546685,-1.857297,-1.895721,-1.586795
10301.873405,0.001288,-0.130047,-0.806211,-1.368913,-1.804340,-1.915449,-1.749189,-1.269255
10301.877405,0.033412,-0.622914,-1.262294,-1.672096,-1.927583,-1.820640,-1.469754,-0.847467
10301.881405,0.051766,-1.079631,-1.634253,-1.865843,-1.907053,-1.586218,-1.075388,-0.346134
10301.885430,0.053890,-1.478721,-1.892195,-1.929149,-1.740260,-1.237236,-0.588090,0.195236
10301.889430,0.041449,-1.790448,-2.010524,-1.848060,-1.433137,-0.802472,-0.042612,0.727745
10301.893430,0.018962,-1.976326,-1.971785,-1.616691,-1.008555,-0.309344,0.510762,1.204033
10301.897430,-0.004637,-2.000502,-1.769800,-1.243441,-0.507466,0.212378,1.018265,1.587463
10301.901430,-0.017594,-1.846356,-1.414333,-0.756576,0.023866,0.726435,1.437936,1.853013
10301.905429,-0.011993,-1.529148,-0.935204,-0.201530,0.546348,1.192521,1.743557,1.981571
10301.909430,0.009593,-1.091440,-0.380604,0.368897,1.028893,1.572614,1.919345,1.957955
10301.913430,0.033993,-0.582849,0.191436,0.904726,1.442973,1.835339,1.956040,1.777015
10301.917430,0.046697,-0.046131,0.726649,1.364970,1.759261,1.957794,1.851326,1.453170
10301.921430,0.042563,0.481915,1.186311,1.718391,1.949028,1.928409,1.611901,1.022338
10301.925430,0.025499,0.967435,1.548262,1.941287,1.989412,1.748672,1.253111,0.527817
10301.929429,0.001783,1.379393,1.799225,2.017282,1.869858,1.432359,0.797578,0.004214
10301.933430,-0.020635,1.689361,1.929120,1.939064,1.597165,1.005845,0.277369,-0.521068
10301.937430,-0.033611,1.874067,1.931087,1.711433,1.196896,0.505244,-0.265543,-1.015598
10301.941430,-0.036390,1.919966,1.802397,1.353741,0.709691,-0.031234,-0.786111,-1.438839
10301.945430,-0.035521,1.824626,1.543834,0.895935,0.182955,-0.566103,-1.244139,-1.751294
10301.949430,-0.034920,1.595400,1.161816,0.373472,-0.339520,-1.059626,-1.607056,-1.925084
10301.953429,-0.031755,1.249367,0.676012,-0.172531,-0.823875,-1.469808,-1.849656,-1.948804
10301.957430,-0.022363,0.814404,0.124405,-0.698245,-1.244786,-1.758615,-1.953554,-1.824199
10301.961430,-0.007954,0.325962,-0.441852,-1.165233,-1.580418,-1.899652,-1.907669,-1.560500
10301.965430,0.006733,-0.179869,-0.967885,-1.542069,-1.809045,-1.882369,-1.711915,-1.176710
10301.969430,0.018397,-0.669271,-1.403078,-1.798475,-1.909420,-1.713188,-1.381697,-0.706396
10301.973430,0.025542,-1.109535,-1.709650,-1.907298,-1.864304,-1.413443,-0.947592,-0.192531
10301.977430,0.025070,-1.468480,-1.867934,-1.858797,-1.666214,-1.014094,-0.449927,0.321792
10301.981429,0.014397,-1.715392,-1.873500,-1.668974,-1.324632,-0.551551,0.067835,0.796756
10301.985430,-0.002405,-1.825383,-1.733101,-1.368849,-0.869465,-0.065705,0.565137,1.197977
10301.989430,-0.015097,-1.786728,-1.465360,-0.986411,-0.347333,0.403838,1.009225,1.500346
10301.993430,-0.014774,-1.605156,-1.099969,-0.541075,0.185592,0.823406,1.375099,1.688462
10301.997430,-0.000001,-1.301016,-0.672186,-0.054122,0.675311,1.168699,1.640188,1.753988
10302.001430,0.021955,-0.904126,-0.217688,0.439856,1.083895,1.423800,1.782209,1.692798
10302.005430,0.038018,-0.450766,0.230134,0.894682,1.391400,1.576885,1.784078,1.503646
10302.009429,0.036995,0.021787,0.642249,1.264755,1.585872,1.617064,1.639878,1.193001
10302.013477,0.019018,0.480125,0.995264,1.515725,1.656027,1.535286,1.358702,0.784376
10302.017477,-0.003765,0.891399,1.270154,1.630411,1.594514,1.329932,0.966944,0.321600
10302.021477,-0.017953,1.221785,1.450840,1.611723,1.408596,1.015496,0.507323,-0.140320
10302.025477,-0.019585,1.443886,1.525872,1.478520,1.123003,0.625459,0.031818,-0.552813
10302.029476,-0.015501,1.541103,1.491119,1.253868,0.769415,0.204520,-0.411063,-0.887145
10302.033476,-0.014507,1.507004,1.350313,0.956126,0.378957,-0.202276,-0.786701,-1.134910
10302.037476,-0.017472,1.349483,1.113319,0.599955,-0.016632,-0.558150,-1.075558,-1.299020
10302.041477,-0.018433,1.093717,0.794883,0.203519,-0.386141,-0.841729,-1.268334,-1.381097
10302.045477,-0.011646,0.774149,0.416776,-0.205125,-0.704258,-1.048566,-1.360840,-1.372979
10302.049477,0.004546,0.423608,0.011425,-0.589438,-0.955348,-1.182140,-1.352274,-1.261846
10302.053477,0.025336,0.069043,-0.380257,-0.913308,-1.132062,-1.241216,-1.247683,-1.046007
10302.057476,0.040584,-0.268285,-0.718447,-1.147720,-1.228709,-1.216605,-1.058745,-0.744980
10302.061476,0.040916,-0.569800,-0.972461,-1.271975,-1.236176,-1.099835,-0.801527,-0.394556
10302.065477,0.023636,-0.815518,-1.123525,-1.276499,-1.145826,-0.895425,-0.497987,-0.035104
10302.069477,-0.004679,-0.984859,-1.167777,-1.167841,-0.959443,-0.626605,-0.177910,0.297619
10302.073477,-0.031662,-1.062841,-1.117667,-0.968235,-0.695402,-0.327952,0.127893,0.577279
10302.077477,-0.047960,-1.046859,-0.995269,-0.709373,-0.386725,-0.030558,0.397643,0.786827
10302.081477,-0.051793,-0.949520,-0.820468,-0.425256,-0.073000,0.245930,0.619482,0.916440
10302.085476,-0.044998,-0.794689,-0.605629,-0.144290,0.211143,0.490045,0.783339,0.963209
10302.089476,-0.029127,-0.608597,-0.362516,0.115342,0.444835,0.691275,0.877302,0.931721
10302.093477,-0.006953,-0.409922,-0.109870,0.341159,0.619636,0.834552,0.895761,0.833377
10302.097477,0.014555,-0.204225,0.129493,0.520304,0.731266,0.901634,0.845649,0.683008
10302.101477,0.025066,0.010332,0.335907,0.641317,0.775895,0.881770,0.740382,0.495386
10302.105477,0.017885,0.227344,0.496390,0.698979,0.753565,0.779888,0.593041,0.286026
10302.109477,-0.003144,0.423113,0.603458,0.695147,0.670576,0.613505,0.416409,0.073821
10302.113476,-0.025327,0.566343,0.652617,0.637562,0.538835,0.407267,0.224329,-0.119353
10302.117476,-0.035232,0.634279,0.643867,0.539057,0.376867,0.191293,0.031840,-0.271939
10302.121477,-0.025024,0.622158,0.584595,0.414080,0.209564,-0.002582,-0.145329,-0.369449
10302.125477,0.004610,0.545439,0.487604,0.274482,0.062112,-0.149958,-0.291959,-0.412217
10302.129477,0.043133,0.431974,0.367657,0.130931,-0.049250,-0.242105,-0.394993,-0.414143
10302.133477,0.074267,0.308476,0.241475,-0.003454,-0.122884,-0.285953,-0.446025,-0.390976
10302.137476,0.086330,0.192176,0.126970,-0.115076,-0.168762,-0.295835,-0.442731,-0.349074
10302.141272,0.078775,0.089818,0.037155,-0.194062,-0.199610,-0.284116,-0.388249,-0.285306
10302.145271,0.058224,0.004103,-0.025877,-0.234227,-0.221575,-0.258447,-0.293895,-0.198858
10302.149272,0.032017,-0.057470,-0.069285,-0.232750,-0.229803,-0.224042,-0.183046,-0.101950
10302.153272,0.007424,-0.084711,-0.101528,-0.192851,-0.214171,-0.184089,-0.084439,-0.017727
10302.157271,-0.009827,-0.075779,-0.124895,-0.124793,-0.170250,-0.139174,-0.017704,0.032474
10302.161271,-0.021241,-0.040927,-0.134629,-0.044097,-0.104811,-0.090593,0.013959,0.041143
10302.165271,-0.035049,0.003289,-0.126159,0.030611,-0.033442,-0.044958,0.019014,0.016146
10302.169272,-0.055986,0.040149,-0.102840,0.080863,0.024224,-0.013838,0.006944,-0.026660
10302.173272,-0.077868,0.058344,-0.073904,0.093979,0.048437,-0.007790,-0.019819,-0.072883
10302.177272,-0.087835,0.057226,-0.046089,0.068111,0.025343,-0.030366,-0.065669,-0.115689
10302.181271,-0.076796,0.043830,-0.023589,0.010467,-0.044990,-0.078729,-0.132634,-0.154549
10302.185271,-0.046952,0.022311,-0.016725,-0.069668,-0.145871,-0.148307,-0.210198,-0.189095
10302.189271,-0.011445,-0.012023,-0.043580,-0.164992,-0.250339,-0.231269,-0.276044,-0.213651
10302.193271,0.014835,-0.069827,-0.117708,-0.269525,-0.332005,-0.310094,-0.307048,-0.215756
10302.197272,0.026507,-0.159684,-0.233325,-0.374747,-0.374609,-0.358657,-0.288695,-0.180388
10302.201272,0.028634,-0.279753,-0.362647,-0.465338,-0.376906,-0.353308,-0.217098,-0.097530
10302.205272,0.027994,-0.414109,-0.468540,-0.520445,-0.349583,-0.284519,-0.097179,0.031914
10302.209271,0.027605,-0.534424,-0.523266,-0.521714,-0.303199,-0.161036,0.058738,0.195273
10302.213271,0.027196,-0.608466,-0.517560,-0.460933,-0.235694,-0.003384,0.232582,0.372562
10302.217271,0.024937,-0.614482,-0.454876,-0.340625,-0.132277,0.167756,0.405287,0.542090
10302.221272,0.019574,-0.549349,-0.343310,-0.170337,0.020369,0.338166,0.561446,0.682682
10302.225272,0.012921,-0.423326,-0.192932,0.035527,0.218050,0.500158,0.687658,0.773113
10302.229272,0.010622,-0.251670,-0.013834,0.258610,0.435827,0.647451,0.768203,0.795119
10302.233272,0.017373,-0.052619,0.184634,0.478369,0.639490,0.767799,0.787060,0.740467
10302.237271,0.029835,0.154327,0.391103,0.674999,0.799849,0.841787,0.735149,0.611963
10302.241271,0.036997,0.354634,0.591173,0.832087,0.897995,0.849135,0.614773,0.418529
10302.245271,0.028996,0.541456,0.769374,0.937199,0.923905,0.775906,0.439355,0.173473
10302.249272,0.005668,0.711521,0.910434,0.981184,0.876075,0.619238,0.228575,-0.105556
10302.253272,-0.024012,0.860574,0.999550,0.956354,0.758542,0.389884,-0.001824,-0.398270
10302.257272,-0.049621,0.980015,1.021446,0.854396,0.574441,0.111182,-0.246582,-0.683354
10302.261271,-0.063726,1.052450,0.960477,0.669551,0.326137,-0.188239,-0.505344,-0.938873
10302.265271,-0.063579,1.049913,0.805676,0.406980,0.022233,-0.484413,-0.772148,-1.139543
10302.269293,-0.052052,0.943137,0.557471,0.086820,-0.316971,-0.760870,-1.027272,-1.255994
10302.273293,-0.032475,0.720077,0.231336,-0.260555,-0.659148,-1.001798,-1.232870,-1.264620
10302.277293,-0.006062,0.397237,-0.141737,-0.603866,-0.965585,-1.185752,-1.341049,-1.159346
10302.281292,0.021305,0.013687,-0.519778,-0.917897,-1.201113,-1.287726,-1.315005,-0.952518
10302.285292,0.038234,-0.383352,-0.860704,-1.181679,-1.342478,-1.285873,-1.146013,-0.667943
10302.289292,0.038410,-0.749875,-1.133213,-1.371482,-1.380707,-1.170591,-0.856741,-0.331441
10302.293293,0.026924,-1.052591,-1.320366,-1.459323,-1.317592,-0.952598,-0.492265,0.036498
10302.297293,0.014742,-1.273318,-1.415740,-1.421646,-1.158790,-0.658936,-0.100319,0.417992
10302.301293,0.009481,-1.407496,-1.417538,-1.253774,-0.909343,-0.317413,0.287184,0.789434
10302.305292,0.010942,-1.456836,-1.324988,-0.974979,-0.575056,0.055077,0.655957,1.120781
10302.309292,0.013141,-1.420087,-1.137247,-0.616706,-0.166280,0.448649,0.996403,1.381762
10302.313292,0.010445,-1.288644,-0.856446,-0.210895,0.294342,0.845647,1.291091,1.546073
10302.317292,0.002535,-1.052810,-0.494510,0.211523,0.762189,1.212336,1.512540,1.594215
10302.321293,-0.006693,-0.713041,-0.075054,0.622880,1.176481,1.503867,1.629198,1.518658
10302.325293,-0.014697,-0.284846,0.372640,1.001688,1.485170,1.675600,1.616199,1.325432
10302.329293,-0.023352,0.201500,0.817937,1.326618,1.664175,1.696673,1.467158,1.027125
10302.333292,-0.034522,0.701362,1.224623,1.569405,1.712942,1.560936,1.197301,0.637632
10302.337292,-0.042529,1.161488,1.547991,1.700027,1.638461,1.287809,0.834288,0.178816
10302.341293,-0.035334,1.532612,1.747425,1.699247,1.447140,0.913800,0.405732,-0.311870
10302.345293,-0.006568,1.778711,1.804335,1.564638,1.148007,0.481561,-0.064832,-0.787185
10302.349293,0.035472,1.878487,1.723663,1.307736,0.759671,0.030201,-0.551633,-1.203654
10302.353293,0.071625,1.825063,1.520175,0.949804,0.310990,-0.411846,-1.020073,-1.529054
10302.357292,0.083800,1.627461,1.206698,0.517872,-0.166342,-0.827664,-1.427811,-1.741155
10302.361292,0.066590,1.308910,0.793626,0.038760,-0.643091,-1.204798,-1.731499,-1.825133
10302.365292,0.030501,0.897535,0.298303,-0.462744,-1.089919,-1.525469,-1.896163,-1.774738
10302.369293,-0.007182,0.418995,-0.243571,-0.956653,-1.473449,-1.761303,-1.904742,-1.594636
10302.373293,-0.035430,-0.100362,-0.778634,-1.400212,-1.758313,-1.876675,-1.760298,-1.297958
10302.377293,-0.053359,-0.627251,-1.252114,-1.741592,-1.914069,-1.840105,-1.479223,-0.899779
10302.381293,-0.063427,-1.119366,-1.622657,-1.936221,-1.920494,-1.637835,-1.085553,-0.417673
10302.385292,-0.064685,-1.530309,-1.865014,-1.963280,-1.770317,-1.282225,-0.610508,0.119427
10302.389292,-0.053888,-1.821559,-1.967453,-1.828240,-1.472553,-0.810828,-0.089446,0.667172
10302.393292,-0.030086,-1.971091,-1.929701,-1.553137,-1.051920,-0.275834,0.443933,1.170368
10302.397317,0.002995,-1.970886,-1.758931,-1.167210,-0.542499,0.269193,0.956402,1.573860
10302.401317,0.035879,-1.821361,-1.463857,-0.702256,0.015523,0.778045,1.408756,1.838004
10302.405317,0.054884,-1.532025,-1.054065,-0.189056,0.574953,1.217342,1.756235,1.947289
10302.409317,0.050368,-1.124538,-0.546165,0.342732,1.084715,1.565738,1.959656,1.905333
10302.413318,0.025782,-0.631266,0.028029,0.859464,1.498410,1.805260,1.999048,1.725878
10302.417317,-0.003399,-0.091154,0.617248,1.320489,1.783245,1.917520,1.877660,1.427373
10302.421317,-0.019833,0.453590,1.159023,1.682735,1.923743,1.889909,1.614081,1.031152
10302.425317,-0.015032,0.960377,1.597485,1.910642,1.918073,1.721680,1.233002,0.562080
10302.429317,0.005580,1.390554,1.895323,1.984463,1.773742,1.423712,0.763084,0.049840
10302.433317,0.027644,1.714919,2.034307,1.901725,1.507784,1.016142,0.241348,-0.470826
10302.437317,0.038578,1.914342,2.011186,1.673536,1.144778,0.528981,-0.286314,-0.961972
10302.441318,0.032935,1.974823,1.834700,1.320614,0.710155,0.001211,-0.776926,-1.385482
10302.445317,0.011579,1.885452,1.523725,0.871847,0.226979,-0.526031,-1.201828,-1.706247
10302.449317,-0.018727,1.643332,1.105166,0.363365,-0.279580,-1.015122,-1.543059,-1.895422
10302.453317,-0.046702,1.263198,0.611500,-0.165045,-0.776681,-1.431256,-1.782989,-1.934616
10302.457317,-0.062181,0.782256,0.077848,-0.673735,-1.224788,-1.740816,-1.901141,-1.820051
10302.461317,-0.061306,0.251936,-0.459640,-1.124374,-1.583833,-1.913645,-1.878335,-1.562189
10302.465318,-0.045962,-0.276973,-0.960675,-1.481029,-1.818488,-1.928066,-1.703744,-1.182325
10302.469318,-0.019950,-0.764115,-1.378562,-1.716310,-1.902843,-1.777718,-1.383517,-0.711504
10302.473317,0.011973,-1.179473,-1.669677,-1.819305,-1.827471,-1.477303,-0.945813,-0.190171
10302.477317,0.041963,-1.499446,-1.809305,-1.793132,-1.603582,-1.060961,-0.436801,0.335675
10302.481317,0.060295,-1.705864,-1.797593,-1.644723,-1.259135,-0.573996,0.090920,0.822398
10302.485317,0.060718,-1.785093,-1.653122,-1.381820,-0.830258,-0.064234,0.590201,1.234265
10302.489317,0.043157,-1.728317,-1.402433,-1.016543,-0.352995,0.423720,1.024175,1.541456
10302.493318,0.013435,-1.537772,-1.070619,-0.567587,0.139603,0.851186,1.365203,1.719306
10302.497318,-0.017957,-1.232296,-0.676628,-0.064541,0.614272,1.189484,1.593074,1.754713
10302.501317,-0.040213,-0.843328,-0.237543,0.446634,1.035593,1.424855,1.694142,1.650262
10302.505317,-0.046045,-0.405336,0.220356,0.909574,1.368791,1.555023,1.663342,1.422463
10302.509317,-0.032724,0.049458,0.655725,1.273944,1.583617,1.579868,1.507677,1.098993
10302.513317,-0.004682,0.490511,1.020850,1.507903,1.659905,1.498531,1.246236,0.713410
10302.517317,0.025004,0.887384,1.278961,1.601469,1.594920,1.313070,0.906041,0.297592
10302.521318,0.040639,1.209238,1.416780,1.563305,1.405625,1.033181,0.515962,-0.120707
10302.525363,0.033160,1.425774,1.444310,1.413811,1.122212,0.679979,0.100897,-0.515870
10302.529363,0.004915,1.512257,1.382047,1.177393,0.777568,0.283564,-0.318070,-0.865307
10302.533363,-0.030781,1.459643,1.245859,0.876446,0.400059,-0.124533,-0.714163,-1.149749
10302.537363,-0.055051,1.283386,1.040766,0.530148,0.012385,-0.514026,-1.047456,-1.349288
10302.541363,-0.053355,1.020206,0.764486,0.157655,-0.366052,-0.853909,-1.273902,-1.442806
10302.545362,-0.024931,0.711659,0.418242,-0.217481,-0.713800,-1.113567,-1.365252,-1.415630
10302.549362,0.015278,0.387945,0.021316,-0.565267,-1.001920,-1.268559,-1.321749,-1.269364
10302.553363,0.045204,0.067060,-0.381660,-0.853754,-1.198740,-1.308401,-1.169907,-1.023202
10302.557363,0.049567,-0.234711,-0.732397,-1.058012,-1.283725,-1.240091,-0.949261,-0.707040
10302.561363,0.029136,-0.500851,-0.984975,-1.165749,-1.255020,-1.081854,-0.696630,-0.355463
10302.565363,-0.001555,-0.722500,-1.123081,-1.175839,-1.125547,-0.852989,-0.437219,-0.002579
10302.569363,-0.024081,-0.897499,-1.155411,-1.094385,-0.915520,-0.570717,-0.182877,0.322832
10302.573362,-0.024852,-1.018667,-1.100798,-0.933948,-0.648026,-0.255552,0.065805,0.597561
10302.577362,-0.000809,-1.068283,-0.976689,-0.713397,-0.348620,0.062181,0.311457,0.803533
10302.581363,0.037519,-1.026075,-0.794551,-0.455091,-0.046091,0.344854,0.547282,0.931188
10302.585363,0.070087,-0.884120,-0.562195,-0.182992,0.229322,0.560961,0.749383,0.980505
10302.589363,0.079279,-0.659261,-0.291498,0.076849,0.452531,0.696603,0.883608,0.955560
10302.593363,0.059660,-0.390112,-0.005771,0.299113,0.610342,0.755028,0.923852,0.861079
10302.597363,0.017941,-0.117956,0.260682,0.467734,0.702032,0.750534,0.866984,0.706628
10302.601363,-0.033404,0.126696,0.472165,0.580741,0.736164,0.702894,0.733248,0.509976
10302.605362,-0.080612,0.323712,0.605169,0.643906,0.723926,0.629073,0.553603,0.293718
10302.609363,-0.108842,0.462057,0.656178,0.661081,0.670003,0.535660,0.356161,0.079835
10302.613363,-0.105655,0.539339,0.637478,0.632704,0.573249,0.419766,0.162252,-0.113603
10302.617363,-0.069617,0.560225,0.568461,0.561017,0.436616,0.276069,-0.011545,-0.273152
10302.621363,-0.015082,0.536668,0.469624,0.452441,0.271897,0.106568,-0.154517,-0.389298
10302.625363,0.033818,0.484234,0.356969,0.317122,0.097611,-0.070854,-0.262719,-0.456310
10302.629363,0.057912,0.413815,0.240269,0.170353,-0.065253,-0.226267,-0.335529,-0.473642
10302.633362,0.054113,0.327665,0.128004,0.031940,-0.196706,-0.332431,-0.374451,-0.446353
10302.637363,0.032690,0.222931,0.030212,-0.079303,-0.279091,-0.375104,-0.383225,-0.383094
10302.641363,0.007005,0.101197,-0.044672,-0.152552,-0.302548,-0.354436,-0.363532,-0.295270
10302.645363,-0.013110,-0.022396,-0.094223,-0.188342,-0.273674,-0.283606,-0.312959,-0.196792
10302.649363,-0.023719,-0.121900,-0.123289,-0.193702,-0.213186,-0.186839,-0.232373,-0.101580
10302.653384,-0.025953,-0.174458,-0.137835,-0.174458,-0.142343,-0.092111,-0.133406,-0.022590
10302.657384,-0.022319,-0.171660,-0.136079,-0.134468,-0.075159,-0.019300,-0.036323,0.027348
10302.661385,-0.015325,-0.120603,-0.110230,-0.080651,-0.020887,0.025246,0.035765,0.039236
10302.665384,-0.007533,-0.038791,-0.057475,-0.025853,0.013272,0.042855,0.062351,0.015176
10302.669384,0.000192,0.050195,0.013523,0.015067,0.022225,0.034294,0.034475,-0.029945
10302.673384,0.008463,0.121695,0.084652,0.030522,0.003751,-0.001673,-0.037285,-0.077304
10302.677384,0.017360,0.158937,0.133963,0.013168,-0.040504,-0.063940,-0.126336,-0.115030
10302.681384,0.026618,0.157617,0.140335,-0.038101,-0.105229,-0.145029,-0.204801,-0.139530
10302.685384,0.037218,0.121158,0.088322,-0.114257,-0.181375,-0.231226,-0.256420,-0.151553
10302.689384,0.050110,0.055440,-0.023470,-0.199669,-0.255960,-0.305645,-0.277641,-0.154952
10302.693384,0.060815,-0.033479,-0.175912,-0.281581,-0.315593,-0.351610,-0.269110,-0.152379
10302.697384,0.057721,-0.141306,-0.333871,-0.353174,-0.351543,-0.356271,-0.228765,-0.136739
10302.701384,0.031712,-0.264048,-0.461008,-0.408453,-0.360519,-0.315165,-0.154289,-0.089837
10302.705385,-0.010897,-0.392291,-0.534552,-0.437243,-0.340017,-0.235542,-0.047971,0.007599
10302.709384,-0.048541,-0.507780,-0.550234,-0.426193,-0.285097,-0.132005,0.082844,0.161585
10302.713384,-0.060382,-0.587955,-0.516906,-0.366274,-0.192209,-0.015858,0.226173,0.355768
10302.717384,-0.042552,-0.615107,-0.447414,-0.260138,-0.064335,0.110302,0.367884,0.554620
10302.721384,-0.010579,-0.581129,-0.351030,-0.120769,0.089004,0.249890,0.497707,0.715523
10302.725384,0.011692,-0.486685,-0.229798,0.037381,0.255707,0.404846,0.610789,0.801684
10302.729384,0.008564,-0.339178,-0.079951,0.205578,0.425230,0.566396,0.701909,0.793936
10302.733385,-0.016951,-0.150257,0.101886,0.380901,0.589207,0.713671,0.759617,0.696615
10302.737384,-0.046713,0.065512,0.311348,0.560289,0.737302,0.822062,0.765721,0.530963
10302.741384,-0.060927,0.292419,0.534107,0.733002,0.852293,0.870108,0.701051,0.321581
10302.745384,-0.051186,0.517363,0.748874,0.877700,0.910234,0.840345,0.555253,0.087622
10302.749384,-0.024849,0.728591,0.929723,0.967295,0.887122,0.719296,0.333071,-0.158274
10302.753384,0.003940,0.911120,1.049528,0.978390,0.768911,0.503130,0.052488,-0.408108
10302.757384,0.026745,1.046631,1.086507,0.897195,0.559099,0.207451,-0.260947,-0.654627
10302.761385,0.042088,1.113622,1.026969,0.718566,0.278041,-0.131490,-0.577763,-0.883970
10302.765384,0.049693,1.087293,0.865624,0.446599,-0.045277,-0.469991,-0.867816,-1.071329
10302.769384,0.047644,0.948643,0.610433,0.101806,-0.381758,-0.773109,-1.105724,-1.186472
10302.773384,0.033841,0.700512,0.284265,-0.275645,-0.704944,-1.020000,-1.270490,-1.204748
10302.777384,0.010886,0.372979,-0.082702,-0.635481,-0.987859,-1.198866,-1.339618,-1.115300
10302.781406,-0.012521,0.008299,-0.459344,-0.934609,-1.201537,-1.300037,-1.292368,-0.922235
10302.785405,-0.028001,-0.358853,-0.814715,-1.151678,-1.321939,-1.311343,-1.121197,-0.640491
10302.789405,-0.032573,-0.706368,-1.119274,-1.287214,-1.337811,-1.220325,-0.838942,-0.293629
10302.793405,-0.027210,-1.017748,-1.346928,-1.348394,-1.249898,-1.023205,-0.478306,0.085039
10302.797406,-0.014017,-1.273622,-1.477802,-1.334980,-1.066756,-0.730356,-0.082488,0.455818
10302.801406,0.003967,-1.448835,-1.500383,-1.236622,-0.802228,-0.363281,0.310379,0.784300
10302.805405,0.020891,-1.519387,-1.411010,-1.038715,-0.472232,0.050913,0.677746,1.052679
10302.809405,0.029664,-1.470921,-1.212435,-0.733821,-0.094322,0.481281,1.009493,1.258668
10302.813405,0.028282,-1.300407,-0.913101,-0.331484,0.308535,0.892490,1.295165,1.403055
10302.817405,0.021454,-1.016036,-0.528276,0.139197,0.707095,1.247666,1.514188,1.478801
10302.821406,0.015650,-0.638557,-0.082100,0.630670,1.069995,1.513647,1.636646,1.469188
10302.825406,0.016374,-0.199745,0.393055,1.082836,1.368621,1.665249,1.633294,1.353326
10302.829406,0.026424,0.264131,0.858774,1.437840,1.579072,1.689144,1.488555,1.115272
10302.833405,0.040948,0.718531,1.272250,1.656302,1.681410,1.584386,1.207972,0.752689
10302.837405,0.047558,1.130188,1.591119,1.725297,1.659882,1.358461,0.817017,0.282558
10302.841405,0.035014,1.464733,1.782879,1.656106,1.505238,1.024233,0.354317,-0.255402
10302.845405,0.001565,1.691768,1.832103,1.473575,1.217342,0.600778,-0.137452,-0.799414
10302.849406,-0.042972,1.792831,1.739558,1.202734,0.809879,0.115980,-0.618899,-1.277964
10302.853406,-0.082798,1.761854,1.515589,0.860577,0.316294,-0.393714,-1.056808,-1.632198
10302.857406,0.044412,1.601016,1.174562,0.457497,-0.212958,-0.887067,-1.423609,-1.830227
10302.861405,1.064499,1.318898,0.735620,0.006354,-0.724307,-1.322934,-1.696074,-1.866242
10302.865405,4.248058,0.930994,0.228226,-0.469245,-1.173511,-1.664897,-1.855917,-1.756062
10302.869405,10.094023,0.460380,-0.306079,-0.934106,-1.530071,-1.883433,-1.890067,-1.531087
10302.873405,16.629944,-0.062865,-0.819502,-1.347153,-1.776711,-1.958157,-1.789272,-1.223920
10302.877406,19.318863,-0.602310,-1.265350,-1.668825,-1.902745,-1.881770,-1.549264,-0.851565
10302.881406,13.227593,-1.114053,-1.605497,-1.866040,-1.895808,-1.659464,-1.174186,-0.415407
10302.885406,-3.773974,-1.545920,-1.818515,-1.915419,-1.743020,-1.304758,-0.680949,0.077508
10302.889405,-28.768333,-1.845163,-1.898830,-1.807152,-1.440844,-0.839346,-0.104646,0.597941
10302.893405,-53.939316,-1.977098,-1.847284,-1.547818,-1.005425,-0.297204,0.500138,1.099639
10302.897405,-69.236351,-1.938478,-1.668165,-1.159792,-0.476143,0.273597,1.067474,1.532214
10302.901405,-66.316521,-1.751356,-1.371840,-0.677869,0.091539,0.818757,1.535755,1.849915
10302.905406,-42.135273,-1.446372,-0.972770,-0.144615,0.638381,1.292053,1.861547,2.018542
10302.909451,-1.194863,-1.052350,-0.488441,0.394354,1.112783,1.662120,2.024630,2.020197
10302.913451,44.759274,-0.595754,0.053777,0.895331,1.480803,1.908428,2.025648,1.852909
10302.917451,80.866982,-0.102141,0.610190,1.320779,1.729389,2.015694,1.879860,1.528786
10302.921450,95.644974,0.402211,1.125430,1.640382,1.858070,1.973100,1.608961,1.075206
10302.925451,85.915939,0.885776,1.545276,1.832353,1.868454,1.778697,1.235025,0.535775
10302.929451,57.455994,1.310743,1.828034,1.887449,1.760301,1.444401,0.780001,-0.034072
10302.933451,21.559870,1.640199,1.951143,1.809281,1.530957,0.997267,0.267798,-0.577691
10302.937451,-10.218604,1.847125,1.912448,1.609081,1.179737,0.476854,-0.273428,-1.050203
10302.941451,-30.448803,1.917764,1.725584,1.300386,0.720929,-0.071614,-0.807238,-1.426205
10302.945450,-37.590706,1.848059,1.414686,0.897784,0.193526,-0.605572,-1.287322,-1.697026
10302.949451,-34.975517,1.639778,1.012170,0.421115,-0.345954,-1.088133,-1.665138,-1.858250
10302.953451,-28.097548,1.302922,0.553658,-0.099384,-0.841937,-1.486200,-1.902208,-1.897473
10302.957451,-21.777077,0.861308,0.069576,-0.623905,-1.253851,-1.771079,-1.977895,-1.796907
10302.961451,-18.420130,0.353550,-0.415542,-1.107970,-1.559602,-1.921648,-1.892852,-1.549618
10302.965451,-17.818184,-0.175163,-0.874490,-1.506664,-1.750493,-1.924577,-1.667981,-1.172111
10302.969450,-18.144287,-0.683119,-1.271643,-1.779499,-1.820776,-1.775279,-1.334755,-0.702608
10302.973450,-17.372299,-1.132612,-1.568005,-1.897091,-1.762084,-1.483665,-0.922378,-0.189888
10302.977451,-14.373791,-1.487682,-1.734481,-1.848485,-1.570914,-1.077768,-0.452834,0.317511
10302.981451,-9.290313,-1.719169,-1.762575,-1.645840,-1.258803,-0.599570,0.052248,0.779634
10302.985451,-3.215053,-1.812135,-1.660859,-1.320478,-0.852777,-0.095934,0.560110,1.170465
10302.989451,2.478286,-1.768417,-1.441767,-0.911059,-0.389821,0.391158,1.024731,1.474232
10302.993451,6.765849,-1.601329,-1.116619,-0.455206,0.088971,0.831437,1.398290,1.674875
10302.997450,9.298152,-1.325912,-0.702805,0.010531,0.545371,1.204362,1.645724,1.751515
10303.001451,10.353667,-0.955484,-0.230676,0.451718,0.950177,1.489868,1.751738,1.685856
10303.005451,10.538182,-0.508399,0.256415,0.841726,1.282817,1.664121,1.718019,1.474712
10303.009451,10.429389,-0.016190,0.707343,1.162809,1.523860,1.705885,1.556355,1.138497
10303.013451,10.337828,0.475713,1.073431,1.400188,1.650618,1.607254,1.284687,0.719826
10303.017451,10.259797,0.914333,1.321134,1.539380,1.644716,1.379675,0.927038,0.270831
10303.021451,9.988493,1.251207,1.441712,1.569324,1.504056,1.051248,0.514326,-0.162665
10303.025450,9.289478,1.458048,1.450953,1.484537,1.244156,0.658622,0.082115,-0.550062
10303.029451,8.048185,1.533540,1.373924,1.287043,0.888885,0.237672,-0.335611,-0.875495
10303.033451,6.328778,1.494540,1.226000,0.989132,0.465524,-0.181922,-0.710361,-1.129455
10303.037476,4.336317,1.361472,1.009233,0.614400,0.009304,-0.574090,-1.018109,-1.299921
10303.041476,2.322919,1.147780,0.723393,0.198248,-0.433185,-0.910945,-1.238433,-1.372127
10303.045476,0.492713,0.859666,0.376921,-0.214993,-0.810645,-1.163278,-1.356092,-1.335961
10303.049476,-1.050243,0.508039,-0.008294,-0.582855,-1.080527,-1.308388,-1.363619,-1.193235
10303.053475,-2.295467,0.120221,-0.396567,-0.876579,-1.221320,-1.338292,-1.263615,-0.960159
10303.057475,-3.281848,-0.262699,-0.742771,-1.083389,-1.238942,-1.261662,-1.069942,-0.664740
10303.061475,-4.052782,-0.597554,-1.002764,-1.199998,-1.161073,-1.098313,-0.806273,-0.340406
10303.065476,-4.634583,-0.850394,-1.147058,-1.226488,-1.019153,-0.869716,-0.500219,-0.018473
10303.069476,-5.032877,-1.006500,-1.170196,-1.165263,-0.833159,-0.594248,-0.176925,0.277431
10303.073476,-5.233802,-1.071536,-1.089970,-1.022581,-0.612195,-0.289830,0.141722,0.530933
10303.077476,-5.214084,-1.060352,-0.937915,-0.809855,-0.365941,0.024196,0.433313,0.727760
10303.081475,-4.960634,-0.985398,-0.746112,-0.544933,-0.111487,0.326290,0.673500,0.855316
10303.085475,-4.486269,-0.854545,-0.535129,-0.251990,0.131948,0.589992,0.840572,0.907419
10303.089476,-3.833587,-0.675410,-0.311344,0.042301,0.350257,0.786872,0.921883,0.886059
10303.093476,-3.067149,-0.457754,-0.076651,0.312171,0.533279,0.895415,0.916699,0.800166
10303.097476,-2.256343,-0.213411,0.160104,0.533484,0.670613,0.907118,0.834683,0.664216
10303.101476,-1.455747,0.041222,0.380142,0.686900,0.751301,0.829915,0.691658,0.496279
10303.105476,-0.695430,0.281785,0.560034,0.762326,0.766186,0.687309,0.506145,0.314894
10303.109475,0.013156,0.478113,0.678350,0.759950,0.712044,0.509031,0.299691,0.134345
10303.113475,0.663984,0.604590,0.720377,0.689410,0.596206,0.321330,0.097682,-0.037818
10303.117476,1.245304,0.651159,0.683759,0.569113,0.436616,0.143417,-0.076505,-0.195974
10303.121476,1.736170,0.623912,0.581665,0.423276,0.255580,-0.012912,-0.211215,-0.329865
10303.125476,2.113168,0.538602,0.437702,0.274835,0.074867,-0.140336,-0.306730,-0.424404
10303.129476,2.360691,0.417181,0.276401,0.138948,-0.083547,-0.232078,-0.365550,-0.463996
10303.133476,2.477168,0.285309,0.118699,0.023104,-0.200247,-0.283654,-0.386644,-0.440153
10303.137475,2.475810,0.165710,-0.015416,-0.068576,-0.266445,-0.297751,-0.368430,-0.361089
10303.141475,2.377993,0.070089,-0.106620,-0.134338,-0.285475,-0.284545,-0.314046,-0.252589
10303.145476,2.202998,-0.003749,-0.144473,-0.175747,-0.266026,-0.256521,-0.234034,-0.147151
10303.149476,1.963447,-0.063647,-0.136684,-0.193567,-0.217188,-0.222367,-0.145232,-0.071728
10303.153476,1.668153,-0.109826,-0.106060,-0.184814,-0.150378,-0.183733,-0.064344,-0.038302
10303.157476,1.328272,-0.132677,-0.073915,-0.149182,-0.081528,-0.136973,-0.000905,-0.038732
10303.161475,0.960392,-0.122444,-0.048121,-0.094568,-0.025488,-0.080367,0.040861,-0.052732
10303.165272,0.583857,-0.077816,-0.026433,-0.034221,0.011161,-0.021023,0.055518,-0.064281
10303.169272,0.216966,-0.007519,-0.005303,0.016622,0.028107,0.025337,0.037105,-0.068152
10303.173271,-0.125234,0.072655,0.014624,0.042670,0.025292,0.039812,-0.015035,-0.067464
10303.177271,-0.430768,0.142583,0.028013,0.034170,0.001647,0.008400,-0.093048,-0.072387
10303.181271,-0.690190,0.181062,0.026776,-0.008813,-0.044285,-0.068827,-0.180571,-0.094730
10303.185272,-0.898175,0.172508,0.001070,-0.080432,-0.112251,-0.174249,-0.255516,-0.135848
10303.189272,-1.052814,0.112180,-0.056633,-0.174260,-0.196043,-0.278068,-0.296585,-0.179827
10303.193272,-1.153108,0.006249,-0.144021,-0.281588,-0.283523,-0.349562,-0.291507,-0.199974
10303.197272,-1.200004,-0.130359,-0.248016,-0.388212,-0.360929,-0.368421,-0.240294,-0.172711
10303.201271,-1.197569,-0.277139,-0.352690,-0.476058,-0.414835,-0.328931,-0.151481,-0.088302
10303.205271,-1.149938,-0.413265,-0.445677,-0.525945,-0.430942,-0.238427,-0.038063,0.046414
10303.209272,-1.058515,-0.522489,-0.515109,-0.519330,-0.395056,-0.114397,0.085026,0.211343
10303.213272,-0.925515,-0.594364,-0.543922,-0.444143,-0.298376,0.024134,0.205789,0.380059
10303.217272,-0.759340,-0.622360,-0.514151,-0.303364,-0.142564,0.168646,0.321464,0.528767
10303.221272,-0.573073,-0.601503,-0.416958,-0.116790,0.058688,0.321409,0.438769,0.641446
10303.225272,-0.379283,-0.527470,-0.256696,0.089616,0.281179,0.481298,0.561888,0.708441
10303.229271,-0.188591,-0.397030,-0.050124,0.298379,0.495730,0.633663,0.677662,0.724211
10303.233271,-0.009759,-0.210572,0.178266,0.503051,0.676939,0.755470,0.755203,0.685518
10303.237272,0.152329,0.022763,0.405317,0.696683,0.808855,0.824937,0.761548,0.588158
10303.241272,0.296691,0.283420,0.614449,0.861253,0.884617,0.825519,0.679363,0.427053
10303.245272,0.420834,0.546613,0.793917,0.969140,0.902386,0.747769,0.513008,0.202143
10303.249272,0.516919,0.786781,0.932469,0.993867,0.859326,0.592783,0.282256,-0.075267
10303.253271,0.575451,0.976975,1.016469,0.923338,0.748667,0.373818,0.011804,-0.380244
10303.257271,0.591337,1.090351,1.030822,0.767540,0.565554,0.111303,-0.276389,-0.676957
10303.261271,0.567698,1.109664,0.961070,0.551441,0.315314,-0.175252,-0.563124,-0.926803
10303.265272,0.517109,1.035137,0.797131,0.297601,0.013879,-0.469088,-0.826541,-1.099885
10303.269272,0.457998,0.878503,0.540849,0.017054,-0.316588,-0.751940,-1.039946,-1.182482
10303.273272,0.404804,0.651414,0.210577,-0.283524,-0.650571,-1.000440,-1.177999,-1.175371
10303.277272,0.358496,0.364068,-0.160876,-0.590494,-0.959914,-1.187065,-1.226081,-1.086811
10303.281271,0.307829,0.031800,-0.532393,-0.879456,-1.213759,-1.286845,-1.182475,-0.925386
10303.285271,0.240850,-0.322578,-0.865235,-1.118953,-1.382744,-1.283356,-1.051142,-0.695557
10303.289271,0.155365,-0.671192,-1.132648,-1.280241,-1.445323,-1.169537,-0.834685,-0.399287
10303.293293,0.060888,-0.983807,-1.319181,-1.348340,-1.386839,-0.949582,-0.537304,-0.042823
10303.297292,-0.027123,-1.232662,-1.414936,-1.322269,-1.198591,-0.642396,-0.173626,0.356119
10303.301293,-0.095681,-1.397642,-1.413477,-1.204131,-0.889096,-0.279183,0.227955,0.763765
10303.305293,-0.140106,-1.467122,-1.310824,-0.992849,-0.493128,0.105708,0.629726,1.132333
10303.309293,-0.165728,-1.434601,-1.106234,-0.688813,-0.059649,0.483862,0.994820,1.412579
10303.313293,-0.184608,-1.293912,-0.808602,-0.301876,0.369805,0.835945,1.296529,1.571862
10303.317292,-0.207546,-1.039335,-0.438950,0.142622,0.770126,1.148027,1.517430,1.603580
10303.321292,-0.237826,-0.675215,-0.023350,0.603302,1.126873,1.404380,1.641936,1.518278
10303.325293,-0.270762,-0.227099,0.411830,1.030494,1.425395,1.581980,1.651869,1.326768
10303.329293,-0.296831,0.259014,0.836870,1.378575,1.642227,1.651672,1.529700,1.034468
10303.333293,-0.306886,0.729755,1.216370,1.615135,1.746825,1.587268,1.268502,0.648589
10303.337293,-0.294147,1.138542,1.514357,1.723136,1.714829,1.376448,0.880327,0.187262
10303.341293,-0.251586,1.453252,1.703850,1.697999,1.539340,1.028060,0.396527,-0.315186
10303.345292,-0.175770,1.656128,1.770500,1.543942,1.230590,0.574903,-0.137799,-0.810780
10303.349292,-0.076633,1.738190,1.707484,1.273244,0.811123,0.068587,-0.670964,-1.249809
10303.353293,0.022215,1.696257,1.511590,0.905916,0.313530,-0.435179,-1.151888,-1.593066
10303.357293,0.095320,1.534845,1.187184,0.465471,-0.221765,-0.893442,-1.536787,-1.814844
10303.361293,0.127732,1.264945,0.753186,-0.022333,-0.749517,-1.281926,-1.794218,-1.899272
10303.365293,0.119631,0.900702,0.244255,-0.522641,-1.223049,-1.586261,-1.908747,-1.838297
10303.369293,0.084424,0.461703,-0.294589,-0.990311,-1.600233,-1.789864,-1.882085,-1.632132
10303.373292,0.043663,-0.023459,-0.814515,-1.381454,-1.850298,-1.870813,-1.727436,-1.290153
10303.377292,0.018472,-0.519775,-1.270130,-1.663902,-1.957179,-1.809618,-1.459301,-0.835090
10303.381293,0.020286,-0.990663,-1.626469,-1.819464,-1.917475,-1.599605,-1.088378,-0.306503
10303.385293,0.047597,-1.400439,-1.860755,-1.843299,-1.735644,-1.252613,-0.627143,0.243841
10303.389293,0.089842,-1.716622,-1.959895,-1.742232,-1.421735,-0.799343,-0.099818,0.763683
10303.393293,0.133555,-1.911577,-1.917312,-1.528403,-0.994288,-0.283920,0.454955,1.212671
10303.397293,0.166505,-1.964210,-1.731350,-1.210316,-0.485131,0.246157,0.989693,1.565515
10303.401292,0.179488,-1.863106,-1.408155,-0.793453,0.062515,0.749741,1.454181,1.805747
10303.405292,0.167374,-1.607574,-0.966340,-0.292266,0.604195,1.195733,1.802183,1.921168
10303.409293,0.130425,-1.210392,-0.438890,0.260455,1.101504,1.559324,2.001734,1.903586
10303.413293,0.076147,-0.704148,0.127387,0.813595,1.519696,1.818186,2.041219,1.750460
10303.417293,0.018401,-0.139523,0.677750,1.306207,1.823592,1.952918,1.925200,1.467916
10303.421339,-0.028812,0.427942,1.162536,1.683946,1.981970,1.947278,1.667804,1.072626
10303.425339,-0.057880,0.949984,1.546046,1.913266,1.978626,1.790005,1.289993,0.590849
10303.429338,-0.069102,1.387478,1.805139,1.983157,1.818796,1.482546,0.818449,0.055184
10303.433338,-0.068568,1.708738,1.926669,1.900297,1.524777,1.046786,0.285071,-0.496245
10303.437338,-0.065019,1.892493,1.907407,1.683801,1.126384,0.523594,-0.272590,-1.016837
10303.441338,-0.066269,1.930848,1.752542,1.357853,0.654457,-0.037330,-0.810582,-1.454968
10303.445339,-0.075723,1.828123,1.473483,0.944494,0.140378,-0.586723,-1.281120,-1.768171
10303.449339,-0.089656,1.598521,1.089122,0.462090,-0.381640,-1.080554,-1.641617,-1.934877
10303.453339,-0.098252,1.262154,0.628301,-0.067552,-0.874470,-1.483152,-1.863596,-1.951998
10303.457338,-0.092184,0.840307,0.126665,-0.608406,-1.301107,-1.768616,-1.934997,-1.824240
10303.461338,-0.068505,0.356909,-0.378339,-1.108795,-1.627748,-1.919954,-1.859007,-1.559692
10303.465338,-0.032128,-0.155614,-0.849156,-1.515216,-1.825166,-1.926912,-1.652287,-1.176189
10303.469338,0.005131,-0.657758,-1.252314,-1.789123,-1.873544,-1.785490,-1.339513,-0.706710
10303.473339,0.030108,-1.111002,-1.564022,-1.911653,-1.771667,-1.502768,-0.944934,-0.193363
10303.477339,0.036540,-1.480876,-1.766810,-1.878475,-1.537841,-1.102765,-0.489371,0.322404
10303.481339,0.026931,-1.734633,-1.841970,-1.696265,-1.199644,-0.624970,0.004848,0.803255
10303.485338,0.007847,-1.844316,-1.772621,-1.384106,-0.785423,-0.116358,0.507654,1.215274
10303.489338,-0.012933,-1.797700,-1.554563,-0.974242,-0.323221,0.377540,0.978924,1.527168
10303.493338,-0.026360,-1.604461,-1.202705,-0.507054,0.156970,0.819755,1.372532,1.711105
10303.497338,-0.024638,-1.289990,-0.752241,-0.022824,0.620607,1.184576,1.645895,1.749195
10303.501339,-0.004998,-0.886267,-0.254583,0.442155,1.028876,1.455477,1.770149,1.644036
10303.505339,0.029651,-0.428338,0.235134,0.856333,1.346070,1.621197,1.736821,1.420278
10303.509338,0.070603,0.046860,0.672674,1.195881,1.547757,1.673427,1.558492,1.111764
10303.513338,0.102886,0.503459,1.030892,1.444589,1.620573,1.607565,1.264042,0.747566
10303.517338,0.110660,0.909163,1.295305,1.587636,1.561677,1.425209,0.891093,0.348513
10303.521338,0.088331,1.233809,1.457077,1.608273,1.383581,1.136005,0.478003,-0.067465
10303.525339,0.046023,1.448637,1.511316,1.494423,1.112256,0.759411,0.058863,-0.477602
10303.529339,0.001150,1.534016,1.459006,1.251314,0.776692,0.327513,-0.338012,-0.850493
10303.533339,-0.034646,1.489841,1.307816,0.908115,0.402652,-0.117617,-0.690500,-1.149454
10303.537338,-0.058164,1.334024,1.069954,0.510598,0.014259,-0.533826,-0.981628,-1.341764
10303.541338,-0.068611,1.090428,0.760532,0.106304,-0.362723,-0.886334,-1.196170,-1.409249
10303.545338,-0.064701,0.781962,0.399733,-0.267038,-0.700047,-1.150135,-1.318903,-1.353685
10303.549363,-0.047711,0.431043,0.013866,-0.586581,-0.969423,-1.310235,-1.338728,-1.194052
10303.553363,-0.023703,0.060405,-0.366234,-0.842010,-1.147925,-1.359273,-1.254915,-0.958650
10303.557363,-0.001262,-0.303943,-0.705942,-1.027000,-1.223725,-1.295917,-1.078703,-0.675981
10303.561363,0.011597,-0.629844,-0.970041,-1.132892,-1.198597,-1.128294,-0.829531,-0.369078
10303.565363,0.010193,-0.884374,-1.132233,-1.151184,-1.084853,-0.878836,-0.530464,-0.057899
10303.569363,-0.003063,-1.044861,-1.183876,-1.081114,-0.899269,-0.581993,-0.205338,0.234994
10303.573363,-0.017879,-1.104570,-1.133481,-0.933490,-0.660845,-0.273902,0.121611,0.486369
10303.577363,-0.021089,-1.069632,-0.999325,-0.727324,-0.392492,0.016627,0.424148,0.679754
10303.581363,-0.005250,-0.953539,-0.801326,-0.483406,-0.119664,0.271270,0.675759,0.807523
10303.585363,0.023862,-0.773186,-0.557377,-0.219522,0.135577,0.481213,0.853929,0.870049
10303.589363,0.048681,-0.547509,-0.287283,0.048902,0.358222,0.642244,0.942543,0.875670
10303.593364,0.051757,-0.299405,-0.018079,0.302478,0.538573,0.749298,0.935424,0.834185
10303.597363,0.028519,-0.055630,0.219210,0.514677,0.669865,0.795986,0.840153,0.747759
10303.601363,-0.008268,0.158840,0.400533,0.657888,0.747158,0.778966,0.678163,0.611646
10303.605363,-0.036848,0.326122,0.517859,0.714578,0.766631,0.701929,0.481565,0.423872
10303.609363,-0.043687,0.437390,0.578988,0.687127,0.726776,0.576231,0.285270,0.195238
10303.613363,-0.032920,0.494670,0.598395,0.598539,0.630725,0.419165,0.114539,-0.046669
10303.617363,-0.017982,0.509480,0.586867,0.481181,0.487878,0.250124,-0.023397,-0.262688
10303.621363,-0.007930,0.494556,0.546463,0.360816,0.314424,0.085958,-0.136125,-0.416828
10303.625363,-0.003034,0.455780,0.472195,0.247384,0.131247,-0.060424,-0.234829,-0.493155
10303.629363,0.001671,0.392742,0.360523,0.140565,-0.039886,-0.177434,-0.322610,-0.498347
10303.633363,0.010592,0.306264,0.218701,0.041214,-0.179567,-0.254083,-0.387955,-0.448203
10303.637363,0.022205,0.203936,0.066380,-0.046044,-0.272864,-0.285726,-0.409437,-0.358867
10303.641363,0.028505,0.098401,-0.069366,-0.116196,-0.311414,-0.279692,-0.372268,-0.249636
10303.645363,0.022359,0.002458,-0.161584,-0.164678,-0.297445,-0.251024,-0.283786,-0.143043
10303.649363,0.006418,-0.072985,-0.194074,-0.185801,-0.245352,-0.211835,-0.172267,-0.058388
10303.653363,-0.008344,-0.118547,-0.170232,-0.173715,-0.174792,-0.167222,-0.070558,-0.006748
10303.657363,-0.013555,-0.126722,-0.111229,-0.128524,-0.100988,-0.119611,0.000389,0.010867
10303.661363,-0.009544,-0.094007,-0.044774,-0.061664,-0.034095,-0.073178,0.035881,0.003200
10303.665363,-0.001791,-0.025255,0.006708,0.005865,0.014420,-0.035440,0.039429,-0.016572
10303.669363,0.005267,0.062273,0.033210,0.050845,0.033048,-0.016112,0.014340,-0.039819
10303.673363,0.010361,0.140845,0.036892,0.057028,0.018231,-0.023268,-0.036395,-0.067066
10303.677386,0.012394,0.182005,0.025504,0.021442,-0.024241,-0.058956,-0.106114,-0.104094
10303.681386,0.010169,0.169172,0.005182,-0.047246,-0.084206,-0.116476,-0.182416,-0.153048
10303.685386,0.006820,0.104930,-0.023901,-0.135539,-0.152450,-0.183010,-0.248621,-0.204512
10303.689385,0.008928,0.007394,-0.067067,-0.229451,-0.224446,-0.246409,-0.286680,-0.237169
10303.693386,0.019571,-0.102239,-0.130216,-0.315294,-0.298900,-0.297858,-0.281102,-0.227504
10303.697386,0.033843,-0.210122,-0.214780,-0.381519,-0.370272,-0.329273,-0.226904,-0.163514
10303.701386,0.040047,-0.310006,-0.314714,-0.421461,-0.423464,-0.330494,-0.134726,-0.051255
10303.705385,0.027322,-0.399857,-0.415711,-0.433563,-0.437778,-0.288333,-0.023856,0.091513
10303.709385,-0.003839,-0.480041,-0.497408,-0.418623,-0.394344,-0.191931,0.089458,0.246355
10303.713385,-0.039484,-0.547196,-0.538521,-0.375887,-0.282183,-0.044375,0.199203,0.399307
10303.717385,-0.061812,-0.587634,-0.522440,-0.300895,-0.105910,0.134338,0.310992,0.539462
10303.721386,-0.060508,-0.580831,-0.440390,-0.185407,0.111814,0.319276,0.433152,0.654168
10303.725386,-0.038343,-0.509465,-0.292552,-0.020799,0.340140,0.492346,0.561566,0.726316
10303.729386,-0.010100,-0.367002,-0.088522,0.191710,0.551547,0.642324,0.674847,0.739063
10303.733385,0.006206,-0.162559,0.152625,0.431824,0.725771,0.759195,0.743295,0.682193
10303.737385,0.002402,0.078500,0.403761,0.664490,0.848679,0.832265,0.741788,0.553733
10303.741385,-0.014148,0.324520,0.634537,0.855011,0.909900,0.850296,0.659279,0.361246
10303.745385,-0.028482,0.551870,0.818420,0.979445,0.903151,0.801248,0.500798,0.122028
10303.749386,-0.030983,0.748598,0.938655,1.023556,0.828997,0.676309,0.283093,-0.141629
10303.753386,-0.023559,0.906283,0.991036,0.979529,0.693327,0.476276,0.027525,-0.406316
10303.757386,-0.015153,1.012795,0.980592,0.847678,0.500861,0.213666,-0.245984,-0.649214
10303.761385,-0.010899,1.053195,0.912319,0.638097,0.252936,-0.091626,-0.518986,-0.852618
10303.765385,-0.006404,1.014489,0.783033,0.367377,-0.044452,-0.418377,-0.771742,-1.008042
10303.769385,0.006144,0.888912,0.581373,0.055805,-0.371605,-0.742877,-0.984731,-1.112423
10303.773386,0.030042,0.676690,0.297563,-0.272683,-0.696941,-1.034448,-1.140373,-1.157384
10303.777386,0.063202,0.389562,-0.062360,-0.593016,-0.985745,-1.259182,-1.221131,-1.123576
10303.781386,0.098614,0.050427,-0.467859,-0.882301,-1.208145,-1.388919,-1.209976,-0.990400
10303.785386,0.123404,-0.311873,-0.866753,-1.120910,-1.344243,-1.405682,-1.095514,-0.752144
10303.789385,0.122531,-0.666071,-1.200326,-1.293158,-1.383706,-1.300922,-0.878827,-0.423780
10303.793385,0.088156,-0.980080,-1.423896,-1.386322,-1.321278,-1.075395,-0.576146,-0.035401
10303.797385,0.026753,-1.226587,-1.516884,-1.386748,-1.153079,-0.742775,-0.211472,0.376462
10303.801386,-0.044244,-1.389198,-1.479370,-1.279006,-0.878742,-0.331961,0.192356,0.776229
10303.805431,-0.106442,-1.459459,-1.326433,-1.053987,-0.510455,0.116716,0.610636,1.132307
10303.809429,-0.146308,-1.427834,-1.080242,-0.720451,-0.078446,0.559226,1.007737,1.414755
10303.813430,-0.156212,-1.283219,-0.759880,-0.307691,0.374670,0.956316,1.339398,1.594066
10303.817430,-0.134957,-1.023390,-0.380934,0.143759,0.805413,1.278656,1.566779,1.646436
10303.821430,-0.087234,-0.662423,0.035729,0.592772,1.179429,1.506762,1.666700,1.560396
10303.825430,-0.023136,-0.228581,0.461152,1.002513,1.473040,1.628949,1.631895,1.339842
10303.829430,0.041520,0.240137,0.865149,1.342015,1.667184,1.638288,1.467398,1.004537
10303.833429,0.088445,0.699881,1.221780,1.585685,1.745471,1.531304,1.187767,0.587388
10303.837430,0.104836,1.108141,1.507396,1.712992,1.697557,1.311018,0.814813,0.127105
10303.841430,0.090424,1.433035,1.697405,1.711919,1.518104,0.988538,0.374711,-0.339694
10303.845430,0.057426,1.655774,1.768275,1.582755,1.205268,0.581560,-0.104620,-0.781552
10303.849430,0.023284,1.763391,1.703844,1.336530,0.770469,0.115093,-0.592779,-1.172465
10303.853430,0.002804,1.743600,1.500422,0.989098,0.251660,-0.376323,-1.053223,-1.492103
10303.857430,0.001652,1.589744,1.167885,0.557306,-0.290883,-0.851885,-1.444775,-1.723078
10303.861429,0.011490,1.307753,0.729753,0.062837,-0.796064,-1.272685,-1.730878,-1.846908
10303.865430,0.015482,0.916890,0.222334,-0.460346,-1.220089,-1.605000,-1.887096,-1.843974
10303.869430,0.002544,0.446162,-0.310016,-0.966396,-1.541896,-1.818984,-1.900656,-1.697665
10303.873430,-0.024906,-0.069030,-0.821615,-1.406793,-1.758783,-1.891171,-1.767929,-1.401944
10303.877430,-0.053789,-0.589248,-1.272182,-1.738105,-1.873487,-1.810502,-1.495896,-0.970395
10303.881430,-0.068115,-1.073205,-1.631110,-1.926005,-1.880302,-1.583332,-1.103812,-0.438738
10303.885430,-0.058484,-1.481310,-1.874139,-1.952064,-1.763167,-1.234262,-0.621421,0.142473
10303.889430,-0.028053,-1.780716,-1.978331,-1.821348,-1.506807,-0.799068,-0.086780,0.716415
10303.893430,0.009889,-1.947382,-1.926733,-1.558600,-1.110469,-0.311902,0.456570,1.227073
10303.897430,0.039836,-1.965736,-1.716851,-1.191041,-0.596175,0.201384,0.966334,1.629081
10303.901430,0.052044,-1.831249,-1.362688,-0.736169,-0.009032,0.716557,1.406864,1.894032
10303.905430,0.046134,-1.553268,-0.894528,-0.210300,0.590747,1.199813,1.747299,2.009392
10303.909430,0.027383,-1.152948,-0.358726,0.353550,1.140170,1.605330,1.959617,1.975249
10303.913430,0.001848,-0.659222,0.189125,0.903198,1.584976,1.885428,2.024160,1.799851
10303.917430,-0.022555,-0.107622,0.698158,1.381962,1.888681,2.006118,1.934847,1.497103
10303.921430,-0.036554,0.459645,1.134166,1.741371,2.036489,1.956333,1.696227,1.087949
10303.925430,-0.036723,0.994284,1.479797,1.948505,2.029961,1.746788,1.320160,0.599926
10303.929430,-0.028107,1.443680,1.725292,1.991085,1.876685,1.403965,0.830000,0.065638
10303.933451,-0.017161,1.760185,1.861315,1.873108,1.586553,0.962995,0.267598,-0.476931
10303.937451,-0.005955,1.918110,1.876361,1.608560,1.177667,0.459615,-0.307977,-0.987844
10303.941450,0.005330,1.921848,1.757267,1.224659,0.681835,-0.072730,-0.836038,-1.430615
10303.945451,0.013853,1.794111,1.497261,0.762781,0.141246,-0.598995,-1.273825,-1.771025
10303.949451,0.014909,1.557233,1.108231,0.267298,-0.399996,-1.082300,-1.601761,-1.975602
10303.953451,0.007313,1.226122,0.623986,-0.226331,-0.900689,-1.486821,-1.813057,-2.018230
10303.957451,-0.003345,0.814502,0.091160,-0.693144,-1.322849,-1.776284,-1.902262,-1.888624
10303.961451,-0.008556,0.343105,-0.441185,-1.110842,-1.634300,-1.918015,-1.861456,-1.596849
10303.965450,-0.004009,-0.158782,-0.925972,-1.451386,-1.815242,-1.896602,-1.684469,-1.175103
10303.969451,0.007595,-0.656385,-1.320925,-1.682452,-1.861844,-1.719974,-1.375643,-0.674833
10303.973451,0.020024,-1.111168,-1.595215,-1.778907,-1.781448,-1.413945,-0.955153,-0.153602
10303.977451,0.029062,-1.482687,-1.736912,-1.734464,-1.583836,-1.015272,-0.457137,0.342548
10303.981451,0.033892,-1.733974,-1.751366,-1.564091,-1.278264,-0.563119,0.074920,0.785739
10303.985451,0.034737,-1.838256,-1.649215,-1.293362,-0.878581,-0.091047,0.591808,1.160092
10303.989451,0.031161,-1.785859,-1.438212,-0.944184,-0.409266,0.375101,1.043328,1.453418
10303.993451,0.021791,-1.588289,-1.126185,-0.532525,0.093756,0.813831,1.386957,1.653266
10303.997451,0.005442,-1.273412,-0.727373,-0.076511,0.587057,1.198995,1.597007,1.744811
10304.001451,-0.016691,-0.875849,-0.268500,0.395892,1.025514,1.495280,1.668384,1.707872
10304.005451,-0.039246,-0.431484,0.208823,0.844333,1.368260,1.669062,1.613533,1.523236
10304.009451,-0.053834,0.023666,0.656842,1.224273,1.584832,1.701634,1.453573,1.193052
10304.013451,-0.054268,0.454460,1.033766,1.500194,1.662068,1.591937,1.207665,0.755532
10304.017451,-0.040071,0.830380,1.308265,1.647641,1.606737,1.355051,0.889339,0.275509
10304.021451,-0.015161,1.130024,1.461924,1.649902,1.437825,1.019946,0.513216,-0.181643
10304.025451,0.012995,1.341048,1.492116,1.503925,1.175962,0.623463,0.102504,-0.572949
10304.029451,0.034714,1.456467,1.409604,1.228850,0.841927,0.203450,-0.310802,-0.884234
10304.033451,0.042752,1.471742,1.233306,0.864372,0.460234,-0.204884,-0.689782,-1.117852
10304.037451,0.035453,1.382968,0.987000,0.458412,0.058815,-0.570984,-0.997950,-1.273754
10304.041451,0.016502,1.188596,0.695819,0.053503,-0.333036,-0.871683,-1.206575,-1.341091
10304.045451,-0.006737,0.897167,0.379220,-0.319305,-0.685883,-1.093194,-1.301880,-1.306240
10304.049451,-0.025500,0.534420,0.046865,-0.639645,-0.972757,-1.230466,-1.287828,-1.168351
10304.053451,-0.032848,0.141229,-0.293266,-0.893887,-1.172471,-1.283235,-1.180590,-0.946768
10304.057451,-0.027562,-0.238273,-0.620896,-1.071496,-1.271758,-1.251174,-0.998785,-0.672833
10304.061476,-0.014269,-0.569495,-0.900691,-1.164958,-1.266103,-1.131895,-0.760134,-0.375875
10304.065475,0.000424,-0.829471,-1.095480,-1.170156,-1.159613,-0.923759,-0.484086,-0.076894
10304.069476,0.010302,-1.001651,-1.182451,-1.086200,-0.965217,-0.635773,-0.190321,0.209541
10304.073476,0.011145,-1.076847,-1.159087,-0.919701,-0.704402,-0.298031,0.104112,0.471462
10304.077476,0.004865,-1.059029,-1.038154,-0.690100,-0.404695,0.040799,0.381041,0.695804
10304.081476,0.000384,-0.965880,-0.840285,-0.427141,-0.096984,0.331599,0.617892,0.866696
10304.085476,0.005574,-0.820763,-0.590197,-0.160611,0.188285,0.547009,0.791825,0.967210
10304.089475,0.019086,-0.640530,-0.315553,0.087835,0.428221,0.688848,0.886407,0.982036
10304.093475,0.032284,-0.432492,-0.045038,0.304502,0.609284,0.773187,0.895899,0.903496
10304.097476,0.037753,-0.204438,0.197036,0.480237,0.722116,0.810036,0.826520,0.740626
10304.101476,0.034641,0.028581,0.395547,0.608664,0.762158,0.797698,0.695329,0.520104
10304.105476,0.025748,0.246978,0.542321,0.685015,0.735148,0.730278,0.525724,0.277252
10304.109476,0.011756,0.428927,0.630814,0.705533,0.656808,0.605982,0.339812,0.045662
10304.113475,-0.008952,0.553166,0.655857,0.668732,0.545986,0.432882,0.154129,-0.150522
10304.117475,-0.035632,0.607531,0.619081,0.578191,0.417355,0.232054,-0.018415,-0.299342
10304.121476,-0.061132,0.595719,0.532999,0.445922,0.280438,0.034089,-0.167375,-0.398397
10304.125476,-0.072079,0.533893,0.417637,0.292656,0.142699,-0.130839,-0.286210,-0.449743
10304.129476,-0.056885,0.439829,0.292509,0.141078,0.010672,-0.242479,-0.369245,-0.455122
10304.133476,-0.017873,0.326033,0.170949,0.007892,-0.108688,-0.294976,-0.407384,-0.416217
10304.137476,0.025911,0.203270,0.060345,-0.096541,-0.206090,-0.297174,-0.392926,-0.340654
10304.141475,0.050132,0.085499,-0.034816,-0.165770,-0.271112,-0.267731,-0.329759,-0.244416
10304.145475,0.041252,-0.012504,-0.110217,-0.199513,-0.296005,-0.226216,-0.236499,-0.146464
10304.149476,0.005402,-0.080444,-0.158608,-0.205470,-0.279140,-0.186250,-0.138792,-0.063158
10304.153476,-0.035782,-0.115512,-0.170829,-0.194547,-0.226705,-0.151710,-0.059162,-0.005509
10304.157476,-0.059384,-0.120799,-0.143239,-0.173204,-0.153593,-0.116606,-0.012489,0.022966
10304.161476,-0.055988,-0.099790,-0.083790,-0.140345,-0.080627,-0.073420,-0.003996,0.025535
10304.165476,-0.032839,-0.054149,-0.009880,-0.092433,-0.025673,-0.026004,-0.026952,0.007851
10304.169475,-0.003276,0.012690,0.060161,-0.031929,0.002387,0.007353,-0.066099,-0.025849
10304.173475,0.022532,0.089938,0.112356,0.028592,0.001626,0.006981,-0.107729,-0.072843
10304.177476,0.037689,0.156563,0.134649,0.068564,-0.024576,-0.033366,-0.146006,-0.128764
10304.181476,0.039155,0.187490,0.114856,0.067512,-0.067703,-0.105434,-0.178530,-0.183427
10304.185476,0.030959,0.166344,0.045665,0.015146,-0.118935,-0.193905,-0.199418,-0.220517
10304.189272,0.022465,0.090368,-0.067944,-0.083531,-0.173954,-0.281396,-0.202556,-0.224618
10304.193271,0.021776,-0.035003,-0.207177,-0.210421,-0.232580,-0.350802,-0.188803,-0.188624
10304.197272,0.030725,-0.196881,-0.345432,-0.340934,-0.294074,-0.387178,-0.161888,-0.113873
10304.201272,0.045503,-0.368597,-0.456485,-0.449104,-0.348199,-0.378883,-0.119191,-0.007052
10304.205271,0.060054,-0.511981,-0.521636,-0.510460,-0.372084,-0.318284,-0.052005,0.120673
10304.209271,0.066872,-0.594805,-0.535491,-0.508159,-0.342598,-0.203034,0.046597,0.255006
10304.213271,0.057202,-0.608933,-0.505877,-0.440524,-0.250988,-0.038847,0.175408,0.383824
10304.217271,0.026382,-0.569429,-0.444138,-0.321310,-0.105275,0.158625,0.324714,0.501724
10304.221272,-0.018413,-0.496039,-0.354349,-0.169391,0.076805,0.366185,0.478584,0.606449
10304.225272,-0.058114,-0.398515,-0.233390,0.003730,0.276000,0.557582,0.615014,0.688641
10304.229272,-0.074151,-0.276886,-0.078224,0.195362,0.473238,0.709268,0.708855,0.727000
10304.233271,-0.063436,-0.127217,0.109541,0.401569,0.646713,0.808354,0.741301,0.696702
10304.237271,-0.040159,0.054700,0.321913,0.607600,0.774673,0.854529,0.706009,0.583218
10304.241271,-0.023556,0.267858,0.543489,0.788281,0.842409,0.849899,0.605478,0.391277
10304.245271,-0.024528,0.499894,0.752457,0.918031,0.843764,0.788283,0.445607,0.144086
10304.249272,-0.039678,0.727095,0.923290,0.979750,0.778584,0.656928,0.236008,-0.127986
10304.253272,-0.054981,0.920080,1.030308,0.964538,0.651213,0.446586,-0.007440,-0.399800
10304.257272,-0.056307,1.050327,1.052090,0.867895,0.467931,0.161205,-0.265342,-0.654270
10304.261271,-0.038278,1.096059,0.976259,0.690616,0.235355,-0.175170,-0.520723,-0.878497
10304.265271,-0.006654,1.047538,0.803729,0.441927,-0.036360,-0.520570,-0.760333,-1.059741
10304.269271,0.024988,0.908179,0.549327,0.138071,-0.330802,-0.830656,-0.970966,-1.180972
10304.273271,0.042762,0.689265,0.236886,-0.200322,-0.625842,-1.074054,-1.134245,-1.219904
10304.277272,0.040596,0.403514,-0.107092,-0.547528,-0.894997,-1.233806,-1.223794,-1.156954
10304.281272,0.024314,0.063663,-0.456153,-0.873859,-1.111284,-1.302322,-1.211079,-0.984918
10304.285271,0.007597,-0.312530,-0.783105,-1.148981,-1.253161,-1.279097,-1.078787,-0.712831
10304.289271,0.002027,-0.694667,-1.061007,-1.343103,-1.306811,-1.167911,-0.830888,-0.364955
10304.293271,0.010176,-1.040337,-1.268261,-1.431008,-1.262818,-0.972855,-0.492720,0.025075
10304.297271,0.026094,-1.308682,-1.391409,-1.400397,-1.114553,-0.698489,-0.104070,0.421197
10304.301272,0.040063,-1.473303,-1.421362,-1.254810,-0.863662,-0.355187,0.290712,0.789184
10304.305272,0.043596,-1.523463,-1.349380,-1.008611,-0.525550,0.036601,0.655141,1.101657
10304.309272,0.033330,-1.459201,-1.167905,-0.681477,-0.126912,0.449519,0.969709,1.342052
10304.313271,0.013100,-1.286749,-0.875066,-0.296053,0.301896,0.855040,1.227674,1.502487
10304.317317,-0.006844,-1.015247,-0.483453,0.123024,0.730635,1.223536,1.421528,1.576191
10304.321317,-0.014595,-0.656472,-0.027974,0.549517,1.126002,1.520478,1.535667,1.549211
10304.325317,-0.003845,-0.228463,0.439749,0.954970,1.449979,1.707692,1.551053,1.401060
10304.329317,0.021568,0.239675,0.869753,1.308198,1.666106,1.754166,1.452575,1.118353
10304.333317,0.047885,0.707404,1.229078,1.576122,1.747866,1.648451,1.231027,0.710567
10304.337318,0.056470,1.130469,1.502318,1.726732,1.683163,1.401343,0.885648,0.214896
10304.341317,0.034352,1.471527,1.679809,1.737114,1.476377,1.037055,0.432365,-0.312829
10304.345317,-0.015134,1.704833,1.746651,1.604064,1.147752,0.583011,-0.089954,-0.814099
10304.349317,-0.071677,1.814571,1.684119,1.343432,0.728202,0.070816,-0.623727,-1.241078
10304.353317,-0.110268,1.791641,1.481986,0.977488,0.252455,-0.456723,-1.107095,-1.563671
10304.357317,-0.116289,1.632139,1.148882,0.528691,-0.245239,-0.949016,-1.489623,-1.769302
10304.361317,-0.091383,1.340564,0.710308,0.024561,-0.731980,-1.361477,-1.741060,-1.855258
10304.365318,-0.049349,0.935900,0.200437,-0.497594,-1.175460,-1.666220,-1.852837,-1.820529
10304.369317,-0.007945,0.452702,-0.340057,-0.991694,-1.542680,-1.851950,-1.832471,-1.662996
10304.373317,0.020066,-0.065665,-0.862559,-1.409546,-1.800831,-1.915071,-1.692482,-1.378640
10304.377317,0.033459,-0.576930,-1.315155,-1.711536,-1.924042,-1.851373,-1.442612,-0.966423
10304.381317,0.041281,-1.047231,-1.653792,-1.874054,-1.900566,-1.654541,-1.090199,-0.444051
10304.385317,0.052677,-1.451702,-1.851725,-1.889009,-1.731442,-1.321062,-0.645229,0.141147
10304.389318,0.066622,-1.767746,-1.901769,-1.761109,-1.426179,-0.861292,-0.127246,0.722689
10304.393317,0.073108,-1.968322,-1.813321,-1.506414,-1.004961,-0.310996,0.429646,1.237536
10304.397317,0.062950,-2.023894,-1.605477,-1.148927,-0.501380,0.270989,0.977848,1.639825
10304.401317,0.033801,-1.912172,-1.297254,-0.715164,0.042483,0.822372,1.461326,1.899835
10304.405317,-0.008491,-1.629582,-0.901697,-0.230569,0.584297,1.296982,1.824602,2.000663
10304.409317,-0.049990,-1.198730,-0.430521,0.279688,1.084043,1.668108,2.026836,1.941819
10304.413317,-0.075150,-0.666342,0.094688,0.787036,1.500841,1.918378,2.052067,1.742139
10304.417317,-0.076322,-0.090693,0.636774,1.256058,1.796242,2.029898,1.908872,1.430720
10304.421317,-0.055686,0.473684,1.146473,1.643596,1.947457,1.985645,1.623188,1.032040
10304.425317,-0.021958,0.983446,1.569798,1.903743,1.954337,1.781842,1.228058,0.564440
10304.429317,0.013552,1.406536,1.858912,2.000888,1.829213,1.437521,0.755180,0.052136
10304.433317,0.042044,1.721454,1.984512,1.922613,1.581637,0.988132,0.234552,-0.470183
10304.437317,0.058707,1.913569,1.941433,1.681197,1.216242,0.471167,-0.300712,-0.965449
10304.441317,0.060794,1.968542,1.745580,1.308341,0.745020,-0.078030,-0.813369,-1.399335
10304.445338,0.048494,1.873765,1.426365,0.849352,0.199674,-0.620738,-1.265972,-1.736611
10304.449338,0.027325,1.629634,1.018993,0.350976,-0.368441,-1.113487,-1.624459,-1.941235
10304.453338,0.006197,1.256994,0.558662,-0.152217,-0.901053,-1.514695,-1.859868,-1.986688
10304.457338,-0.008643,0.792683,0.075303,-0.637760,-1.347580,-1.791293,-1.950687,-1.866043
10304.461339,-0.016457,0.279887,-0.407843,-1.083342,-1.672198,-1.920577,-1.887455,-1.592431
10304.465339,-0.019818,-0.238275,-0.868968,-1.458089,-1.855451,-1.893387,-1.677906,-1.193286
10304.469338,-0.022143,-0.722215,-1.281342,-1.725837,-1.893191,-1.718727,-1.346213,-0.704874
10304.473338,-0.026055,-1.140137,-1.611493,-1.856858,-1.790850,-1.419853,-0.923092,-0.168722
10304.477338,-0.032034,-1.470248,-1.823696,-1.836167,-1.557994,-1.025707,-0.437658,0.370166
10304.481338,-0.037558,-1.695568,-1.888874,-1.664384,-1.209334,-0.569160,0.078775,0.864282
10304.485339,-0.037483,-1.797995,-1.793627,-1.358882,-0.768792,-0.087539,0.586520,1.268958
10304.489339,-0.026874,-1.763003,-1.545518,-0.954418,-0.271885,0.382122,1.040589,1.553699
10304.493339,-0.004906,-1.589895,-1.171592,-0.495035,0.235829,0.808292,1.399122,1.708971
10304.497338,0.023008,-1.294201,-0.711852,-0.020964,0.705700,1.166529,1.631095,1.739495
10304.501338,0.046545,-0.902255,-0.212304,0.437407,1.095244,1.440044,1.722496,1.651485
10304.505338,0.054901,-0.446972,0.281359,0.854920,1.374689,1.616641,1.677817,1.446884
10304.509338,0.042353,0.033317,0.728124,1.205969,1.529763,1.680616,1.513631,1.130062
10304.513339,0.012430,0.498230,1.093497,1.464841,1.559542,1.611849,1.250147,0.721131
10304.517339,-0.021918,0.911184,1.353532,1.608123,1.471401,1.400042,0.908360,0.261431
10304.521339,-0.044071,1.241113,1.498862,1.618580,1.280403,1.061449,0.511023,-0.196692
10304.525338,-0.043107,1.461362,1.530890,1.492630,1.009857,0.641138,0.084833,-0.608072
10304.529338,-0.020469,1.553471,1.454855,1.245273,0.685673,0.197731,-0.336914,-0.945058
10304.533338,0.010289,1.512839,1.279269,0.907325,0.331853,-0.218921,-0.716731,-1.192530
10304.537338,0.031339,1.351361,1.019392,0.517054,-0.026376,-0.580948,-1.020981,-1.339432
10304.541339,0.031929,1.095507,0.696493,0.111846,-0.361200,-0.879402,-1.227387,-1.379090
10304.545339,0.013940,0.776426,0.333397,-0.275526,-0.649070,-1.111462,-1.328621,-1.313854
10304.549339,-0.011565,0.420436,-0.045089,-0.616996,-0.877800,-1.268301,-1.329463,-1.156525
10304.553338,-0.030704,0.050682,-0.407086,-0.889090,-1.044784,-1.332922,-1.238261,-0.927940
10304.557338,-0.032694,-0.306834,-0.714854,-1.075077,-1.146562,-1.288828,-1.061763,-0.652442
10304.561338,-0.016248,-0.623647,-0.937344,-1.167619,-1.171077,-1.132075,-0.809735,-0.351720
10304.565338,0.008631,-0.873681,-1.063116,-1.167815,-1.103208,-0.879337,-0.501435,-0.041449
10304.569339,0.028314,-1.035949,-1.098199,-1.082717,-0.937239,-0.564822,-0.165009,0.262899
10304.573363,0.035623,-1.097015,-1.052993,-0.925303,-0.684504,-0.227210,0.166640,0.538523
10304.577363,0.033153,-1.056414,-0.935888,-0.714608,-0.375481,0.099491,0.460391,0.758416
10304.581363,0.028618,-0.930683,-0.757186,-0.471960,-0.055348,0.385000,0.689122,0.901697
10304.585363,0.027089,-0.749142,-0.533969,-0.215952,0.231219,0.602367,0.835848,0.960185
10304.589363,0.026303,-0.540749,-0.290451,0.037622,0.456162,0.735917,0.893773,0.938136
10304.593363,0.018309,-0.324583,-0.053650,0.272829,0.610521,0.789523,0.866798,0.847149
10304.597363,-0.003261,-0.112964,0.154052,0.473719,0.696305,0.783333,0.770488,0.700893
10304.601363,-0.037320,0.083597,0.320050,0.625020,0.719578,0.738573,0.629140,0.514905
10304.605363,-0.075247,0.257245,0.441064,0.712367,0.687959,0.664079,0.468012,0.307583
10304.609363,-0.101792,0.401727,0.520119,0.727917,0.609926,0.557875,0.304574,0.097896
10304.613363,-0.099475,0.508921,0.561728,0.677101,0.495144,0.417787,0.146042,-0.095183
10304.617363,-0.060881,0.570028,0.566456,0.575578,0.355630,0.248595,-0.004954,-0.252615
10304.621363,0.002721,0.579304,0.531139,0.439595,0.206277,0.064935,-0.143042,-0.360316
10304.625363,0.066233,0.535906,0.455369,0.282831,0.064474,-0.110078,-0.258067,-0.414762
10304.629363,0.103455,0.444723,0.346477,0.121424,-0.052176,-0.252529,-0.339205,-0.423262
10304.633363,0.099568,0.318120,0.218871,-0.022990,-0.132551,-0.345938,-0.378334,-0.398074
10304.637363,0.058969,0.177607,0.091083,-0.128309,-0.177486,-0.383346,-0.370762,-0.349260
10304.641363,0.003265,0.049046,-0.018666,-0.181385,-0.195653,-0.367080,-0.318941,-0.284784
10304.645363,-0.041407,-0.049210,-0.098530,-0.183604,-0.195650,-0.309604,-0.236686,-0.214011
10304.649363,-0.057369,-0.112637,-0.144996,-0.150060,-0.182603,-0.229683,-0.146320,-0.145665
10304.653363,-0.040549,-0.144240,-0.157964,-0.104243,-0.158627,-0.143871,-0.069027,-0.085167
10304.657363,-0.000576,-0.145128,-0.136186,-0.066932,-0.124829,-0.062417,-0.017173,-0.037457
10304.661363,0.042567,-0.112800,-0.081333,-0.045090,-0.083169,0.006278,0.005295,-0.009402
10304.665363,0.067482,-0.048028,-0.005297,-0.032624,-0.038837,0.050264,-0.000806,-0.006367
10304.669363,0.062532,0.036935,0.070760,-0.022628,-0.001572,0.057094,-0.031564,-0.027126
10304.673363,0.032074,0.118505,0.123562,-0.016935,0.017570,0.022961,-0.079910,-0.063862
10304.677363,-0.006828,0.171715,0.134408,-0.023572,0.010460,-0.043537,-0.134955,-0.107528
10304.681363,-0.036306,0.181772,0.095644,-0.049447,-0.026012,-0.127600,-0.184068,-0.151166
10304.685363,-0.048394,0.148298,0.013676,-0.096469,-0.089444,-0.215049,-0.218082,-0.186342
10304.689363,-0.045663,0.079919,-0.095224,-0.161026,-0.172938,-0.292022,-0.234721,-0.200158
10304.693363,-0.036006,-0.013709,-0.211735,-0.236009,-0.265787,-0.343475,-0.235950,-0.180468
10304.697363,-0.028566,-0.125456,-0.320216,-0.313556,-0.354215,-0.356188,-0.220357,-0.122608
10304.701406,-0.029163,-0.249136,-0.413668,-0.386088,-0.422900,-0.322523,-0.177966,-0.029682
10304.705406,-0.033802,-0.375660,-0.489287,-0.442778,-0.454338,-0.242335,-0.094183,0.090733
10304.709405,-0.029654,-0.492232,-0.538906,-0.465067,-0.429337,-0.122971,0.038188,0.228379
10304.713405,-0.008386,-0.584354,-0.548187,-0.432774,-0.334088,0.024405,0.209532,0.370785
10304.717405,0.022871,-0.636497,-0.503959,-0.337271,-0.169056,0.188339,0.395423,0.505247
10304.721406,0.046409,-0.633851,-0.401059,-0.184540,0.047928,0.355905,0.565006,0.620194
10304.725405,0.047699,-0.566209,-0.244596,0.011533,0.286482,0.510763,0.690305,0.702448
10304.729405,0.025591,-0.430193,-0.048045,0.231224,0.512804,0.635993,0.754135,0.734260
10304.733405,-0.005793,-0.230449,0.169857,0.447524,0.697745,0.720524,0.750447,0.696489
10304.737405,-0.025699,0.018413,0.388808,0.633186,0.822686,0.761798,0.681186,0.580001
10304.741405,-0.021897,0.291187,0.591231,0.773684,0.882056,0.760046,0.555125,0.395413
10304.745406,0.001734,0.556578,0.764374,0.869852,0.879534,0.710839,0.384078,0.166291
10304.749406,0.030704,0.785836,0.897937,0.924377,0.820882,0.605922,0.179501,-0.086316
10304.753405,0.049221,0.957856,0.979986,0.928041,0.708745,0.439450,-0.046514,-0.346181
10304.757405,0.047940,1.058988,0.996933,0.861779,0.540584,0.211389,-0.281713,-0.595125
10304.761405,0.029171,1.082016,0.936876,0.710361,0.312484,-0.070807,-0.516556,-0.816332
10304.765405,0.004398,1.024729,0.792735,0.473122,0.028492,-0.390442,-0.742830,-1.000723
10304.769405,-0.014837,0.888415,0.565968,0.163842,-0.293506,-0.720323,-0.946835,-1.139058
10304.773406,-0.023875,0.678981,0.269417,-0.193303,-0.622896,-1.022766,-1.105256,-1.209532
10304.777406,-0.025025,0.409116,-0.074087,-0.563018,-0.922231,-1.256193,-1.189690,-1.181749
10304.781405,-0.022962,0.096983,-0.437039,-0.901821,-1.156691,-1.385973,-1.176541,-1.034998
10304.785405,-0.020840,-0.238753,-0.791119,-1.171803,-1.301985,-1.390661,-1.055451,-0.771551
10304.789405,-0.019750,-0.581492,-1.104564,-1.351123,-1.346207,-1.265714,-0.833400,-0.417406
10304.793405,-0.019520,-0.911996,-1.339610,-1.430033,-1.287567,-1.024737,-0.532859,-0.015143
10304.797405,-0.019102,-1.202202,-1.460359,-1.401930,-1.131364,-0.692736,-0.180462,0.389216
10304.801406,-0.016209,-1.417538,-1.447731,-1.262506,-0.886739,-0.298506,0.204434,0.759500
10304.805405,-0.007966,-1.527362,-1.307357,-1.017218,-0.564772,0.126742,0.604532,1.074885
10304.809405,0.006165,-1.513276,-1.063689,-0.685183,-0.179675,0.549869,0.990799,1.326481
10304.813405,0.022438,-1.369641,-0.748760,-0.292751,0.248725,0.938949,1.321241,1.505926
10304.817405,0.034553,-1.102121,-0.392241,0.133384,0.691147,1.265798,1.553172,1.593777
10304.821405,0.037562,-0.728630,-0.014200,0.565403,1.106150,1.506947,1.656686,1.560967
10304.825405,0.031192,-0.278206,0.373509,0.971978,1.445742,1.644823,1.620396,1.385078
10304.829430,0.019985,0.212826,0.759307,1.320963,1.667334,1.666732,1.448377,1.068387
10304.833430,0.008539,0.702762,1.125110,1.584056,1.744143,1.563013,1.155905,0.642175
10304.837430,-0.003042,1.146802,1.441323,1.736894,1.670237,1.331835,0.768072,0.155703
10304.841430,-0.016102,1.504609,1.668211,1.758234,1.457230,0.985759,0.316976,-0.339094
10304.845430,-0.028873,1.746870,1.767562,1.635534,1.126195,0.550077,-0.163042,-0.798974
10304.849429,-0.038702,1.852798,1.716434,1.370969,0.704558,0.058780,-0.637755,-1.194256
10304.853430,-0.044612,1.807405,1.513755,0.982859,0.227687,-0.446151,-1.073478,-1.506836
10304.857430,0.104986,1.609303,1.178259,0.506486,-0.263222,-0.919521,-1.438458,-1.722799
10304.861430,1.135078,1.277212,0.741624,-0.010286,-0.728354,-1.323596,-1.705015,-1.825469
10304.865430,4.320566,0.842949,0.240753,-0.519515,-1.135347,-1.633715,-1.852390,-1.797068
10304.869430,10.163555,0.343145,-0.287767,-0.982948,-1.460477,-1.832210,-1.868343,-1.627856
10304.873430,16.691629,-0.179656,-0.807444,-1.372661,-1.686224,-1.900249,-1.746532,-1.323007
10304.877430,19.366375,-0.677837,-1.277570,-1.666905,-1.798003,-1.819712,-1.484888,-0.902218
10304.881430,13.254270,-1.109779,-1.652513,-1.847461,-1.783976,-1.584243,-1.091199,-0.396758
10304.885430,-3.772557,-1.449969,-1.889920,-1.900773,-1.638209,-1.210176,-0.591863,0.150903
10304.889430,-28.792194,-1.689326,-1.964619,-1.819256,-1.363761,-0.737044,-0.033412,0.689457
10304.893430,-53.983635,-1.828313,-1.876610,-1.601461,-0.975163,-0.215331,0.528387,1.169167
10304.897430,-69.292938,-1.864463,-1.646037,-1.254617,-0.500163,0.307777,1.042574,1.553731
10304.901430,-66.376213,-1.782251,-1.302415,-0.799033,0.021816,0.794771,1.469264,1.820881
10304.905430,-42.191250,-1.559757,-0.877021,-0.268867,0.545770,1.217362,1.780317,1.953597
10304.909430,-1.246572,-1.189122,-0.399888,0.292631,1.028876,1.553604,1.958908,1.937723
10304.913430,44.708328,-0.691710,0.100606,0.838127,1.434778,1.785175,1.997867,1.770509
10304.917430,80.819725,-0.118495,0.597652,1.319254,1.733543,1.895952,1.896326,1.467703
10304.921430,95.616928,0.462114,1.065016,1.692317,1.901662,1.872317,1.656837,1.060248
10304.925430,85.926689,0.985140,1.474229,1.926094,1.924168,1.707577,1.288118,0.584838
10304.929430,57.510708,1.407571,1.791785,2.006124,1.796248,1.409078,0.810988,0.077095
10304.933430,21.636799,1.711102,1.980562,1.933192,1.524158,1.000414,0.259692,-0.430563
10304.937430,-10.160376,1.891781,2.008794,1.717549,1.128077,0.516004,-0.319658,-0.908736
10304.941430,-30.445047,1.948838,1.863068,1.375548,0.643977,-0.006322,-0.873088,-1.329094
10304.945430,-37.650612,1.876753,1.555537,0.931339,0.118850,-0.527870,-1.348660,-1.662515
10304.949430,-35.076244,1.665023,1.121142,0.417290,-0.399978,-1.009231,-1.705253,-1.880614
10304.953430,-28.193977,1.311531,0.609052,-0.128016,-0.873965,-1.414081,-1.916650,-1.960636
10304.957452,-21.823503,0.838365,0.070502,-0.661395,-1.275356,-1.712356,-1.974259,-1.889284
10304.961451,-18.396135,0.293364,-0.454105,-1.138284,-1.584166,-1.879003,-1.884400,-1.664669
10304.965451,-17.740068,-0.261781,-0.938023,-1.517153,-1.783514,-1.895437,-1.661326,-1.300585
10304.969451,-18.052139,-0.767760,-1.356890,-1.764245,-1.855679,-1.757473,-1.324203,-0.829301
10304.973451,-17.302645,-1.182567,-1.677967,-1.860238,-1.784524,-1.481863,-0.897667,-0.296043
10304.977451,-14.337461,-1.488450,-1.864918,-1.804680,-1.566279,-1.102775,-0.411886,0.251222
10304.981451,-9.273432,-1.685496,-1.893453,-1.614623,-1.219740,-0.658882,0.098761,0.767585
10304.985451,-3.199275,-1.776992,-1.762233,-1.319309,-0.784092,-0.182246,0.598168,1.211540
10304.989451,2.500207,-1.758921,-1.492453,-0.951920,-0.305140,0.301820,1.050275,1.548397
10304.993451,6.789893,-1.620943,-1.119731,-0.542095,0.177091,0.767850,1.418856,1.755546
10304.997451,9.317015,-1.355591,-0.683263,-0.113023,0.630591,1.183656,1.669049,1.820723
10305.001451,10.364814,-0.969745,-0.218266,0.317723,1.026957,1.509248,1.773831,1.739511
10305.005451,10.544840,-0.493647,0.245422,0.733109,1.339884,1.704737,1.722530,1.519163
10305.009451,10.433928,0.020161,0.681324,1.108590,1.548287,1.743601,1.526009,1.182483
10305.013451,10.335649,0.510524,1.061547,1.409026,1.637884,1.624171,1.214931,0.766722
10305.017451,10.240362,0.925929,1.353291,1.596492,1.602205,1.372648,0.832425,0.315217
10305.021451,9.944966,1.235002,1.525609,1.643709,1.446679,1.032110,0.424556,-0.135094
10305.025451,9.228382,1.424355,1.564160,1.542612,1.189390,0.642591,0.030037,-0.556937
10305.029451,7.986737,1.493063,1.479078,1.305983,0.853949,0.229808,-0.328216,-0.924417
10305.033451,6.283177,1.451544,1.296699,0.967783,0.463619,-0.186442,-0.643328,-1.208917
10305.037451,4.312726,1.318618,1.041725,0.577823,0.044783,-0.578407,-0.913676,-1.385944
10305.041451,2.316739,1.112255,0.726982,0.183133,-0.367305,-0.911932,-1.130567,-1.442634
10305.045451,0.496442,0.843284,0.361587,-0.188036,-0.732278,-1.157480,-1.275966,-1.377763
10305.049451,-1.038289,0.520399,-0.033663,-0.521242,-1.018284,-1.295358,-1.329815,-1.199429
10305.053451,-2.271903,0.160022,-0.420945,-0.802456,-1.210569,-1.317996,-1.279990,-0.928536
10305.057451,-3.248703,-0.209098,-0.753354,-1.014797,-1.304635,-1.232190,-1.128118,-0.602285
10305.061451,-4.025600,-0.548337,-0.991153,-1.144423,-1.296819,-1.055807,-0.887437,-0.265619
10305.065451,-4.632587,-0.818086,-1.116414,-1.186319,-1.187005,-0.810911,-0.577979,0.046183
10305.069451,-5.058445,-0.991694,-1.135955,-1.143563,-0.987152,-0.520624,-0.227487,0.317228
10305.073451,-5.268509,-1.064802,-1.072060,-1.021514,-0.722228,-0.210279,0.126170,0.544310
10305.077451,-5.235303,-1.050838,-0.948624,-0.825310,-0.422693,0.091811,0.441988,0.723549
10305.081451,-4.958472,-0.967173,-0.782837,-0.563646,-0.117215,0.356511,0.687213,0.844962
10305.085476,-4.468087,-0.825743,-0.585635,-0.255358,0.169939,0.559981,0.841467,0.897474
10305.089476,-3.815615,-0.636267,-0.364116,0.064834,0.418666,0.690663,0.898101,0.876230
10305.093476,-3.060513,-0.412508,-0.123395,0.350143,0.612730,0.749746,0.867684,0.787431
10305.097476,-2.258705,-0.171082,0.127416,0.559182,0.740474,0.746471,0.775374,0.649462
10305.101476,-1.454122,0.069989,0.368200,0.673023,0.795623,0.694539,0.649143,0.485288
10305.105475,-0.676263,0.288534,0.567963,0.698617,0.779710,0.608609,0.507284,0.310584
10305.109475,0.053930,0.458898,0.694049,0.659905,0.705149,0.500239,0.355170,0.131306
10305.113476,0.716151,0.559044,0.727273,0.584205,0.591555,0.376096,0.194573,-0.049257
10305.117476,1.288435,0.580458,0.672847,0.491903,0.456772,0.239752,0.034407,-0.223482
10305.121476,1.751274,0.533717,0.556248,0.392559,0.311468,0.094647,-0.110659,-0.375508
10305.125476,2.093659,0.443002,0.409850,0.287016,0.159910,-0.052898,-0.228756,-0.482094
10305.129476,2.316119,0.333794,0.262941,0.173763,0.006327,-0.189240,-0.314249,-0.520998
10305.133475,2.429733,0.224478,0.135873,0.055232,-0.137293,-0.293382,-0.364713,-0.483603
10305.137475,2.450742,0.125513,0.036365,-0.058844,-0.250050,-0.346507,-0.377718,-0.382414
10305.141476,2.390887,0.044038,-0.038266,-0.152348,-0.309226,-0.343002,-0.351674,-0.246587
10305.145476,2.251029,-0.011200,-0.092835,-0.208794,-0.301659,-0.292523,-0.289334,-0.110225
10305.149476,2.026638,-0.031678,-0.127243,-0.220058,-0.234150,-0.213846,-0.201023,-0.002581
10305.153476,1.720286,-0.018007,-0.137797,-0.190814,-0.134666,-0.127780,-0.104512,0.058450
10305.157476,1.348298,0.014414,-0.123588,-0.133924,-0.041863,-0.051985,-0.020619,0.069809
10305.161475,0.937659,0.043831,-0.088125,-0.063788,0.011801,0.001879,0.031946,0.041233
10305.165475,0.519009,0.058113,-0.037918,0.005457,0.015962,0.026724,0.041050,-0.010893
10305.169476,0.120803,0.059485,0.015798,0.060291,-0.014676,0.018314,0.004858,-0.070732
10305.173476,-0.234772,0.055852,0.057726,0.087854,-0.055583,-0.021057,-0.066658,-0.127746
10305.177476,-0.534403,0.053049,0.074385,0.076847,-0.093167,-0.079704,-0.153109,-0.174214
10305.181476,-0.773418,0.052383,0.058335,0.023596,-0.131994,-0.141450,-0.229338,-0.201386
10305.185476,-0.951899,0.048193,0.009527,-0.063596,-0.183146,-0.194020,-0.274356,-0.203532
10305.189475,-1.070287,0.027143,-0.065803,-0.169177,-0.248720,-0.234477,-0.278025,-0.182743
10305.193475,-1.129990,-0.025648,-0.159361,-0.277218,-0.318181,-0.266095,-0.242844,-0.145535
10305.197476,-1.137402,-0.116745,-0.261900,-0.374238,-0.375455,-0.288816,-0.180786,-0.095287
10305.201476,-1.103483,-0.238745,-0.360840,-0.449396,-0.406345,-0.294556,-0.104863,-0.027949
10305.205476,-1.039133,-0.372944,-0.442074,-0.493244,-0.399992,-0.270750,-0.021165,0.064999
10305.209476,-0.950994,-0.497771,-0.494985,-0.496081,-0.347901,-0.206207,0.071731,0.188580
10305.213293,-0.839272,-0.594428,-0.513302,-0.448607,-0.244768,-0.095314,0.177257,0.336396
10305.217292,-0.701004,-0.645790,-0.490948,-0.346538,-0.090358,0.059790,0.294610,0.487619
10305.221293,-0.538235,-0.634771,-0.420643,-0.194400,0.106202,0.248566,0.417494,0.614712
10305.225293,-0.362078,-0.549003,-0.299099,-0.003153,0.322415,0.452036,0.537997,0.695919
10305.229293,-0.187005,-0.390040,-0.130483,0.213762,0.527792,0.644564,0.648386,0.717695
10305.233293,-0.022836,-0.176001,0.076976,0.440061,0.696567,0.799478,0.736481,0.671480
10305.237292,0.125445,0.066053,0.312356,0.654767,0.814301,0.895480,0.779057,0.557257
10305.241292,0.253455,0.310029,0.556874,0.833085,0.874360,0.918088,0.743859,0.385047
10305.245293,0.356672,0.538705,0.781975,0.949151,0.872735,0.854968,0.606171,0.167616
10305.249293,0.432834,0.744927,0.956142,0.981644,0.807588,0.695039,0.368558,-0.083513
10305.253293,0.484886,0.923070,1.054677,0.923154,0.681474,0.439892,0.064930,-0.354121
10305.257293,0.520638,1.059670,1.065961,0.784397,0.501497,0.115855,-0.256609,-0.623342
10305.261293,0.546637,1.131635,0.989632,0.586710,0.276508,-0.230312,-0.557852,-0.865396
10305.265292,0.561698,1.112920,0.829662,0.350287,0.012923,-0.551869,-0.819627,-1.055395
10305.269293,0.555567,0.985488,0.591925,0.088082,-0.284828,-0.820655,-1.032484,-1.172298
10305.273293,0.514267,0.748016,0.286890,-0.192257,-0.604808,-1.028587,-1.185373,-1.197838
10305.277293,0.431281,0.420065,-0.068165,-0.482554,-0.918620,-1.177066,-1.262843,-1.118255
10305.281293,0.315939,0.039733,-0.447660,-0.768027,-1.183911,-1.265092,-1.249010,-0.930870
10305.285293,0.189985,-0.347733,-0.816016,-1.024841,-1.357787,-1.282529,-1.132716,-0.649838
10305.289292,0.075754,-0.704545,-1.130238,-1.225065,-1.412057,-1.212089,-0.910945,-0.304858
10305.293292,-0.013564,-1.008771,-1.351718,-1.342904,-1.339412,-1.037429,-0.592617,0.068045
10305.297293,-0.075675,-1.251563,-1.460336,-1.358115,-1.149601,-0.753231,-0.201085,0.436346
10305.301293,-0.115450,-1.424781,-1.456258,-1.261131,-0.862593,-0.373209,0.229373,0.774989
10305.305293,-0.140077,-1.511409,-1.347498,-1.056091,-0.502963,0.069192,0.659332,1.066755
10305.309293,-0.156626,-1.490536,-1.139242,-0.755893,-0.097516,0.527963,1.047342,1.299998
10305.313293,-0.173337,-1.350049,-0.837266,-0.377381,0.324516,0.954292,1.354693,1.461959
10305.317292,-0.196795,-1.093654,-0.456608,0.054616,0.733135,1.305202,1.552992,1.533724
10305.321292,-0.224650,-0.738669,-0.022397,0.502548,1.101291,1.550964,1.628425,1.493746
10305.325293,-0.247848,-0.308769,0.433185,0.921775,1.405850,1.678195,1.581394,1.327207
10305.329293,-0.259631,0.168742,0.871371,1.272230,1.624467,1.685728,1.423154,1.034516
10305.333293,-0.256908,0.658447,1.250421,1.526730,1.732662,1.576926,1.168758,0.634243
10305.337293,-0.238013,1.115605,1.533637,1.672269,1.705872,1.354595,0.829692,0.160213
10305.341317,-0.204181,1.493689,1.695072,1.703460,1.527773,1.021732,0.415015,-0.343115
10305.345318,-0.160487,1.754930,1.721684,1.614607,1.202114,0.588199,-0.057870,-0.826123
10305.349317,-0.113660,1.877102,1.613900,1.400511,0.759703,0.080431,-0.555059,-1.243147
10305.353317,-0.068232,1.854020,1.384750,1.064492,0.252639,-0.454682,-1.029553,-1.560711
10305.357317,-0.024136,1.691360,1.057099,0.624035,-0.261387,-0.959429,-1.432404,-1.758548
10305.361317,0.020106,1.400805,0.658276,0.110762,-0.735873,-1.381550,-1.723149,-1.826551
10305.365317,0.062355,0.997144,0.213697,-0.432554,-1.144767,-1.685109,-1.875893,-1.763204
10305.369317,0.098609,0.502571,-0.254708,-0.955717,-1.477221,-1.853801,-1.881549,-1.575086
10305.373318,0.128077,-0.046071,-0.722145,-1.406341,-1.723374,-1.888494,-1.744669,-1.273147
10305.377317,0.151077,-0.599519,-1.154893,-1.738770,-1.866892,-1.799195,-1.476328,-0.869146
10305.381317,0.163981,-1.109027,-1.514492,-1.922731,-1.888716,-1.595078,-1.091889,-0.380889
10305.385317,0.162028,-1.534910,-1.767818,-1.946356,-1.772376,-1.281027,-0.616464,0.158428
10305.389317,0.145905,-1.846249,-1.891999,-1.816109,-1.507496,-0.863750,-0.087828,0.700108
10305.393317,0.122706,-2.020152,-1.874019,-1.553715,-1.098305,-0.359252,0.449602,1.191061
10305.397317,0.100662,-2.041240,-1.711054,-1.187298,-0.573952,0.203449,0.953279,1.586040
10305.401318,0.083049,-1.900810,-1.411020,-0.743685,0.012752,0.778318,1.385386,1.852342
10305.405317,0.067389,-1.601500,-0.991955,-0.247443,0.599083,1.302789,1.712368,1.969313
10305.409317,0.049157,-1.166041,-0.482228,0.277065,1.127431,1.712928,1.909852,1.930386
10305.413317,0.025552,-0.639464,0.079106,0.801453,1.554197,1.964832,1.967219,1.746091
10305.417317,-0.002140,-0.078234,0.643620,1.287397,1.850546,2.044489,1.882618,1.440753
10305.421317,-0.028345,0.467154,1.157889,1.685556,1.998743,1.962331,1.658998,1.044203
10305.425318,-0.045609,0.961327,1.572900,1.944683,1.991827,1.740095,1.308020,0.584817
10305.429317,-0.050012,1.380491,1.855281,2.028050,1.836133,1.400440,0.853097,0.086169
10305.433317,-0.045115,1.704338,1.990320,1.926846,1.549996,0.966729,0.328510,-0.431448
10305.437317,-0.038197,1.911183,1.973832,1.663003,1.158874,0.467736,-0.223420,-0.942330
10305.441317,-0.033935,1.980568,1.805829,1.280818,0.691301,-0.063000,-0.758176,-1.406411
10305.445317,-0.034475,1.901045,1.495280,0.830060,0.177226,-0.590181,-1.235344,-1.772148
10305.449317,-0.043482,1.674723,1.066218,0.350137,-0.351200,-1.074747,-1.620195,-1.990151
10305.453318,-0.063363,1.317130,0.556314,-0.133101,-0.857802,-1.474226,-1.882747,-2.028026
10305.457317,-0.086879,0.857085,0.011826,-0.599850,-1.302298,-1.753332,-1.999423,-1.880709
10305.461317,-0.098789,0.333589,-0.518712,-1.029583,-1.645020,-1.893767,-1.955651,-1.573311
10305.465317,-0.087210,-0.211485,-0.993177,-1.399140,-1.856148,-1.892116,-1.748807,-1.154226
10305.469339,-0.050919,-0.736707,-1.380968,-1.681826,-1.921362,-1.751826,-1.394587,-0.679329
10305.473338,-0.001145,-1.199512,-1.658951,-1.847118,-1.839004,-1.479854,-0.930133,-0.194047
10305.477339,0.042808,-1.558145,-1.807854,-1.866186,-1.616838,-1.091981,-0.405147,0.275678
10305.481339,0.066535,-1.779564,-1.817605,-1.723494,-1.274625,-0.619128,0.131141,0.718236
10305.485338,0.069151,-1.846295,-1.691683,-1.425705,-0.844286,-0.104969,0.635414,1.123019
10305.489338,0.057095,-1.758736,-1.444116,-1.003224,-0.362502,0.402949,1.069632,1.468215
10305.493338,0.034910,-1.535737,-1.095423,-0.505454,0.134725,0.861879,1.401965,1.718121
10305.497338,0.006518,-1.209959,-0.671352,0.010646,0.612174,1.237782,1.611531,1.833570
10305.501338,-0.018912,-0.817209,-0.204257,0.492234,1.035982,1.504579,1.691317,1.788121
10305.505339,-0.029835,-0.390631,0.267387,0.896215,1.374410,1.644928,1.645975,1.580659
10305.509339,-0.022034,0.038597,0.705541,1.195402,1.599507,1.653432,1.488443,1.238227
10305.513338,-0.002130,0.443059,1.078150,1.384994,1.693384,1.537100,1.236911,0.806297
10305.517338,0.017582,0.802128,1.359390,1.475956,1.653893,1.312620,0.911195,0.333804
10305.521338,0.026194,1.099478,1.531397,1.477552,1.491579,1.002973,0.531447,-0.135470
10305.525338,0.019131,1.319507,1.585270,1.388173,1.222683,0.634595,0.121175,-0.564823
10305.529339,-0.000256,1.447972,1.517574,1.202602,0.867784,0.235168,-0.290642,-0.927218
10305.533339,-0.022339,1.472806,1.331049,0.926758,0.454078,-0.168090,-0.672728,-1.205656
10305.537339,-0.035721,1.384284,1.040568,0.584547,0.016240,-0.549195,-0.995020,-1.387165
10305.541338,-0.032774,1.180488,0.675873,0.210410,-0.404770,-0.882042,-1.229082,-1.459493
10305.545338,-0.012571,0.877721,0.277596,-0.162080,-0.766654,-1.138678,-1.351700,-1.415660
10305.549338,0.019328,0.512762,-0.112651,-0.505141,-1.034893,-1.292787,-1.354399,-1.259557
10305.553338,0.052310,0.130040,-0.462803,-0.795093,-1.194031,-1.328475,-1.247602,-1.007562
10305.557339,0.073113,-0.233149,-0.753411,-1.008768,-1.251988,-1.246912,-1.052887,-0.687734
10305.561339,0.070996,-0.551068,-0.973154,-1.125627,-1.226778,-1.066580,-0.794092,-0.338177
10305.565339,0.044419,-0.806535,-1.115871,-1.136994,-1.129155,-0.818328,-0.494650,-0.000496
10305.569338,0.003593,-0.987359,-1.179768,-1.053229,-0.963195,-0.535543,-0.178726,0.294109
10305.573338,-0.034123,-1.084490,-1.162297,-0.900614,-0.737710,-0.243791,0.126752,0.535790
10305.577338,-0.053332,-1.092671,-1.058071,-0.708401,-0.468767,0.041206,0.394635,0.730039
10305.581338,-0.048154,-1.012908,-0.866975,-0.495139,-0.174543,0.307082,0.605512,0.878512
10305.585339,-0.023754,-0.854551,-0.602114,-0.266618,0.124494,0.538227,0.751225,0.967679
10305.589339,0.007303,-0.636507,-0.291468,-0.026809,0.400830,0.714905,0.830194,0.977339
10305.593338,0.031231,-0.385893,0.024201,0.210261,0.622532,0.819051,0.843790,0.898298
10305.597360,0.038301,-0.132399,0.300199,0.419210,0.764998,0.843027,0.797399,0.740971
10305.601360,0.025106,0.098582,0.502253,0.573378,0.819929,0.793969,0.699781,0.530852
10305.605360,-0.004662,0.289784,0.617444,0.657896,0.794039,0.689897,0.560611,0.299934
10305.609360,-0.041285,0.432030,0.655668,0.675362,0.702087,0.550944,0.391597,0.078528
10305.613360,-0.072626,0.523015,0.639904,0.638824,0.562174,0.391364,0.208147,-0.112781
10305.617359,-0.087000,0.567287,0.591533,0.559926,0.396409,0.218155,0.027661,-0.264900
10305.621360,-0.075285,0.573703,0.522042,0.445867,0.231209,0.039455,-0.131954,-0.373382
10305.625360,-0.035930,0.546842,0.434125,0.305896,0.090237,-0.127204,-0.255296,-0.434456
10305.629360,0.019860,0.482854,0.326922,0.156514,-0.015699,-0.259174,-0.335805,-0.449508
10305.633360,0.070630,0.378903,0.202175,0.017278,-0.090823,-0.339700,-0.375460,-0.427200
10305.637360,0.096011,0.243326,0.070016,-0.097417,-0.146213,-0.363732,-0.376292,-0.377124
10305.641360,0.089894,0.095403,-0.050811,-0.178832,-0.188740,-0.337012,-0.337529,-0.305034
10305.645360,0.064631,-0.040092,-0.141111,-0.219386,-0.215116,-0.273598,-0.262473,-0.216859
10305.649360,0.038648,-0.140493,-0.189401,-0.214462,-0.215577,-0.194119,-0.164643,-0.124286
10305.653360,0.018904,-0.192410,-0.192746,-0.169663,-0.184002,-0.120428,-0.066627,-0.043972
10305.657360,-0.001232,-0.194546,-0.155545,-0.102300,-0.125079,-0.066909,0.007077,0.009909
10305.661360,-0.029528,-0.155829,-0.089645,-0.032248,-0.055480,-0.037171,0.039374,0.032775
10305.665360,-0.064242,-0.089287,-0.012299,0.028228,0.000901,-0.027973,0.026266,0.027888
10305.669359,-0.093106,-0.009029,0.056943,0.074654,0.023990,-0.033181,-0.023606,-0.000425
10305.673360,-0.099685,0.067307,0.099185,0.102386,0.006507,-0.046345,-0.093787,-0.047462
10305.677360,-0.073978,0.121021,0.100417,0.101155,-0.045445,-0.065537,-0.166845,-0.104420
10305.681360,-0.023011,0.140267,0.056214,0.059001,-0.118345,-0.096020,-0.229512,-0.158949
10305.685360,0.029979,0.124375,-0.024970,-0.027995,-0.199623,-0.143983,-0.273963,-0.198503
10305.689359,0.061662,0.081066,-0.124365,-0.148937,-0.279892,-0.207333,-0.296227,-0.211451
10305.693360,0.064888,0.017257,-0.222225,-0.281074,-0.349058,-0.272637,-0.293639,-0.187385
10305.697360,0.050281,-0.068892,-0.305398,-0.401975,-0.395944,-0.317292,-0.262750,-0.120128
10305.701360,0.033421,-0.182737,-0.369617,-0.497309,-0.411759,-0.317835,-0.198122,-0.012674
10305.705360,0.021741,-0.318686,-0.418817,-0.554985,-0.391875,-0.262841,-0.094725,0.121847
10305.709360,0.013813,-0.455422,-0.458627,-0.558804,-0.333837,-0.156578,0.045940,0.266482
10305.713359,0.006065,-0.565886,-0.486783,-0.494350,-0.234577,-0.011313,0.212777,0.406177
10305.717359,-0.003501,-0.626802,-0.489880,-0.360567,-0.092581,0.158565,0.387568,0.526768
10305.721360,-0.015308,-0.620423,-0.447609,-0.173958,0.086086,0.336580,0.549771,0.614218
10305.725406,-0.027666,-0.538150,-0.341153,0.039541,0.284740,0.504676,0.681793,0.658661
10305.729405,-0.036155,-0.386796,-0.163568,0.255521,0.479670,0.646252,0.771318,0.657231
10305.733405,-0.035730,-0.186578,0.074927,0.454883,0.648541,0.748195,0.808931,0.609758
10305.737405,-0.023620,0.039394,0.349726,0.625502,0.777901,0.801444,0.786488,0.512158
10305.741405,-0.001949,0.274710,0.625802,0.764820,0.861860,0.799355,0.698898,0.358242
10305.745405,0.021088,0.510794,0.862255,0.874495,0.892217,0.734490,0.544678,0.148371
10305.749406,0.036102,0.738095,1.023361,0.948408,0.854302,0.601001,0.325695,-0.105621
10305.753405,0.039146,0.935871,1.091294,0.968581,0.736201,0.401770,0.050950,-0.381557
10305.757405,0.031286,1.072355,1.068399,0.912639,0.540165,0.150627,-0.258598,-0.650404
10305.761405,0.015313,1.117589,0.967192,0.764259,0.283633,-0.133880,-0.572358,-0.881238
10305.765405,-0.003876,1.058493,0.797474,0.521276,-0.009264,-0.435419,-0.859824,-1.048649
10305.769405,-0.020071,0.902003,0.561742,0.198797,-0.315544,-0.737089,-1.096134,-1.137701
10305.773405,-0.029942,0.665162,0.263456,-0.173504,-0.614857,-1.012534,-1.258057,-1.140049
10305.777406,-0.034257,0.365696,-0.081328,-0.556737,-0.888059,-1.225378,-1.322529,-1.050028
10305.781405,-0.035877,0.022528,-0.442148,-0.910222,-1.116430,-1.342271,-1.274171,-0.871025
10305.785405,-0.038168,-0.339852,-0.784019,-1.200009,-1.280269,-1.345441,-1.111683,-0.620297
10305.789405,-0.041840,-0.692914,-1.079591,-1.401730,-1.357458,-1.232102,-0.848449,-0.320928
10305.793405,-0.041705,-1.009282,-1.310746,-1.497157,-1.327228,-1.010686,-0.510702,0.008910
10305.797405,-0.029092,-1.263956,-1.458543,-1.472304,-1.178671,-0.700167,-0.132065,0.357103
10305.801405,-0.000594,-1.433653,-1.497942,-1.321263,-0.916724,-0.324549,0.255586,0.709164
10305.805405,0.036019,-1.499870,-1.409242,-1.051929,-0.562269,0.091723,0.629595,1.040756
10305.809405,0.068537,-1.452288,-1.193841,-0.686811,-0.147096,0.519636,0.975493,1.319500
10305.813405,0.090701,-1.288054,-0.875633,-0.259133,0.293983,0.923442,1.276257,1.510952
10305.817405,0.101099,-1.011100,-0.489080,0.191612,0.727711,1.268138,1.503761,1.583930
10305.821405,0.095678,-0.635820,-0.066890,0.625824,1.120622,1.527457,1.624088,1.518466
10305.825405,0.069540,-0.191316,0.366276,1.011212,1.437930,1.682502,1.611543,1.314113
10305.829405,0.026738,0.281055,0.792043,1.325534,1.648971,1.716227,1.460101,0.991049
10305.833405,-0.017328,0.737769,1.188718,1.553004,1.734615,1.614748,1.186054,0.583525
10305.837405,-0.046076,1.141764,1.522736,1.679976,1.689127,1.374707,0.819674,0.131211
10305.841405,-0.054464,1.463547,1.751478,1.694635,1.515270,1.009711,0.392422,-0.328175
10305.845405,-0.050854,1.680470,1.836908,1.589513,1.219733,0.550626,-0.067796,-0.763720
10305.849405,-0.047270,1.778362,1.759831,1.363606,0.815189,0.039139,-0.533197,-1.151193
10305.853430,-0.050397,1.751370,1.525617,1.023845,0.325479,-0.479581,-0.975235,-1.468167
10305.857430,-0.058416,1.597882,1.160857,0.587201,-0.211425,-0.962574,-1.365394,-1.691555
10305.861430,-0.062343,1.318677,0.705447,0.082824,-0.745356,-1.373001,-1.672820,-1.800786
10305.865430,-0.053720,0.922303,0.203074,-0.447832,-1.223008,-1.680738,-1.864715,-1.780695
10305.869430,-0.032098,0.432666,-0.306524,-0.955823,-1.599548,-1.863475,-1.911770,-1.623169
10305.873430,-0.003437,-0.109558,-0.790027,-1.394376,-1.845669,-1.909549,-1.796120,-1.332051
10305.877430,0.024112,-0.652833,-1.219282,-1.726608,-1.947723,-1.815942,-1.520375,-0.926856
10305.881430,0.041317,-1.142650,-1.568902,-1.925391,-1.903130,-1.584238,-1.110424,-0.438481
10305.885430,0.041459,-1.531070,-1.813852,-1.970971,-1.717896,-1.224164,-0.608138,0.097691
10305.889430,0.025899,-1.788162,-1.929445,-1.855422,-1.407284,-0.760815,-0.060546,0.642816
10305.893430,0.004210,-1.906002,-1.896294,-1.590242,-0.993533,-0.235421,0.487984,1.152040
10305.897430,-0.011154,-1.891301,-1.708853,-1.205435,-0.503316,0.302933,0.997060,1.576390
10305.901430,-0.011148,-1.755373,-1.379025,-0.738018,0.030616,0.809502,1.426393,1.870795
10305.905430,0.003627,-1.508011,-0.932559,-0.220806,0.569268,1.250325,1.736875,2.003388
10305.909430,0.021388,-1.155001,-0.407067,0.318046,1.070471,1.599268,1.901808,1.963748
10305.913429,0.028332,-0.701353,0.148060,0.846448,1.492661,1.832764,1.916771,1.767370
10305.917430,0.020054,-0.163806,0.677970,1.322604,1.800310,1.930943,1.796753,1.448058
10305.921430,0.002784,0.415708,1.136406,1.699876,1.969188,1.884844,1.563336,1.041097
10305.925430,-0.012939,0.971846,1.496662,1.938425,1.988100,1.699806,1.232689,0.574311
10305.929430,-0.017561,1.437099,1.746855,2.015200,1.856917,1.391664,0.815435,0.071206
10305.933430,-0.005434,1.765464,1.877298,1.927286,1.584993,0.982976,0.327260,-0.444747
10305.937430,0.021786,1.938841,1.877872,1.689088,1.192713,0.501663,-0.202570,-0.945948
10305.941429,0.052670,1.958440,1.744408,1.326156,0.711075,-0.020051,-0.731051,-1.393607
10305.945430,0.070732,1.835584,1.482594,0.869785,0.176969,-0.545178,-1.208467,-1.738960
10305.949430,0.065694,1.586115,1.108341,0.355381,-0.368291,-1.031332,-1.589468,-1.937973
10305.953430,0.039957,1.227882,0.647186,-0.178261,-0.876996,-1.435016,-1.841430,-1.966120
10305.957430,0.003781,0.783995,0.131787,-0.690938,-1.302343,-1.719735,-1.945584,-1.825440
10305.961430,-0.033013,0.287206,-0.400191,-1.143527,-1.613658,-1.862344,-1.894288,-1.542764
10305.965430,-0.064443,-0.223406,-0.906549,-1.501516,-1.800819,-1.856468,-1.690080,-1.155538
10305.969429,-0.086942,-0.709441,-1.343106,-1.738181,-1.863453,-1.711465,-1.347730,-0.697289
10305.973430,-0.095645,-1.135162,-1.670295,-1.837116,-1.799730,-1.445745,-0.897123,-0.199620
10305.977430,-0.084181,-1.468462,-1.860693,-1.795023,-1.606229,-1.081471,-0.383325,0.300885
10305.981452,-0.051251,-1.685584,-1.900617,-1.621118,-1.286846,-0.645031,0.138954,0.767077
10305.985451,-0.005377,-1.772884,-1.786392,-1.333231,-0.860505,-0.167650,0.616534,1.167548
10305.989451,0.039584,-1.724514,-1.524170,-0.955385,-0.361099,0.316562,1.011437,1.475964
10305.993451,0.072775,-1.544455,-1.133896,-0.517046,0.166244,0.771827,1.308124,1.670116
10305.997451,0.088867,-1.251093,-0.651730,-0.051640,0.668544,1.162251,1.506470,1.735902
10306.001451,0.084199,-0.874611,-0.128076,0.407065,1.092088,1.456450,1.606816,1.669853
10306.005451,0.057256,-0.448298,0.380987,0.828092,1.394275,1.632618,1.602686,1.476524
10306.009451,0.014850,-0.003156,0.826118,1.182696,1.553869,1.679673,1.487527,1.169092
10306.013451,-0.029013,0.432004,1.172716,1.443555,1.574502,1.595010,1.265355,0.773532
10306.017451,-0.061967,0.828770,1.402542,1.586861,1.480044,1.384756,0.953617,0.327622
10306.021451,-0.077521,1.157476,1.512422,1.596916,1.301941,1.068190,0.578453,-0.127095
10306.025451,-0.073576,1.388464,1.509611,1.472188,1.064609,0.678695,0.167743,-0.553758
10306.029451,-0.052410,1.498157,1.404352,1.229367,0.779746,0.256438,-0.252250,-0.921701
10306.033451,-0.022448,1.475720,1.207407,0.901325,0.452415,-0.161455,-0.653232,-1.204212
10306.037451,0.004196,1.326447,0.934129,0.528375,0.091499,-0.545992,-1.000618,-1.379721
10306.041451,0.019265,1.073122,0.605952,0.147739,-0.283221,-0.874964,-1.256673,-1.435621
10306.045451,0.023241,0.754238,0.247573,-0.211941,-0.639900,-1.128888,-1.391195,-1.371019
10306.049451,0.022836,0.413479,-0.114614,-0.529769,-0.940007,-1.289695,-1.393364,-1.196985
10306.053451,0.024937,0.084723,-0.453419,-0.790714,-1.149611,-1.343299,-1.275666,-0.935159
10306.057451,0.032141,-0.213751,-0.743531,-0.986182,-1.249888,-1.283884,-1.066637,-0.616242
10306.061451,0.042342,-0.474653,-0.965135,-1.113136,-1.238915,-1.118304,-0.798143,-0.276443
10306.065451,0.050591,-0.695387,-1.105381,-1.167859,-1.126399,-0.867297,-0.497063,0.049890
10306.069451,0.051379,-0.871205,-1.155115,-1.140885,-0.929009,-0.561483,-0.185824,0.336509
10306.073451,0.042243,-0.990026,-1.107748,-1.023281,-0.669479,-0.236455,0.115024,0.567917
10306.077451,0.024136,-1.036096,-0.967128,-0.819318,-0.375951,0.072841,0.387670,0.739340
10306.081451,-0.001837,-0.999349,-0.753102,-0.550542,-0.078226,0.340341,0.617992,0.850385
10306.085451,-0.032838,-0.880266,-0.494328,-0.248875,0.195763,0.552402,0.795144,0.897329
10306.089451,-0.061694,-0.689590,-0.218649,0.051523,0.423276,0.703917,0.910769,0.876306
10306.093451,-0.080405,-0.448836,0.048276,0.319530,0.592490,0.793570,0.955458,0.792852
10306.097451,-0.083466,-0.188791,0.280537,0.531105,0.702468,0.821664,0.917525,0.662060
10306.101451,-0.068153,0.058310,0.454793,0.671449,0.754605,0.789668,0.793626,0.499504
10306.105451,-0.035468,0.267770,0.558008,0.736258,0.747316,0.699422,0.600316,0.316164
10306.109272,0.008352,0.427341,0.592567,0.731476,0.678923,0.555050,0.368550,0.120376
10306.113271,0.051582,0.534975,0.575763,0.668267,0.554410,0.370059,0.130326,-0.077793
10306.117271,0.080717,0.590630,0.531962,0.558478,0.390059,0.169520,-0.085133,-0.260868
10306.121272,0.087317,0.591971,0.477675,0.416369,0.210983,-0.017165,-0.251000,-0.403089
10306.125272,0.070875,0.539411,0.412578,0.261175,0.044081,-0.163300,-0.350426,-0.481600
10306.129272,0.036421,0.442417,0.327259,0.114309,-0.089338,-0.250480,-0.385865,-0.490211
10306.133271,-0.006374,0.318119,0.217751,-0.007787,-0.179169,-0.277331,-0.375943,-0.439727
10306.137271,-0.043691,0.186257,0.092763,-0.098723,-0.226154,-0.262414,-0.342479,-0.349039
10306.141271,-0.064262,0.066418,-0.028849,-0.160083,-0.236215,-0.231842,-0.300724,-0.240871
10306.145271,-0.065198,-0.025511,-0.125725,-0.196032,-0.216521,-0.202976,-0.256399,-0.138624
10306.149272,-0.047987,-0.082335,-0.181503,-0.209805,-0.176320,-0.178656,-0.207569,-0.057784
10306.153272,-0.015820,-0.106025,-0.191259,-0.202256,-0.127433,-0.150283,-0.150712,-0.001090
10306.157272,0.020790,-0.102423,-0.163989,-0.172669,-0.080628,-0.106956,-0.086809,0.035582
10306.161271,0.045817,-0.076159,-0.116096,-0.121659,-0.042014,-0.048303,-0.023867,0.054103
10306.165271,0.049438,-0.030325,-0.062017,-0.055398,-0.014015,0.009363,0.023842,0.050513
10306.169271,0.033197,0.029456,-0.010091,0.011713,0.000823,0.039377,0.040316,0.018076
10306.173271,0.006534,0.089875,0.035640,0.060837,-0.002712,0.019943,0.016221,-0.045675
10306.177272,-0.018082,0.130432,0.069017,0.077006,-0.031160,-0.051899,-0.042449,-0.131859
10306.181272,-0.031605,0.133211,0.079182,0.054562,-0.087539,-0.159479,-0.114112,-0.219233
10306.185272,-0.034096,0.093147,0.057083,-0.003380,-0.167800,-0.275358,-0.174553,-0.281202
10306.189271,-0.031868,0.018539,-0.000100,-0.089074,-0.260018,-0.368556,-0.212033,-0.296491
10306.193271,-0.029088,-0.076194,-0.090184,-0.193425,-0.344453,-0.412742,-0.228901,-0.257488
10306.197271,-0.025179,-0.179063,-0.204417,-0.305321,-0.398622,-0.396910,-0.230308,-0.170451
10306.201271,-0.018342,-0.284219,-0.326693,-0.409359,-0.407571,-0.327504,-0.213356,-0.049242
10306.205272,-0.007181,-0.387478,-0.438328,-0.486111,-0.368838,-0.219297,-0.165207,0.091214
10306.209272,0.010291,-0.481003,-0.521715,-0.514625,-0.287355,-0.085850,-0.070907,0.240293
10306.213272,0.033613,-0.553239,-0.560342,-0.478611,-0.169411,0.063106,0.074568,0.392022
10306.217271,0.055233,-0.590506,-0.540279,-0.375593,-0.023111,0.220101,0.261204,0.538595
10306.221271,0.064575,-0.578948,-0.454797,-0.217753,0.139691,0.377862,0.467874,0.665797
10306.225271,0.057532,-0.507892,-0.307579,-0.021472,0.305542,0.527414,0.665660,0.754763
10306.229271,0.038691,-0.373082,-0.111782,0.199454,0.463587,0.658573,0.819286,0.786933
10306.233272,0.014764,-0.179500,0.113148,0.429668,0.607897,0.761389,0.893717,0.749195
10306.237294,-0.010445,0.057024,0.346835,0.646999,0.733783,0.823798,0.865212,0.634642
10306.241293,-0.032916,0.312667,0.572999,0.824039,0.828540,0.829593,0.730050,0.441735
10306.245293,-0.044767,0.562105,0.777186,0.935962,0.868872,0.762912,0.507074,0.179889
10306.249292,-0.038966,0.782636,0.940207,0.969180,0.833699,0.616249,0.231644,-0.124613
10306.253293,-0.017834,0.954949,1.038297,0.923313,0.718319,0.395352,-0.059071,-0.434165
10306.257293,0.004476,1.064098,1.051619,0.804906,0.532761,0.118169,-0.340385,-0.714525
10306.261293,0.011318,1.099576,0.972247,0.620790,0.291453,-0.189463,-0.602316,-0.944687
10306.265293,-0.000396,1.053162,0.804599,0.378577,0.008658,-0.498120,-0.838793,-1.113202
10306.269293,-0.016329,0.919104,0.560953,0.091080,-0.301151,-0.780131,-1.036395,-1.210089
10306.273292,-0.020093,0.699017,0.259387,-0.221832,-0.621357,-1.014608,-1.174686,-1.225905
10306.277292,-0.007872,0.405313,-0.076588,-0.535144,-0.928687,-1.186659,-1.233790,-1.153701
10306.281293,0.012189,0.058266,-0.422237,-0.823870,-1.190232,-1.282856,-1.198999,-0.988966
10306.285293,0.027516,-0.318055,-0.755819,-1.067903,-1.367000,-1.290173,-1.062443,-0.731629
10306.289293,0.028370,-0.695864,-1.055740,-1.251633,-1.424398,-1.198614,-0.825634,-0.392044
10306.293293,0.013917,-1.042964,-1.296443,-1.359491,-1.346004,-1.005709,-0.501848,0.004388
10306.297293,-0.007478,-1.324833,-1.452273,-1.372921,-1.140731,-0.720554,-0.116382,0.421304
10306.301292,-0.024836,-1.508192,-1.503185,-1.273717,-0.837378,-0.362106,0.295253,0.820484
10306.305292,-0.031241,-1.565778,-1.435258,-1.053647,-0.473183,0.046623,0.691951,1.166736
10306.309293,-0.025886,-1.485632,-1.242447,-0.722944,-0.082654,0.479418,1.035055,1.431184
10306.313293,-0.013059,-1.279783,-0.930868,-0.310780,0.310664,0.900984,1.296817,1.594366
10306.317293,0.000655,-0.977856,-0.520617,0.141843,0.693019,1.266269,1.464083,1.643219
10306.321292,0.009051,-0.608714,-0.045930,0.591629,1.050270,1.532826,1.534142,1.567385
10306.325292,0.006959,-0.192690,0.448164,0.999514,1.359979,1.674026,1.506800,1.363285
10306.329292,-0.007851,0.250172,0.914072,1.333759,1.593131,1.680651,1.380765,1.041641
10306.333293,-0.030621,0.692506,1.309842,1.571671,1.720134,1.556529,1.155203,0.629444
10306.337293,-0.049296,1.100673,1.604282,1.698762,1.715478,1.314740,0.832386,0.163465
10306.341293,-0.051332,1.438716,1.777051,1.705085,1.563854,0.973007,0.422727,-0.319643
10306.345293,-0.030998,1.673769,1.815665,1.583259,1.266955,0.551876,-0.048747,-0.788553
10306.349292,0.008407,1.783459,1.714955,1.333215,0.846812,0.077657,-0.543593,-1.215261
10306.353292,0.054368,1.759281,1.478703,0.969205,0.343712,-0.415906,-1.018514,-1.571074
10306.357292,0.088971,1.603936,1.121662,0.519332,-0.192673,-0.888496,-1.430380,-1.825091
10306.361293,0.098650,1.327650,0.671557,0.019610,-0.714243,-1.296721,-1.738619,-1.946609
10306.365317,0.081372,0.945796,0.168329,-0.490354,-1.180034,-1.603264,-1.910578,-1.912309
10306.369317,0.047466,0.479199,-0.342334,-0.970611,-1.556850,-1.785250,-1.925103,-1.714875
10306.373317,0.015142,-0.040881,-0.819014,-1.383477,-1.818704,-1.834405,-1.775285,-1.367780
10306.377317,-0.000767,-0.569874,-1.230123,-1.695187,-1.944998,-1.753213,-1.473773,-0.903175
10306.381317,-0.000390,-1.058954,-1.552020,-1.879641,-1.920201,-1.550820,-1.052953,-0.363305
10306.385317,0.001486,-1.468045,-1.766706,-1.921795,-1.739533,-1.238853,-0.557579,0.206859
10306.389317,-0.010318,-1.768223,-1.863350,-1.817810,-1.416047,-0.830841,-0.033443,0.760490
10306.393318,-0.036844,-1.937471,-1.837835,-1.575580,-0.981230,-0.346648,0.483125,1.249692
10306.397317,-0.064318,-1.959759,-1.688729,-1.213156,-0.478688,0.182470,0.965524,1.631881
10306.401317,-0.075821,-1.827932,-1.417152,-0.754714,0.046387,0.713969,1.388524,1.879273
10306.405317,-0.064652,-1.547706,-1.031626,-0.231735,0.557415,1.200242,1.722871,1.983354
10306.409317,-0.038570,-1.140726,-0.552607,0.315651,1.028118,1.595397,1.938333,1.947960
10306.413317,-0.012327,-0.645146,-0.014244,0.844395,1.434227,1.860983,2.011808,1.780271
10306.417317,0.002150,-0.110624,0.538885,1.313517,1.745484,1.971905,1.931245,1.489810
10306.421318,0.001014,0.413897,1.059349,1.684999,1.928718,1.919709,1.694172,1.090288
10306.425317,-0.010229,0.892057,1.501626,1.926216,1.960039,1.713908,1.310520,0.601754
10306.429317,-0.017787,1.301457,1.825238,2.013830,1.834274,1.381364,0.810799,0.055660
10306.433317,-0.006076,1.625526,2.002263,1.936957,1.564586,0.958909,0.246580,-0.503148
10306.437317,0.027994,1.845286,2.021453,1.701060,1.176051,0.481622,-0.323715,-1.024146
10306.441317,0.066341,1.937912,1.883732,1.330892,0.700592,-0.023349,-0.851444,-1.462225
10306.445317,0.081816,1.883460,1.598638,0.866569,0.175266,-0.531793,-1.302208,-1.781467
10306.449318,0.061716,1.675207,1.187061,0.353249,-0.358464,-1.012366,-1.651186,-1.954517
10306.453317,0.018604,1.325462,0.683464,-0.168416,-0.857229,-1.423665,-1.878892,-1.966487
10306.457317,-0.021400,0.864590,0.130687,-0.665926,-1.282403,-1.722358,-1.967635,-1.819867
10306.461317,-0.039557,0.336046,-0.426626,-1.111516,-1.606336,-1.876522,-1.901525,-1.533740
10306.465317,-0.035738,-0.210220,-0.941841,-1.476020,-1.809962,-1.874927,-1.677055,-1.139701
10306.469317,-0.023301,-0.723138,-1.367869,-1.728698,-1.876897,-1.725556,-1.315179,-0.676261
10306.473317,-0.014194,-1.155743,-1.668256,-1.845212,-1.796156,-1.447104,-0.858833,-0.181563
10306.477318,-0.007945,-1.474158,-1.825884,-1.815733,-1.571393,-1.063682,-0.357708,0.310294
10306.481317,0.004267,-1.665674,-1.841048,-1.646849,-1.225066,-0.605886,0.145031,0.768290
10306.485317,0.024894,-1.735360,-1.725430,-1.359190,-0.792892,-0.112135,0.615508,1.164523
10306.489317,0.043123,-1.693312,-1.495549,-0.981512,-0.313664,0.374790,1.026115,1.474867
10306.493338,0.045219,-1.546183,-1.168116,-0.541974,0.177014,0.814519,1.353884,1.678271
10306.497338,0.028788,-1.296438,-0.761122,-0.066078,0.645209,1.175876,1.580491,1.756972
10306.501338,0.003385,-0.947347,-0.298063,0.415776,1.054976,1.439059,1.691825,1.698388
10306.505338,-0.019858,-0.515216,0.188837,0.863754,1.370340,1.591373,1.676377,1.498386
10306.509339,-0.035055,-0.038404,0.658912,1.234932,1.563117,1.623642,1.526748,1.167690
10306.513338,-0.040989,0.430633,1.068526,1.494240,1.620862,1.532799,1.249715,0.739396
10306.517338,-0.039560,0.843469,1.378679,1.621205,1.548700,1.326712,0.875168,0.266628
10306.521338,-0.036354,1.166653,1.561566,1.610684,1.364474,1.024053,0.449618,-0.193653
10306.525338,-0.037796,1.380856,1.606335,1.471164,1.092853,0.650185,0.019487,-0.597729
10306.529338,-0.043838,1.477185,1.519456,1.222790,0.761022,0.237249,-0.379893,-0.921446
10306.533338,-0.046786,1.457099,1.318080,0.894305,0.394751,-0.175079,-0.723975,-1.157032
10306.537338,-0.037428,1.333292,1.024618,0.518456,0.016243,-0.546844,-0.994929,-1.305311
10306.541338,-0.009760,1.126660,0.665863,0.127777,-0.353499,-0.847527,-1.180874,-1.366318
10306.545338,0.034096,0.859051,0.273579,-0.248431,-0.690425,-1.060334,-1.276097,-1.334739
10306.549338,0.079567,0.548116,-0.115798,-0.586162,-0.968110,-1.180578,-1.279536,-1.204379
10306.553338,0.105665,0.209061,-0.465129,-0.866692,-1.163443,-1.210144,-1.193844,-0.978130
10306.557339,0.098698,-0.140761,-0.745040,-1.074180,-1.260204,-1.154283,-1.027221,-0.676549
10306.561338,0.061357,-0.478796,-0.941636,-1.193082,-1.249307,-1.024363,-0.795548,-0.335027
10306.565338,0.011850,-0.775184,-1.055260,-1.209980,-1.132479,-0.838914,-0.518867,0.008810
10306.569338,-0.026517,-0.996064,-1.091328,-1.121317,-0.927641,-0.617022,-0.214666,0.323136
10306.573338,-0.040648,-1.116101,-1.055192,-0.941010,-0.664998,-0.370263,0.101096,0.585150
10306.577338,-0.035667,-1.128636,-0.953549,-0.698940,-0.375670,-0.103631,0.405245,0.784274
10306.581338,-0.026982,-1.044202,-0.793885,-0.428786,-0.084965,0.173788,0.663920,0.918041
10306.585339,-0.025422,-0.883838,-0.583213,-0.156801,0.187655,0.440191,0.842094,0.981733
10306.589338,-0.029194,-0.672296,-0.332422,0.098483,0.426716,0.663250,0.919338,0.966081
10306.593338,-0.026001,-0.432293,-0.063033,0.321541,0.618440,0.811733,0.898462,0.866381
10306.597338,-0.004137,-0.183788,0.192583,0.499562,0.749234,0.870157,0.801639,0.692114
10306.601338,0.034826,0.052653,0.401455,0.624611,0.807426,0.844660,0.659479,0.469240
10306.605338,0.073971,0.256143,0.543054,0.691901,0.787684,0.754276,0.498943,0.232966
10306.609338,0.090509,0.411295,0.615610,0.696873,0.695022,0.617827,0.334610,0.013749
10306.613339,0.069111,0.511021,0.632381,0.638877,0.545580,0.448348,0.169675,-0.171561
10306.617338,0.012790,0.554276,0.609330,0.528156,0.363696,0.257133,0.005955,-0.316933
10306.621384,-0.056178,0.546423,0.554562,0.385299,0.177560,0.060858,-0.147721,-0.419626
10306.625384,-0.109112,0.501042,0.468593,0.233674,0.013338,-0.117619,-0.275976,-0.474547
10306.629384,-0.127316,0.435571,0.351681,0.093053,-0.111214,-0.256099,-0.364054,-0.474431
10306.633384,-0.109040,0.362602,0.210669,-0.022884,-0.188618,-0.339923,-0.404129,-0.419127
10306.637385,-0.066901,0.284936,0.061886,-0.105909,-0.220857,-0.364524,-0.395921,-0.325563
10306.641385,-0.019805,0.198583,-0.070711,-0.152408,-0.218764,-0.336561,-0.345211,-0.222662
10306.645384,0.018240,0.101660,-0.163636,-0.165114,-0.197163,-0.272870,-0.263601,-0.134257
10306.649384,0.044600,0.003210,-0.205144,-0.152473,-0.166950,-0.192890,-0.168032,-0.069295
10306.653384,0.063043,-0.076534,-0.198791,-0.123357,-0.132745,-0.111799,-0.079152,-0.025360
10306.657384,0.073484,-0.118372,-0.155634,-0.084245,-0.096942,-0.043435,-0.016426,0.001705
10306.661384,0.070517,-0.116886,-0.086905,-0.041195,-0.062573,-0.003303,0.010341,0.010912
10306.665385,0.051445,-0.079334,-0.006014,-0.002982,-0.031994,-0.000831,0.004491,-0.000063
10306.669385,0.020622,-0.017382,0.067558,0.019469,-0.006266,-0.031147,-0.023929,-0.026996
10306.673384,-0.012149,0.054657,0.112515,0.019735,0.011786,-0.079256,-0.065527,-0.060045
10306.677384,-0.033996,0.115690,0.116035,-0.000861,0.014519,-0.131082,-0.112504,-0.090836
10306.681384,-0.034845,0.138258,0.078841,-0.039653,-0.008997,-0.179632,-0.156591,-0.116395
10306.685384,-0.015477,0.101959,0.009752,-0.096891,-0.066377,-0.223745,-0.190091,-0.136803
10306.689385,0.012210,0.010019,-0.082243,-0.171155,-0.155591,-0.262527,-0.209355,-0.149366
10306.693385,0.034954,-0.112665,-0.189477,-0.255892,-0.263606,-0.290033,-0.213366,-0.145776
10306.697384,0.046597,-0.238524,-0.301499,-0.340941,-0.367807,-0.296093,-0.198798,-0.115240
10306.701384,0.047182,-0.350918,-0.402360,-0.413891,-0.441213,-0.272110,-0.160386,-0.049418
10306.705384,0.037904,-0.443350,-0.475229,-0.461504,-0.463069,-0.213550,-0.094833,0.053379
10306.709384,0.017922,-0.513189,-0.511135,-0.471575,-0.424764,-0.118438,-0.001630,0.184538
10306.713384,-0.015043,-0.557883,-0.510348,-0.432997,-0.326490,0.012169,0.119318,0.327262
10306.717385,-0.058888,-0.572804,-0.473387,-0.336401,-0.174595,0.170985,0.269387,0.464296
10306.721384,-0.100707,-0.548252,-0.394591,-0.180234,0.017857,0.342590,0.445385,0.581259
10306.725384,-0.120129,-0.470161,-0.266465,0.022210,0.233482,0.506570,0.628129,0.664575
10306.729384,-0.103375,-0.328644,-0.087412,0.245953,0.454039,0.645580,0.781012,0.700644
10306.733384,-0.053792,-0.127902,0.132629,0.464575,0.659345,0.750479,0.863483,0.677659
10306.737384,0.010882,0.110457,0.370443,0.656968,0.825244,0.813839,0.847285,0.588360
10306.741385,0.067222,0.353851,0.596813,0.808373,0.928676,0.821417,0.725410,0.431178
10306.745385,0.094174,0.573388,0.787770,0.907579,0.956247,0.756964,0.512277,0.210318
10306.749406,0.083010,0.754626,0.927659,0.946346,0.905157,0.613477,0.236796,-0.061665
10306.753405,0.045738,0.895656,1.004727,0.920787,0.777364,0.397729,-0.067539,-0.361223
10306.757405,0.009141,0.998195,1.008417,0.827340,0.575763,0.127880,-0.369492,-0.656307
10306.761405,-0.006610,1.057442,0.932122,0.659906,0.306581,-0.171873,-0.643229,-0.913173
10306.765405,-0.003179,1.055191,0.776993,0.416173,-0.014242,-0.476887,-0.870254,-1.103033
10306.769405,0.003576,0.964514,0.551280,0.105641,-0.358832,-0.765474,-1.039298,-1.206424
10306.773406,0.002107,0.766989,0.267075,-0.246215,-0.693383,-1.018034,-1.143652,-1.214341
10306.777405,-0.005905,0.467742,-0.060707,-0.600118,-0.985690,-1.213615,-1.177471,-1.126096
10306.781405,-0.010423,0.094897,-0.412591,-0.914746,-1.207929,-1.328528,-1.134955,-0.947554
10306.785405,-0.004312,-0.310754,-0.762400,-1.158712,-1.337714,-1.339781,-1.013800,-0.691013
10306.789405,0.010192,-0.705691,-1.077774,-1.313347,-1.362682,-1.234147,-0.816073,-0.372444
10306.793405,0.025478,-1.052096,-1.324158,-1.370914,-1.284484,-1.015386,-0.544553,-0.007435
10306.797405,0.032963,-1.322685,-1.469828,-1.332156,-1.113610,-0.700687,-0.203586,0.385927
10306.801405,0.025017,-1.499117,-1.492041,-1.201690,-0.859599,-0.313665,0.193090,0.778996
10306.805405,0.002332,-1.567947,-1.384745,-0.984423,-0.528953,0.116889,0.615427,1.132115
10306.809405,-0.023852,-1.519517,-1.160347,-0.687107,-0.132069,0.555962,1.017165,1.405315
10306.813405,-0.042657,-1.350738,-0.841026,-0.320576,0.308096,0.963335,1.346187,1.568827
10306.817405,-0.050760,-1.067685,-0.450892,0.099727,0.753286,1.299026,1.560241,1.606283
10306.821405,-0.048228,-0.685033,-0.017588,0.549855,1.157500,1.532634,1.636415,1.515768
10306.825405,-0.035227,-0.227313,0.425873,0.992080,1.478581,1.649438,1.573532,1.309427
10306.829405,-0.014430,0.267308,0.845728,1.377156,1.684113,1.648065,1.390366,1.006674
10306.833405,0.007386,0.751310,1.212207,1.655127,1.753098,1.533458,1.115394,0.626809
10306.837405,0.022456,1.178967,1.500244,1.788454,1.678002,1.311018,0.771077,0.190293
10306.841405,0.027059,1.511692,1.687479,1.762512,1.464500,0.985121,0.368071,-0.276081
10306.845405,0.023619,1.720908,1.753607,1.587083,1.129482,0.565573,-0.082888,-0.739311
10306.849405,0.017968,1.794436,1.685852,1.287858,0.701887,0.077590,-0.555868,-1.163722
10306.853405,0.014346,1.737192,1.485504,0.897677,0.221011,-0.437649,-1.009241,-1.514092
10306.857405,0.162642,1.562933,1.165865,0.449921,-0.273145,-0.932258,-1.398840,-1.759600
10306.861405,1.181182,1.285114,0.747018,-0.027550,-0.747622,-1.359078,-1.688974,-1.876742
10306.865405,4.340167,0.913956,0.257806,-0.510767,-1.174791,-1.674850,-1.851978,-1.849736
10306.869405,10.145465,0.461847,-0.261667,-0.971969,-1.528312,-1.847015,-1.866978,-1.672108
10306.873405,16.636303,-0.047927,-0.766202,-1.377496,-1.781837,-1.864035,-1.727587,-1.350443
10306.877430,19.287367,-0.577160,-1.214915,-1.692493,-1.909116,-1.738075,-1.447798,-0.908181
10306.881430,13.172833,-1.077305,-1.576491,-1.886330,-1.887599,-1.496268,-1.056395,-0.386740
10306.885430,-3.836155,-1.498752,-1.828587,-1.936761,-1.706074,-1.167675,-0.587788,0.161181
10306.889430,-28.825985,-1.799229,-1.952497,-1.833590,-1.372698,-0.773583,-0.076612,0.685526
10306.893430,-53.986748,-1.950483,-1.929763,-1.581950,-0.920650,-0.325527,0.443948,1.148865
10306.897430,-69.273491,-1.941689,-1.748130,-1.204272,-0.403768,0.166912,0.939492,1.524938
10306.901430,-66.345901,-1.778454,-1.413025,-0.737059,0.121852,0.681167,1.371587,1.792489
10306.905430,-42.158566,-1.480785,-0.952982,-0.219965,0.615146,1.172941,1.702599,1.934078
10306.909430,-1.212482,-1.078963,-0.414233,0.313420,1.051528,1.584678,1.905743,1.938811
10306.913430,44.746304,-0.604827,0.149812,0.832968,1.414429,1.864342,1.968158,1.803765
10306.917430,80.857452,-0.087647,0.686204,1.304870,1.688275,1.981652,1.884980,1.534265
10306.921430,95.640747,0.439791,1.148945,1.690689,1.855541,1.934065,1.656199,1.143614
10306.925430,85.923203,0.937184,1.508804,1.952325,1.898116,1.739424,1.291516,0.653188
10306.929430,57.478451,1.361925,1.755398,2.057984,1.802563,1.420850,0.816666,0.096325
10306.933429,21.589478,1.677314,1.885396,1.987601,1.565371,0.997961,0.273779,-0.478870
10306.937430,-10.198917,1.859900,1.891664,1.741336,1.195814,0.493746,-0.285391,-1.016200
10306.941430,-30.452394,1.902411,1.762942,1.347816,0.717852,-0.052700,-0.810285,-1.463478
10306.945430,-37.620541,1.809608,1.492407,0.859741,0.171999,-0.587836,-1.261737,-1.781247
10306.949430,-35.025497,1.590894,1.091580,0.336007,-0.386481,-1.061305,-1.613969,-1.946458
10306.953430,-28.152658,1.254904,0.598093,-0.175957,-0.896828,-1.438768,-1.847827,-1.952907
10306.957430,-21.814655,0.813466,0.066259,-0.647699,-1.307421,-1.699786,-1.945427,-1.809995
10306.961429,-18.419605,0.295353,-0.452694,-1.065888,-1.589995,-1.832435,-1.891867,-1.539436
10306.965430,-17.772713,-0.247357,-0.921295,-1.420705,-1.743535,-1.832290,-1.681858,-1.168185
10306.969430,-18.063654,-0.752807,-1.310594,-1.695244,-1.781431,-1.701572,-1.329059,-0.721491
10306.973430,-17.276791,-1.171278,-1.593113,-1.863038,-1.712984,-1.447963,-0.872217,-0.223648
10306.977430,-14.285761,-1.476688,-1.745873,-1.894619,-1.536518,-1.086114,-0.366924,0.294416
10306.981430,-9.229731,-1.663241,-1.757994,-1.769941,-1.248221,-0.640517,0.134483,0.789412
10306.985430,-3.196259,-1.734025,-1.633522,-1.489739,-0.856792,-0.146612,0.594961,1.211100
10306.989429,2.453570,-1.690445,-1.390597,-1.078140,-0.391024,0.351906,0.991067,1.518821
10306.993430,6.711667,-1.531150,-1.059054,-0.576945,0.104773,0.810120,1.308960,1.692143
10306.997430,9.237845,-1.260301,-0.672867,-0.038533,0.582918,1.190125,1.539694,1.726429
10307.001430,10.310984,-0.894921,-0.260912,0.482276,1.002436,1.465795,1.671416,1.627904
10307.005476,10.528605,-0.464869,0.154963,0.937161,1.332418,1.621596,1.687531,1.414502
10307.009476,10.451869,-0.007498,0.555317,1.288769,1.551860,1.648169,1.575492,1.111897
10307.013475,10.375053,0.438893,0.919382,1.513445,1.647852,1.542917,1.335031,0.746252
10307.017475,10.288218,0.839261,1.224465,1.604329,1.614104,1.317239,0.980534,0.343215
10307.021476,9.989127,1.162532,1.445279,1.568961,1.453524,1.000756,0.542740,-0.070294
10307.025476,9.254675,1.382810,1.553736,1.422806,1.180750,0.633831,0.066591,-0.467354
10307.029476,7.984326,1.484095,1.525856,1.186502,0.820247,0.252124,-0.396607,-0.822279
10307.033476,6.254272,1.464185,1.356071,0.885654,0.403432,-0.122530,-0.797383,-1.110054
10307.037475,4.273748,1.333471,1.067237,0.546082,-0.033026,-0.477834,-1.097424,-1.307706
10307.041475,2.289015,1.110777,0.705308,0.188869,-0.447964,-0.800166,-1.278492,-1.398425
10307.045476,0.494719,0.820374,0.320722,-0.167314,-0.798415,-1.067459,-1.342761,-1.375817
10307.049476,-1.011649,0.490074,-0.048260,-0.502283,-1.049142,-1.252945,-1.305217,-1.245921
10307.053476,-2.226213,0.146996,-0.379670,-0.793686,-1.184069,-1.335635,-1.185991,-1.024215
10307.057476,-3.199363,-0.186079,-0.662806,-1.017932,-1.209584,-1.306198,-1.004488,-0.731447
10307.061476,-3.985225,-0.488946,-0.889502,-1.153504,-1.147511,-1.168082,-0.775027,-0.394531
10307.065475,-4.607333,-0.742477,-1.047827,-1.186909,-1.021970,-0.937435,-0.507411,-0.046710
10307.069475,-5.052563,-0.931454,-1.124798,-1.119676,-0.848543,-0.639186,-0.212007,0.278520
10307.073476,-5.284991,-1.046455,-1.112994,-0.970869,-0.634455,-0.302899,0.095971,0.553204
10307.077476,-5.268713,-1.082037,-1.012303,-0.768829,-0.387558,0.037732,0.393919,0.757503
10307.081476,-4.991801,-1.034180,-0.830679,-0.536686,-0.122345,0.348528,0.651145,0.882633
10307.085476,-4.481115,-0.901909,-0.587824,-0.285233,0.140332,0.602421,0.835784,0.932217
10307.089476,-3.800097,-0.694721,-0.314793,-0.020276,0.376723,0.782454,0.927590,0.917871
10307.093475,-3.028686,-0.437046,-0.046634,0.244997,0.566727,0.880092,0.924390,0.849753
10307.097475,-2.235494,-0.163149,0.186356,0.484832,0.699001,0.893274,0.839616,0.729454
10307.101476,-1.460213,0.091822,0.365519,0.665653,0.768859,0.825946,0.696983,0.555039
10307.105476,-0.714966,0.300314,0.487509,0.759474,0.772185,0.691818,0.522715,0.335029
10307.109476,-0.001539,0.448916,0.560722,0.758805,0.705853,0.516525,0.337761,0.095919
10307.113476,0.667930,0.538022,0.594235,0.680809,0.577427,0.328887,0.156490,-0.123938
10307.117476,1.264964,0.574973,0.589793,0.556958,0.410375,0.149696,-0.009988,-0.289058
10307.121475,1.756474,0.566969,0.544902,0.417381,0.235405,-0.009276,-0.151799,-0.382013
10307.125476,2.119127,0.518328,0.460307,0.281177,0.077238,-0.140180,-0.260415,-0.409936
10307.129476,2.345715,0.433043,0.344714,0.155081,-0.050969,-0.236675,-0.329425,-0.397290
10307.133272,2.443967,0.319509,0.215266,0.037313,-0.145240,-0.294473,-0.356698,-0.369921
10307.137272,2.430920,0.193543,0.091748,-0.074597,-0.206698,-0.312836,-0.347217,-0.339640
10307.141271,2.327626,0.076096,-0.010556,-0.174982,-0.237800,-0.296218,-0.311030,-0.300337
10307.145271,2.155728,-0.015133,-0.082504,-0.247701,-0.240811,-0.253568,-0.257657,-0.239818
10307.149271,1.932114,-0.072418,-0.121316,-0.273862,-0.220064,-0.195338,-0.195400,-0.155745
10307.153271,1.663905,-0.098208,-0.131129,-0.244260,-0.182715,-0.132767,-0.133599,-0.063527
10307.157271,1.351268,-0.102062,-0.118765,-0.167485,-0.135719,-0.079090,-0.081403,0.008451
10307.161272,0.997756,-0.092870,-0.089186,-0.067967,-0.083346,-0.045908,-0.045460,0.035161
10307.165272,0.618781,-0.070137,-0.048079,0.024590,-0.028410,-0.036295,-0.030166,0.010573
10307.169271,0.240241,-0.026731,-0.005373,0.085890,0.021999,-0.044038,-0.038739,-0.049826
10307.173271,-0.111603,0.037928,0.027187,0.101846,0.051675,-0.059378,-0.071088,-0.118541
10307.177271,-0.420508,0.107673,0.040222,0.070902,0.041248,-0.075066,-0.120320,-0.169915
10307.181271,-0.682014,0.153088,0.029583,0.003902,-0.017681,-0.091259,-0.174667,-0.190431
10307.185271,-0.894832,0.147169,-0.003798,-0.083031,-0.115705,-0.116759,-0.222607,-0.179866
10307.189272,-1.052354,0.080015,-0.058211,-0.175824,-0.230462,-0.161443,-0.254484,-0.146160
10307.193272,-1.146452,-0.036556,-0.133257,-0.263612,-0.335740,-0.224726,-0.262514,-0.098428
10307.197271,-1.177401,-0.175315,-0.226995,-0.338896,-0.410509,-0.290702,-0.241647,-0.039560
10307.201271,-1.154097,-0.306973,-0.331882,-0.397328,-0.443789,-0.331797,-0.187391,0.034724
10307.205271,-1.087174,-0.411478,-0.431566,-0.435342,-0.432730,-0.317574,-0.092817,0.128544
10307.209271,-0.987952,-0.481408,-0.504294,-0.448284,-0.378004,-0.227403,0.046791,0.240219
10307.213272,-0.869499,-0.518914,-0.532813,-0.427834,-0.280378,-0.063497,0.224077,0.362252
10307.217272,-0.741461,-0.529538,-0.508123,-0.360295,-0.139633,0.145710,0.415866,0.482422
10307.221272,-0.604946,-0.515305,-0.426865,-0.232123,0.041702,0.359410,0.591228,0.584418
10307.225271,-0.454563,-0.469746,-0.292066,-0.040881,0.252872,0.544707,0.723761,0.650970
10307.229271,-0.285425,-0.378107,-0.112531,0.196772,0.475280,0.684660,0.796609,0.669653
10307.233271,-0.100658,-0.224506,0.101664,0.446940,0.685637,0.772852,0.802778,0.633929
10307.237271,0.085598,-0.005071,0.337710,0.671054,0.856380,0.806362,0.745360,0.538592
10307.241272,0.252691,0.262022,0.574729,0.839934,0.959012,0.783403,0.633027,0.379848
10307.245272,0.382676,0.541513,0.785269,0.938536,0.974035,0.703484,0.472960,0.160778
10307.249272,0.469459,0.794861,0.943140,0.962983,0.898853,0.567028,0.268332,-0.104982
10307.253271,0.521997,0.988721,1.030745,0.916893,0.744432,0.375207,0.020963,-0.392352
10307.257271,0.556482,1.099899,1.040411,0.806683,0.525100,0.132048,-0.262612,-0.667303
10307.261293,0.581749,1.119858,0.969619,0.636444,0.253964,-0.151170,-0.564561,-0.894264
10307.265293,0.591988,1.051271,0.817104,0.407704,-0.053123,-0.453797,-0.854372,-1.046344
10307.269292,0.574917,0.898895,0.584029,0.124718,-0.373517,-0.749636,-1.094682,-1.113903
10307.273292,0.524823,0.668049,0.277903,-0.199101,-0.681621,-1.010006,-1.251250,-1.104169
10307.277292,0.445834,0.370267,-0.083321,-0.539105,-0.956264,-1.202838,-1.302079,-1.029531
10307.281293,0.347462,0.024684,-0.468129,-0.863440,-1.179690,-1.297877,-1.240498,-0.895511
10307.285293,0.241803,-0.344642,-0.834506,-1.137449,-1.331664,-1.279650,-1.073904,-0.697963
10307.289293,0.141401,-0.710828,-1.140871,-1.328263,-1.390462,-1.153829,-0.822752,-0.428710
10307.293293,0.054083,-1.046406,-1.354076,-1.413922,-1.337999,-0.939821,-0.514782,-0.088257
10307.297292,-0.019657,-1.322899,-1.452426,-1.388745,-1.165283,-0.658370,-0.172588,0.301785
10307.301292,-0.082844,-1.509008,-1.431589,-1.258618,-0.878930,-0.324405,0.191158,0.701366
10307.305292,-0.137125,-1.575477,-1.305168,-1.034262,-0.502492,0.050353,0.565116,1.067551
10307.309293,-0.181936,-1.505982,-1.092020,-0.727287,-0.070610,0.448033,0.930903,1.364500
10307.313293,-0.218617,-1.305146,-0.803951,-0.349050,0.377956,0.839920,1.261058,1.563415
10307.317293,-0.252869,-0.995673,-0.446807,0.084631,0.805829,1.191540,1.519470,1.642736
10307.321292,-0.287739,-0.607503,-0.032364,0.546409,1.179655,1.470085,1.667969,1.591078
10307.325292,-0.316198,-0.170188,0.410611,0.996295,1.469857,1.647995,1.679709,1.407006
10307.329292,-0.326074,0.288752,0.839659,1.386516,1.650938,1.702700,1.546356,1.096823
10307.333293,-0.310458,0.742541,1.213854,1.670133,1.704268,1.617396,1.275239,0.677659
10307.337293,-0.271126,1.160946,1.502918,1.812777,1.623628,1.386955,0.888418,0.183425
10307.341293,-0.215213,1.506231,1.684744,1.799822,1.417589,1.023946,0.423943,-0.336979
10307.345292,-0.152081,1.738869,1.742126,1.635204,1.103589,0.560802,-0.072238,-0.830729
10307.349292,-0.092219,1.832381,1.665503,1.337485,0.704131,0.046841,-0.561034,-1.253673
10307.353292,-0.043427,1.780595,1.456729,0.935532,0.249452,-0.464567,-1.017018,-1.577590
10307.357293,-0.005231,1.592663,1.128859,0.464656,-0.226373,-0.931208,-1.420624,-1.787380
10307.361293,0.030446,1.287120,0.704866,-0.036230,-0.694295,-1.324328,-1.743170,-1.872150
10307.365293,0.071411,0.888198,0.217431,-0.529253,-1.128305,-1.621402,-1.941416,-1.823135
10307.369293,0.117283,0.422475,-0.292609,-0.983304,-1.496401,-1.802622,-1.972613,-1.639264
10307.373292,0.158888,-0.081430,-0.781944,-1.375295,-1.761754,-1.852811,-1.819460,-1.328576
10307.377292,0.185493,-0.590218,-1.213624,-1.684468,-1.893836,-1.765032,-1.501447,-0.905505
10307.381292,0.192067,-1.065879,-1.561192,-1.885150,-1.876666,-1.544196,-1.063555,-0.394614
10307.385293,0.182269,-1.470073,-1.804036,-1.947497,-1.710209,-1.207727,-0.556538,0.162743
10307.389317,0.166323,-1.769036,-1.921801,-1.848731,-1.407755,-0.783385,-0.024865,0.712533
10307.393318,0.151597,-1.937374,-1.895578,-1.586255,-0.992457,-0.305052,0.495825,1.201272
10307.397317,0.133253,-1.960828,-1.715984,-1.183477,-0.495269,0.195111,0.976465,1.586638
10307.401317,0.097932,-1.836270,-1.392035,-0.685493,0.045729,0.691410,1.390304,1.842607
10307.405317,0.038792,-1.569144,-0.951562,-0.146915,0.585902,1.159029,1.710490,1.958415
10307.409317,-0.033944,-1.173259,-0.433673,0.381966,1.078272,1.565457,1.911884,1.932603
10307.413317,-0.096502,-0.676538,0.117466,0.864271,1.482146,1.869318,1.973950,1.770447
10307.417318,-0.123991,-0.124901,0.655741,1.276814,1.769253,2.028550,1.883820,1.484546
10307.421317,-0.103953,0.427057,1.137445,1.603161,1.923854,2.013281,1.641285,1.091993
10307.425317,-0.046283,0.931741,1.526599,1.826241,1.940247,1.816454,1.262980,0.612741
10307.429317,0.017562,1.354791,1.797166,1.925722,1.819970,1.457209,0.782349,0.075641
10307.433317,0.051174,1.672264,1.932398,1.882809,1.569200,0.976116,0.244708,-0.475917
10307.437317,0.037803,1.866444,1.925016,1.689983,1.198151,0.425532,-0.300593,-0.990855
10307.441317,-0.007990,1.924712,1.777596,1.357913,0.724471,-0.140703,-0.807382,-1.423720
10307.445317,-0.053959,1.843740,1.501297,0.915379,0.178358,-0.674888,-1.239006,-1.740928
10307.449317,-0.074579,1.631055,1.115136,0.403773,-0.395620,-1.138758,-1.573660,-1.921101
10307.453317,-0.065027,1.300052,0.645382,-0.130759,-0.941991,-1.503109,-1.802190,-1.954260
10307.457317,-0.039487,0.869382,0.123133,-0.644574,-1.403279,-1.745176,-1.915861,-1.839557
10307.461317,-0.018420,0.369107,-0.415484,-1.100708,-1.731658,-1.848822,-1.897226,-1.584469
10307.465317,-0.013545,-0.157709,-0.926633,-1.468984,-1.897858,-1.811520,-1.727795,-1.205877
10307.469317,-0.022105,-0.663764,-1.362989,-1.725141,-1.895147,-1.648845,-1.405523,-0.729861
10307.473317,-0.031950,-1.109769,-1.684076,-1.852418,-1.739693,-1.386580,-0.954876,-0.192725
10307.477317,-0.030477,-1.467820,-1.861673,-1.841707,-1.466297,-1.047471,-0.424243,0.356390
10307.481317,-0.013668,-1.713741,-1.880118,-1.689689,-1.115496,-0.644995,0.126719,0.859022
10307.485317,0.010316,-1.822881,-1.738919,-1.402401,-0.717445,-0.188775,0.643512,1.260275
10307.489317,0.028149,-1.779972,-1.456828,-1.001707,-0.287726,0.302417,1.084186,1.524538
10307.493317,0.032639,-1.591058,-1.070648,-0.525065,0.161987,0.791045,1.417814,1.644877
10307.497318,0.028047,-1.281611,-0.626282,-0.017987,0.611703,1.224097,1.626327,1.639020
10307.501317,0.025792,-0.885917,-0.167048,0.474107,1.029013,1.547999,1.707052,1.533921
10307.505317,0.033026,-0.440175,0.273549,0.909478,1.371617,1.724662,1.667683,1.350200
10307.509317,0.044349,0.020399,0.672408,1.251670,1.595886,1.740238,1.518488,1.095481
10307.513317,0.047917,0.462955,1.012824,1.474741,1.671744,1.605637,1.269206,0.770696
10307.517363,0.037865,0.856351,1.279937,1.568835,1.594661,1.351024,0.932881,0.384651
10307.521363,0.016180,1.171906,1.457785,1.538932,1.385379,1.015714,0.532113,-0.037758
10307.525363,-0.011886,1.387000,1.528084,1.400379,1.079788,0.635380,0.099629,-0.458888
10307.529363,-0.038186,1.487980,1.476131,1.176569,0.717888,0.233680,-0.327911,-0.836761
10307.533362,-0.053152,1.471327,1.302822,0.893596,0.336543,-0.173741,-0.717472,-1.134926
10307.537363,-0.051299,1.342522,1.028341,0.571965,-0.035082,-0.566770,-1.041619,-1.329976
10307.541363,-0.035363,1.113686,0.683571,0.225753,-0.377843,-0.914593,-1.275140,-1.412467
10307.545363,-0.016634,0.804404,0.300901,-0.130532,-0.680469,-1.181333,-1.396343,-1.383935
10307.549363,-0.007896,0.444594,-0.087672,-0.477731,-0.931682,-1.336097,-1.395169,-1.253237
10307.553363,-0.012529,0.072027,-0.448813,-0.792720,-1.114112,-1.362943,-1.278420,-1.032329
10307.557362,-0.022245,-0.277379,-0.749863,-1.049833,-1.210363,-1.266782,-1.067860,-0.734837
10307.561362,-0.024347,-0.577414,-0.966200,-1.222441,-1.213486,-1.071161,-0.794551,-0.381307
10307.565363,-0.010482,-0.810912,-1.088070,-1.286074,-1.126920,-0.811754,-0.490893,-0.004990
10307.569363,0.017302,-0.966424,-1.119594,-1.226606,-0.958776,-0.526090,-0.182519,0.351991
10307.573363,0.046299,-1.038404,-1.070507,-1.050894,-0.722117,-0.240660,0.114132,0.649520
10307.577363,0.060368,-1.027081,-0.949607,-0.787184,-0.438680,0.032370,0.387005,0.858440
10307.581363,0.051054,-0.936741,-0.766232,-0.474707,-0.138163,0.285735,0.622561,0.966671
10307.585362,0.024483,-0.778472,-0.535036,-0.155094,0.147845,0.507666,0.805082,0.981397
10307.589363,-0.002367,-0.573488,-0.275770,0.133315,0.393756,0.680880,0.919618,0.921635
10307.593363,-0.013282,-0.349560,-0.010165,0.364007,0.584892,0.788741,0.954523,0.805257
10307.597363,-0.003406,-0.132929,0.238647,0.528030,0.715084,0.822757,0.904221,0.643549
10307.601363,0.018416,0.060416,0.447261,0.629991,0.781411,0.785340,0.773074,0.447294
10307.605363,0.036093,0.228372,0.595006,0.678643,0.783739,0.688697,0.578542,0.235170
10307.609363,0.036318,0.374385,0.667753,0.679028,0.727312,0.552372,0.350649,0.033068
10307.613362,0.016669,0.493343,0.664461,0.631126,0.623705,0.396898,0.126063,-0.137039
10307.617363,-0.013158,0.568822,0.600160,0.536802,0.487532,0.236748,-0.063184,-0.266249
10307.621363,-0.038222,0.585088,0.497658,0.406465,0.330564,0.081563,-0.201756,-0.355451
10307.625363,-0.046780,0.538563,0.376049,0.258166,0.161728,-0.057523,-0.292675,-0.406362
10307.629363,-0.035168,0.440248,0.247122,0.113574,-0.006847,-0.168605,-0.346774,-0.419855
10307.633363,-0.010019,0.312011,0.117344,-0.005878,-0.156831,-0.246178,-0.371980,-0.400676
10307.637363,0.014587,0.178281,-0.007219,-0.085794,-0.267052,-0.293213,-0.369725,-0.357133
10307.641362,0.026450,0.058458,-0.113624,-0.126786,-0.321651,-0.313973,-0.337236,-0.296586
10307.645384,0.020980,-0.034228,-0.183306,-0.142393,-0.317684,-0.306141,-0.273811,-0.225516
10307.649384,-0.000721,-0.092553,-0.204402,-0.145311,-0.267069,-0.263645,-0.187608,-0.151020
10307.653384,-0.032470,-0.116587,-0.180319,-0.139087,-0.193690,-0.188885,-0.096099,-0.079226
10307.657385,-0.063374,-0.110580,-0.127299,-0.122023,-0.125237,-0.100395,-0.019287,-0.015668
10307.661384,-0.083020,-0.078783,-0.065791,-0.092110,-0.079851,-0.026180,0.026639,0.030322
10307.665384,-0.084682,-0.027646,-0.010305,-0.049545,-0.057279,0.012417,0.032851,0.045784
10307.669384,-0.064809,0.032053,0.036005,-0.000650,-0.044731,0.009835,0.001633,0.023570
10307.673384,-0.025398,0.089040,0.076392,0.039122,-0.032021,-0.028090,-0.053009,-0.030623
10307.677384,0.022958,0.133271,0.108742,0.049437,-0.021989,-0.089191,-0.112498,-0.100570
10307.681384,0.064445,0.152279,0.118806,0.015822,-0.029880,-0.156436,-0.163645,-0.164443
10307.685385,0.086159,0.131571,0.087895,-0.062276,-0.072446,-0.213811,-0.202678,-0.202042
10307.689384,0.084741,0.062127,0.008439,-0.170327,-0.153122,-0.254642,-0.231671,-0.203285
10307.693384,0.067322,-0.052540,-0.108131,-0.284414,-0.255426,-0.282161,-0.251457,-0.169466
10307.697384,0.045318,-0.195266,-0.236239,-0.381823,-0.349335,-0.298768,-0.256215,-0.106711
10307.701384,0.026482,-0.339565,-0.348997,-0.447929,-0.404932,-0.296748,-0.233298,-0.018784
10307.705384,0.013222,-0.457140,-0.431095,-0.475466,-0.405461,-0.262077,-0.166389,0.094023
10307.709384,0.007104,-0.527725,-0.481458,-0.461248,-0.350059,-0.183080,-0.041727,0.229423
10307.713385,0.011311,-0.548023,-0.504346,-0.403966,-0.245613,-0.055893,0.139032,0.377836
10307.717384,0.025434,-0.530164,-0.498526,-0.304141,-0.100520,0.111891,0.350306,0.521957
10307.721384,0.039849,-0.487581,-0.452626,-0.165449,0.075426,0.301624,0.553057,0.640204
10307.725384,0.039798,-0.422234,-0.351082,0.005749,0.270833,0.489062,0.713398,0.711330
10307.729384,0.016230,-0.323465,-0.185769,0.201557,0.471905,0.651045,0.810591,0.719635
10307.733384,-0.026689,-0.176748,0.037830,0.410976,0.659884,0.770658,0.834283,0.660633
10307.737385,-0.073338,0.023552,0.299368,0.618098,0.811256,0.838277,0.781265,0.541712
10307.741384,-0.105570,0.266388,0.564940,0.802892,0.902750,0.847412,0.656829,0.374682
10307.745384,-0.110723,0.525501,0.797341,0.942511,0.917934,0.789546,0.475229,0.168595
10307.749384,-0.086160,0.765212,0.969501,1.013700,0.851565,0.655632,0.253539,-0.070396
10307.753384,-0.041810,0.948674,1.065599,0.996933,0.708741,0.444200,0.004796,-0.334332
10307.757384,0.002962,1.050191,1.073116,0.880068,0.499978,0.166041,-0.261824,-0.608096
10307.761384,0.029665,1.063020,0.981453,0.663503,0.238270,-0.156647,-0.536125,-0.868047
10307.765385,0.031600,0.994296,0.789925,0.366131,-0.059387,-0.491878,-0.801967,-1.085420
10307.769384,0.016763,0.854627,0.515335,0.024368,-0.371824,-0.802378,-1.033831,-1.229820
10307.773405,0.000347,0.651726,0.189757,-0.318152,-0.676919,-1.052757,-1.199785,-1.272836
10307.777405,-0.006080,0.389725,-0.150895,-0.626108,-0.952394,-1.215757,-1.272787,-1.196967
10307.781405,0.000602,0.073761,-0.477332,-0.884219,-1.174229,-1.278692,-1.240493,-1.005112
10307.785405,0.016506,-0.283710,-0.769924,-1.092413,-1.317064,-1.245269,-1.104945,-0.718717
10307.789405,0.033119,-0.658514,-1.017411,-1.248865,-1.358544,-1.127566,-0.876775,-0.367110
10307.793405,0.040235,-1.013328,-1.212994,-1.339749,-1.287578,-0.936405,-0.570819,0.019547
10307.797405,0.030797,-1.302797,-1.346992,-1.342553,-1.109181,-0.678164,-0.204337,0.411804
10307.801405,0.006039,-1.486666,-1.401361,-1.238047,-0.839565,-0.357583,0.201452,0.781903
10307.805405,-0.022008,-1.541828,-1.353337,-1.021467,-0.499214,0.016555,0.618624,1.105671
10307.809405,-0.035074,-1.464295,-1.187001,-0.704218,-0.110461,0.426595,1.013046,1.363398
10307.813405,-0.020606,-1.264497,-0.902300,-0.309269,0.304546,0.842298,1.348032,1.537089
10307.817405,0.018580,-0.962957,-0.516315,0.131945,0.723596,1.219303,1.589021,1.606534
10307.821405,0.064114,-0.586669,-0.061951,0.580997,1.118469,1.506980,1.708303,1.551990
10307.825405,0.089851,-0.164544,0.415327,0.995581,1.450917,1.665787,1.688896,1.365386
10307.829405,0.076674,0.275818,0.866556,1.336520,1.678362,1.680867,1.525816,1.059027
10307.833405,0.027851,0.708587,1.250050,1.576476,1.767036,1.561418,1.225360,0.661620
10307.837405,-0.030396,1.107972,1.535746,1.701143,1.702588,1.328249,0.806990,0.208306
10307.841405,-0.067743,1.444273,1.703106,1.701846,1.492769,1.001485,0.307154,-0.265029
10307.845405,-0.071229,1.682619,1.740037,1.573537,1.163962,0.598129,-0.222340,-0.724376
10307.849405,-0.049912,1.791573,1.645258,1.321033,0.750774,0.136421,-0.724891,-1.140372
10307.853405,-0.022049,1.755563,1.428661,0.960968,0.283496,-0.359763,-1.153513,-1.488256
10307.857405,-0.000633,1.578081,1.107329,0.518590,-0.213885,-0.856784,-1.478625,-1.743531
10307.861405,0.008886,1.276112,0.702072,0.026504,-0.714200,-1.310008,-1.686054,-1.879766
10307.865405,0.004482,0.875015,0.236596,-0.476072,-1.180119,-1.671343,-1.773385,-1.873290
10307.869405,-0.010629,0.405639,-0.262807,-0.947557,-1.568805,-1.901037,-1.747856,-1.711427
10307.873405,-0.025339,-0.099509,-0.764509,-1.350756,-1.841890,-1.975034,-1.620773,-1.399661
10307.877405,-0.025894,-0.608171,-1.226197,-1.658186,-1.972201,-1.887839,-1.398316,-0.963887
10307.881405,-0.006415,-1.085679,-1.597470,-1.851924,-1.945868,-1.650779,-1.077139,-0.446333
10307.885405,0.023569,-1.493288,-1.834012,-1.916849,-1.762207,-1.285060,-0.653084,0.104185
10307.889405,0.044419,-1.791545,-1.912357,-1.835934,-1.433680,-0.816600,-0.139970,0.644173
10307.893405,0.043127,-1.948098,-1.835175,-1.599001,-0.985560,-0.277974,0.419083,1.139594
10307.897405,0.023639,-1.946542,-1.625808,-1.218966,-0.455848,0.287169,0.961300,1.558263
10307.901451,-0.000110,-1.789539,-1.314182,-0.736284,0.105719,0.826693,1.424576,1.862409
10307.905451,-0.017663,-1.494971,-0.922925,-0.205376,0.645812,1.292455,1.761404,2.014953
10307.909451,-0.027876,-1.089781,-0.466038,0.324061,1.120122,1.651461,1.944464,1.995663
10307.913451,-0.034276,-0.604874,0.040477,0.816979,1.499099,1.884659,1.967034,1.810298
10307.917451,-0.036847,-0.074029,0.568389,1.250021,1.765023,1.979755,1.838173,1.486319
10307.921451,-0.031082,0.463478,1.074937,1.601722,1.907495,1.929313,1.576312,1.061423
10307.925450,-0.013925,0.963972,1.507912,1.846761,1.920751,1.734472,1.206473,0.571907
10307.929451,0.012484,1.387185,1.818309,1.958693,1.802967,1.409403,0.760638,0.048589
10307.933451,0.039930,1.703083,1.974634,1.916839,1.558638,0.982443,0.275408,-0.477052
10307.937451,0.055880,1.892583,1.966630,1.713861,1.201676,0.492354,-0.216402,-0.966863
10307.941451,0.050633,1.944598,1.800745,1.362730,0.754202,-0.019812,-0.692135,-1.381148
10307.945451,0.024995,1.853678,1.496477,0.898519,0.242567,-0.519799,-1.134804,-1.688400
10307.949450,-0.008736,1.621306,1.083802,0.371604,-0.302505,-0.982034,-1.523442,-1.867373
10307.953451,-0.033464,1.259282,0.600311,-0.164054,-0.841289,-1.382789,-1.826658,-1.904187
10307.957451,-0.037016,0.792527,0.086385,-0.661286,-1.323503,-1.694633,-2.002057,-1.792713
10307.961451,-0.018747,0.260376,-0.421200,-1.086979,-1.695251,-1.888780,-2.007219,-1.538845
10307.965451,0.010219,-0.286406,-0.891871,-1.423341,-1.914281,-1.941057,-1.821455,-1.164302
10307.969451,0.033576,-0.794413,-1.298260,-1.658925,-1.964087,-1.837424,-1.460164,-0.706055
10307.973451,0.039743,-1.218559,-1.612434,-1.779113,-1.853090,-1.580235,-0.969582,-0.210059
10307.977450,0.027622,-1.528991,-1.807096,-1.768618,-1.602947,-1.191290,-0.410735,0.278409
10307.981451,0.004235,-1.711218,-1.861583,-1.621969,-1.240222,-0.707307,0.155744,0.724226
10307.985451,-0.020867,-1.762289,-1.768153,-1.350576,-0.794088,-0.174028,0.678454,1.106338
10307.989451,-0.038469,-1.686002,-1.535839,-0.979616,-0.298747,0.358109,1.117827,1.411161
10307.993451,-0.042574,-1.490141,-1.189008,-0.538584,0.203398,0.840404,1.447636,1.622608
10307.997451,-0.034246,-1.189234,-0.759441,-0.058043,0.666552,1.232655,1.654529,1.719819
10308.001451,-0.019942,-0.809799,-0.280008,0.425924,1.053892,1.509344,1.733434,1.682703
10308.005450,-0.005737,-0.388226,0.213773,0.870011,1.346197,1.663688,1.685743,1.501949
10308.009451,0.004930,0.039602,0.681635,1.227505,1.537352,1.699764,1.520899,1.189862
10308.013451,0.010985,0.444819,1.083236,1.457570,1.622298,1.618026,1.254303,0.782865
10308.017451,0.014255,0.804327,1.384786,1.540817,1.592923,1.416841,0.904299,0.330414
10308.021451,0.018133,1.099041,1.562043,1.488750,1.445081,1.107399,0.494138,-0.120032
10308.025451,0.024165,1.313636,1.603522,1.334081,1.186041,0.717045,0.055708,-0.530078
10308.029475,0.030321,1.435373,1.515288,1.109937,0.836888,0.279735,-0.372256,-0.871967
10308.033475,0.031193,1.453251,1.319397,0.836782,0.430872,-0.168076,-0.751512,-1.129694
10308.037475,0.021200,1.360614,1.044687,0.524218,0.007097,-0.585506,-1.049936,-1.296117
10308.041476,0.000276,1.160922,0.718373,0.180640,-0.395636,-0.932133,-1.245020,-1.368219
10308.045476,-0.025704,0.871858,0.362636,-0.177004,-0.741664,-1.178235,-1.328902,-1.346547
10308.049476,-0.048790,0.523006,-0.004130,-0.519192,-1.004120,-1.309189,-1.309045,-1.234661
10308.053475,-0.060698,0.148857,-0.362049,-0.809625,-1.171420,-1.323644,-1.201360,-1.037482
10308.057475,-0.055549,-0.217381,-0.686363,-1.016915,-1.245523,-1.231858,-1.024182,-0.764241
10308.061475,-0.033607,-0.546709,-0.951247,-1.124728,-1.233870,-1.055346,-0.796851,-0.432699
10308.065475,-0.002021,-0.814163,-1.135085,-1.134557,-1.142943,-0.823673,-0.537069,-0.069746
10308.069476,0.026571,-0.998971,-1.220778,-1.059163,-0.976246,-0.565034,-0.255816,0.288865
10308.073476,0.039339,-1.087587,-1.197625,-0.913308,-0.737780,-0.296422,0.040966,0.601312
10308.077476,0.032232,-1.076551,-1.069956,-0.710745,-0.440618,-0.024267,0.339898,0.831480
10308.081475,0.012661,-0.974841,-0.860470,-0.466944,-0.111812,0.243654,0.611829,0.962366
10308.085475,-0.007164,-0.805049,-0.600730,-0.201309,0.212120,0.488217,0.820354,0.997008
10308.089475,-0.016967,-0.596853,-0.319902,0.062368,0.493136,0.682249,0.937400,0.949232
10308.093475,-0.010851,-0.376182,-0.041588,0.297202,0.698656,0.803299,0.952425,0.836159
10308.097476,0.010938,-0.160692,0.213519,0.479147,0.809111,0.843815,0.874430,0.676130
10308.101476,0.040125,0.038946,0.426346,0.595329,0.824286,0.811322,0.729183,0.488071
10308.105476,0.062722,0.215630,0.581436,0.646766,0.762629,0.721219,0.550559,0.289855
10308.109475,0.067254,0.361636,0.668418,0.643194,0.652429,0.589956,0.367560,0.095954
10308.113475,0.052022,0.468708,0.683282,0.596050,0.519280,0.431710,0.195533,-0.084048
10308.117475,0.024099,0.532227,0.632171,0.515810,0.376464,0.258257,0.037898,-0.243809
10308.121476,-0.006144,0.552286,0.533119,0.413455,0.226257,0.081727,-0.105773,-0.376552
10308.125476,-0.029009,0.530969,0.409672,0.300319,0.071130,-0.082518,-0.232139,-0.472225
10308.129476,-0.038208,0.469987,0.280899,0.184145,-0.076872,-0.215651,-0.331542,-0.517766
10308.133476,-0.032640,0.371607,0.158207,0.066271,-0.197421,-0.300195,-0.392178,-0.502855
10308.137475,-0.017531,0.244836,0.049942,-0.054170,-0.272618,-0.328932,-0.406584,-0.429114
10308.141475,-0.003915,0.109879,-0.036439,-0.168979,-0.295984,-0.309660,-0.375331,-0.313730
10308.145475,-0.003005,-0.007721,-0.097227,-0.254632,-0.272057,-0.261404,-0.307142,-0.181364
10308.149476,-0.018546,-0.086477,-0.131487,-0.283256,-0.212530,-0.206872,-0.217550,-0.053899
10308.153476,-0.043853,-0.114035,-0.137877,-0.242029,-0.134407,-0.164063,-0.126657,0.049335
10308.157272,-0.064560,-0.090606,-0.117608,-0.143190,-0.057677,-0.138280,-0.053831,0.108943
10308.161272,-0.066393,-0.030652,-0.077814,-0.020672,-0.000329,-0.121034,-0.012851,0.113310
10308.165272,-0.045752,0.040542,-0.028030,0.083325,0.027323,-0.099890,-0.010280,0.068156
10308.169271,-0.014046,0.095922,0.023701,0.136455,0.024317,-0.070741,-0.042855,-0.006924
10308.173271,0.010821,0.118788,0.069003,0.127407,-0.003688,-0.041519,-0.097011,-0.090774
10308.177271,0.017876,0.108578,0.096311,0.064057,-0.047496,-0.027992,-0.154433,-0.167157
10308.181271,0.009491,0.073701,0.091471,-0.034740,-0.097504,-0.046000,-0.198056,-0.223355
10308.185272,-0.001241,0.020601,0.041626,-0.147062,-0.148142,-0.101623,-0.216186,-0.248557
10308.189272,0.000385,-0.048183,-0.057239,-0.253352,-0.200307,-0.184456,-0.206565,-0.235154
10308.193272,0.019233,-0.129152,-0.192654,-0.338220,-0.257584,-0.268948,-0.177057,-0.182020
10308.197271,0.045526,-0.216527,-0.335950,-0.391850,-0.318190,-0.323554,-0.138657,-0.096198
10308.201271,0.062668,-0.304303,-0.453416,-0.412527,-0.370275,-0.324223,-0.095405,0.009694
10308.205271,0.060695,-0.386741,-0.521721,-0.406336,-0.394959,-0.265076,-0.039984,0.123049
10308.209272,0.042693,-0.457584,-0.536257,-0.381909,-0.373385,-0.158460,0.042584,0.236823
10308.213272,0.021007,-0.508661,-0.507871,-0.341485,-0.292496,-0.023059,0.164762,0.350901
10308.217272,0.008837,-0.530911,-0.451928,-0.275555,-0.149177,0.128885,0.325333,0.466563
10308.221271,0.011849,-0.517230,-0.375357,-0.168520,0.045668,0.291659,0.505583,0.577689
10308.225271,0.023992,-0.461219,-0.270671,-0.011488,0.268448,0.457717,0.673099,0.666757
10308.229271,0.032455,-0.355667,-0.122937,0.188311,0.492082,0.614146,0.788888,0.709140
10308.233271,0.027435,-0.196403,0.077763,0.408183,0.691772,0.744399,0.819739,0.682593
10308.237272,0.007118,0.011108,0.326453,0.617740,0.842929,0.829615,0.752549,0.576047
10308.241272,-0.022229,0.248396,0.597418,0.787534,0.921854,0.849877,0.598208,0.393993
10308.245271,-0.049209,0.489418,0.847834,0.896954,0.914721,0.789379,0.382344,0.155862
10308.249271,-0.064289,0.710048,1.032297,0.936823,0.824700,0.644014,0.133657,-0.110499
10308.253271,-0.065224,0.892062,1.119449,0.903844,0.667321,0.422791,-0.122295,-0.378641
10308.257271,-0.055908,1.021752,1.102031,0.796644,0.460182,0.144369,-0.366510,-0.629490
10308.261272,-0.042513,1.087221,0.993186,0.618986,0.215690,-0.164741,-0.589093,-0.849430
10308.265272,-0.030774,1.077287,0.809717,0.381500,-0.059915,-0.475555,-0.785985,-1.023947
10308.269272,-0.024714,0.981864,0.558515,0.098676,-0.358400,-0.765004,-0.950625,-1.135919
10308.273271,-0.024888,0.791666,0.241207,-0.212058,-0.659894,-1.015815,-1.070377,-1.170234
10308.277271,-0.024787,0.502353,-0.128794,-0.528953,-0.935276,-1.209008,-1.130520,-1.115874
10308.281271,-0.012723,0.127182,-0.517330,-0.828034,-1.156965,-1.321277,-1.118451,-0.964984
10308.285293,0.017533,-0.295822,-0.878889,-1.087368,-1.302217,-1.329944,-1.024390,-0.716235
10308.289292,0.059313,-0.715035,-1.173589,-1.286369,-1.349027,-1.220344,-0.841097,-0.381280
10308.293292,0.096322,-1.082383,-1.377348,-1.401086,-1.279384,-0.993994,-0.566177,0.011905
10308.297293,0.111421,-1.360788,-1.481393,-1.406936,-1.090734,-0.671890,-0.208482,0.422923
10308.301293,0.095428,-1.523797,-1.483691,-1.290307,-0.801216,-0.286699,0.205654,0.808851
10308.305293,0.052476,-1.555718,-1.380903,-1.054460,-0.442564,0.127706,0.633812,1.133304
10308.309292,-0.002268,-1.455073,-1.169388,-0.715243,-0.048366,0.538975,1.026946,1.371317
10308.313292,-0.050211,-1.237147,-0.852069,-0.297992,0.352844,0.917097,1.340418,1.509121
10308.317293,-0.076682,-0.931459,-0.445571,0.162107,0.737473,1.238941,1.542369,1.538523
10308.321293,-0.077938,-0.573143,0.016457,0.622610,1.084396,1.486248,1.617584,1.453445
10308.325293,-0.063511,-0.189825,0.489446,1.040100,1.372400,1.637020,1.564762,1.253728
10308.329293,-0.047256,0.206478,0.929552,1.378381,1.577069,1.666062,1.391115,0.949782
10308.333293,-0.035613,0.612114,1.301709,1.613046,1.672487,1.556840,1.111513,0.563996
10308.337292,-0.026022,1.014705,1.580982,1.729240,1.639692,1.313040,0.749302,0.129697
10308.341292,-0.013187,1.382698,1.748540,1.719117,1.472752,0.958921,0.332028,-0.315043
10308.345293,0.005243,1.668853,1.789480,1.582218,1.179167,0.528593,-0.113608,-0.738190
10308.349293,0.026176,1.824365,1.697316,1.326131,0.779802,0.056972,-0.560848,-1.119581
10308.353293,0.042115,1.817924,1.476687,0.966375,0.307471,-0.422304,-0.979499,-1.443673
10308.357292,0.045599,1.647849,1.139262,0.525396,-0.198834,-0.877914,-1.337688,-1.686419
10308.361292,0.035045,1.337259,0.702667,0.030216,-0.698981,-1.281788,-1.608811,-1.814002
10308.365292,0.016537,0.920009,0.196429,-0.488339,-1.153271,-1.606716,-1.775248,-1.795924
10308.369293,-0.000862,0.431549,-0.336073,-0.991988,-1.526549,-1.823551,-1.824667,-1.618877
10308.373293,-0.008895,-0.091895,-0.846078,-1.433805,-1.792411,-1.905150,-1.746440,-1.292980
10308.377293,-0.001062,-0.611238,-1.290631,-1.766496,-1.929582,-1.836183,-1.533781,-0.849431
10308.381293,0.022738,-1.086172,-1.638512,-1.954275,-1.918919,-1.618644,-1.188069,-0.333350
10308.385292,0.052426,-1.481165,-1.870059,-1.979576,-1.751997,-1.270195,-0.724185,0.204576
10308.389292,0.072220,-1.769852,-1.971516,-1.843636,-1.441566,-0.820250,-0.175645,0.717415
10308.393293,0.069847,-1.932470,-1.930300,-1.563887,-1.018570,-0.305375,0.407284,1.167653
10308.397293,0.044920,-1.950187,-1.740015,-1.169370,-0.519616,0.234752,0.966958,1.525786
10308.401293,0.009705,-1.809348,-1.409182,-0.694786,0.020002,0.761031,1.448229,1.767265
10308.405293,-0.021468,-1.515294,-0.962567,-0.175319,0.563757,1.237286,1.805594,1.873849
10308.409292,-0.043833,-1.097589,-0.436401,0.355943,1.071277,1.627998,2.008425,1.839202
10308.413338,-0.063168,-0.601264,0.127503,0.867615,1.501950,1.898285,2.043480,1.672246
10308.417338,-0.085453,-0.074988,0.686451,1.327753,1.820043,2.021882,1.914154,1.392167
10308.421338,-0.104659,0.438703,1.198453,1.701746,1.998047,1.987657,1.638511,1.019132
10308.425338,-0.104613,0.910217,1.622004,1.952474,2.019889,1.797629,1.245360,0.571378
10308.429339,-0.076030,1.320458,1.917811,2.046662,1.881954,1.464778,0.767805,0.071820
10308.433339,-0.028283,1.649904,2.054625,1.966632,1.592434,1.015647,0.241072,-0.445055
10308.437338,0.017930,1.872892,2.018584,1.718162,1.174100,0.489772,-0.295319,-0.935872
10308.441338,0.047561,1.963509,1.819751,1.330483,0.665997,-0.067895,-0.800443,-1.357817
10308.445338,0.059310,1.904280,1.488231,0.849580,0.117068,-0.614006,-1.237808,-1.675469
10308.449338,0.060336,1.690629,1.061919,0.324764,-0.422901,-1.107775,-1.577415,-1.862625
10308.453338,0.056993,1.332835,0.575211,-0.203956,-0.910227,-1.510872,-1.797121,-1.903659
10308.457339,0.049598,0.857179,0.055611,-0.707486,-1.312999,-1.790894,-1.884796,-1.795675
10308.461339,0.035069,0.306294,-0.470709,-1.159546,-1.611695,-1.925712,-1.837396,-1.548317
10308.465338,0.013602,-0.263536,-0.970222,-1.530087,-1.793644,-1.907224,-1.657506,-1.182085
10308.469338,-0.009838,-0.793965,-1.400351,-1.788152,-1.848662,-1.743176,-1.353330,-0.727418
10308.473338,-0.029064,-1.240645,-1.717685,-1.909038,-1.770608,-1.453922,-0.943125,-0.222615
10308.477338,-0.039164,-1.576796,-1.888588,-1.877806,-1.561773,-1.066919,-0.457775,0.290445
10308.481338,-0.037002,-1.783979,-1.896471,-1.692695,-1.236252,-0.612374,0.060970,0.770869
10308.485339,-0.021547,-1.848620,-1.746295,-1.370939,-0.820765,-0.121233,0.564199,1.182538
10308.489339,0.003915,-1.767498,-1.465288,-0.947608,-0.350616,0.373145,1.003561,1.496315
10308.493338,0.029399,-1.552436,-1.095215,-0.465435,0.137524,0.833222,1.343409,1.689703
10308.497338,0.042028,-1.229829,-0.677253,0.033310,0.608327,1.219590,1.566615,1.747077
10308.501338,0.035379,-0.833019,-0.239109,0.509497,1.025213,1.496626,1.667720,1.664750
10308.505338,0.015070,-0.393832,0.205574,0.928688,1.351726,1.640104,1.644571,1.456316
10308.509338,-0.005266,0.058819,0.643312,1.262103,1.560322,1.645046,1.499725,1.149112
10308.513339,-0.013909,0.497376,1.046213,1.488185,1.639228,1.527046,1.247743,0.773269
10308.517339,-0.008935,0.893464,1.373220,1.594573,1.589429,1.312415,0.917181,0.354818
10308.521338,0.000887,1.215298,1.584184,1.578127,1.419054,1.025863,0.541375,-0.081460
10308.525338,0.003199,1.432580,1.653350,1.444968,1.144643,0.685448,0.145598,-0.505865
10308.529338,-0.007476,1.528037,1.575326,1.209897,0.792991,0.305188,-0.254502,-0.883502
10308.533338,-0.025564,1.501076,1.364848,0.893640,0.396831,-0.097367,-0.640902,-1.180421
10308.537338,-0.040087,1.361105,1.053463,0.522873,-0.009623,-0.494713,-0.982366,-1.369770
10308.541363,-0.043028,1.123541,0.681898,0.131774,-0.392810,-0.849821,-1.239116,-1.436450
10308.545363,-0.032241,0.811590,0.290433,-0.243459,-0.722914,-1.123574,-1.380046,-1.380801
10308.549363,-0.010648,0.456208,-0.087641,-0.574180,-0.976073,-1.285629,-1.395151,-1.219028
10308.553363,0.013681,0.091234,-0.431571,-0.842307,-1.136020,-1.323503,-1.293311,-0.979400
10308.557363,0.031701,-0.253557,-0.732811,-1.036688,-1.198391,-1.245725,-1.093249,-0.693251
10308.561363,0.041329,-0.556219,-0.980720,-1.149799,-1.172436,-1.076782,-0.818861,-0.386438
10308.565363,0.047330,-0.801752,-1.150674,-1.176530,-1.073950,-0.847706,-0.498746,-0.078958
10308.569363,0.052421,-0.979825,-1.213712,-1.114703,-0.914321,-0.588231,-0.163851,0.213746
10308.573363,0.051340,-1.082943,-1.156936,-0.968799,-0.696848,-0.319170,0.156823,0.481974
10308.577363,0.035181,-1.105530,-0.995277,-0.753060,-0.426765,-0.048955,0.439027,0.717783
10308.581363,0.002236,-1.044944,-0.766153,-0.489502,-0.124799,0.217510,0.663789,0.905308
10308.585363,-0.036259,-0.904651,-0.509799,-0.205553,0.173526,0.466741,0.817209,1.017572
10308.589363,-0.063936,-0.697037,-0.254424,0.067959,0.431162,0.674625,0.892058,1.029465
10308.593363,-0.072575,-0.443294,-0.017424,0.304276,0.620299,0.813813,0.890675,0.936337
10308.597363,-0.064448,-0.170651,0.191353,0.487573,0.726680,0.866631,0.824369,0.758534
10308.601363,-0.044564,0.092394,0.368760,0.611590,0.751019,0.835648,0.707955,0.530864
10308.605363,-0.016320,0.320327,0.511936,0.675063,0.707719,0.740127,0.554635,0.289660
10308.609363,0.016034,0.492110,0.613507,0.679421,0.619574,0.602516,0.375761,0.064104
10308.613363,0.044915,0.593408,0.664145,0.629581,0.509084,0.440031,0.183884,-0.126604
10308.617363,0.061089,0.622888,0.656402,0.535923,0.391038,0.266111,-0.006003,-0.271316
10308.621363,0.056759,0.595192,0.587890,0.413158,0.270477,0.095033,-0.178216,-0.365154
10308.625363,0.029834,0.531595,0.465216,0.276479,0.145187,-0.058607,-0.318014,-0.409927
10308.629363,-0.010272,0.446461,0.306679,0.139424,0.012921,-0.185582,-0.412228,-0.413758
10308.633363,-0.044968,0.344105,0.139669,0.013449,-0.119059,-0.284441,-0.450303,-0.388612
10308.637363,-0.058280,0.227228,-0.006629,-0.092230,-0.232562,-0.355544,-0.427150,-0.346699
10308.641363,-0.044374,0.105570,-0.108965,-0.168775,-0.306900,-0.392412,-0.348189,-0.296075
10308.645363,-0.008607,-0.005391,-0.157599,-0.206208,-0.326778,-0.382533,-0.232434,-0.237911
10308.649363,0.032224,-0.091122,-0.160199,-0.197612,-0.286759,-0.321151,-0.108612,-0.169782
10308.653363,0.056167,-0.140979,-0.135731,-0.147093,-0.195995,-0.222556,-0.006177,-0.093211
10308.657363,0.050593,-0.149473,-0.100856,-0.072101,-0.080197,-0.114163,0.053648,-0.018330
10308.661363,0.021602,-0.120148,-0.060180,0.003639,0.025671,-0.021095,0.063452,0.037502
10308.665363,-0.010538,-0.067863,-0.010227,0.058344,0.091884,0.042228,0.029637,0.056906
10308.669384,-0.025365,-0.011658,0.046814,0.077373,0.104555,0.069027,-0.031246,0.032436
10308.673384,-0.016330,0.036671,0.095257,0.057653,0.067492,0.054704,-0.097850,-0.028411
10308.677384,0.005619,0.073728,0.112281,0.007329,-0.002647,-0.001163,-0.153470,-0.107283
10308.681384,0.022972,0.097675,0.082040,-0.060712,-0.087110,-0.088174,-0.193542,-0.184124
10308.685383,0.025887,0.104108,0.006391,-0.134623,-0.174093,-0.185374,-0.222171,-0.242697
10308.689384,0.015937,0.084581,-0.096400,-0.206100,-0.257659,-0.271596,-0.244197,-0.268245
10308.693384,-0.000273,0.028841,-0.205054,-0.271844,-0.331469,-0.334531,-0.260257,-0.245773
10308.697384,-0.016254,-0.067646,-0.307131,-0.332786,-0.386429,-0.368231,-0.263234,-0.167249
10308.701384,-0.025961,-0.197883,-0.397407,-0.388980,-0.412765,-0.365330,-0.238317,-0.039344
10308.705384,-0.025636,-0.344102,-0.469187,-0.434119,-0.402401,-0.316297,-0.168821,0.119073
10308.709384,-0.016823,-0.482634,-0.511101,-0.455431,-0.351132,-0.215054,-0.043280,0.286130
10308.713384,-0.005167,-0.588626,-0.511369,-0.438559,-0.259565,-0.061571,0.137192,0.443250
10308.717384,0.003884,-0.640117,-0.464064,-0.373164,-0.130620,0.137497,0.351866,0.574981
10308.721384,0.007203,-0.623481,-0.372532,-0.254473,0.032030,0.363768,0.562777,0.668002
10308.725384,0.003137,-0.536799,-0.246271,-0.081283,0.220978,0.584964,0.729873,0.713893
10308.729384,-0.008329,-0.388094,-0.092566,0.142188,0.422600,0.764331,0.826932,0.709633
10308.733384,-0.023729,-0.191443,0.088346,0.399538,0.618245,0.874156,0.845720,0.652107
10308.737384,-0.036769,0.037198,0.298156,0.658926,0.786104,0.902268,0.789684,0.535614
10308.741384,-0.042446,0.282160,0.529120,0.878693,0.903584,0.850762,0.666782,0.358549
10308.745384,-0.039268,0.525137,0.757572,1.019660,0.951880,0.730934,0.485884,0.130346
10308.749384,-0.027798,0.743736,0.947781,1.059229,0.919012,0.556577,0.256096,-0.130414
10308.753384,-0.010099,0.918027,1.061727,0.997976,0.799470,0.339485,-0.011684,-0.401515
10308.757384,0.010380,1.034693,1.071755,0.851465,0.595045,0.089585,-0.301762,-0.659312
10308.761384,0.031591,1.081909,0.972379,0.637317,0.317544,-0.184621,-0.590762,-0.880637
10308.765383,0.053756,1.046912,0.781443,0.371216,-0.011470,-0.474450,-0.849030,-1.045849
10308.769384,0.074776,0.922093,0.528572,0.070485,-0.364344,-0.763939,-1.049002,-1.140935
10308.773384,0.087000,0.710521,0.240819,-0.244519,-0.708391,-1.025471,-1.173160,-1.158917
10308.777384,0.080945,0.425228,-0.064843,-0.555961,-1.005650,-1.224419,-1.213266,-1.097148
10308.781384,0.052915,0.086457,-0.379773,-0.851274,-1.220970,-1.328051,-1.165815,-0.951163
10308.785384,0.010381,-0.278793,-0.696220,-1.114646,-1.334295,-1.317151,-1.030426,-0.716247
10308.789384,-0.031076,-0.638798,-0.998668,-1.319212,-1.343710,-1.193404,-0.809642,-0.397217
10308.793383,-0.057844,-0.963672,-1.258491,-1.431797,-1.258331,-0.973319,-0.511254,-0.013764
10308.797405,-0.065701,-1.229945,-1.436809,-1.425356,-1.088521,-0.676515,-0.152495,0.401884
10308.801405,-0.059556,-1.418955,-1.497311,-1.289186,-0.840120,-0.320559,0.240323,0.809530
10308.805405,-0.046990,-1.513128,-1.421398,-1.031843,-0.516703,0.075583,0.635139,1.164690
10308.809406,-0.031201,-1.494423,-1.213063,-0.678182,-0.127995,0.485844,0.996959,1.424491
10308.813405,-0.012108,-1.348753,-0.893550,-0.262728,0.303049,0.878235,1.291572,1.559839
10308.817405,0.007343,-1.076037,-0.494901,0.178186,0.739911,1.221457,1.489779,1.564595
10308.821405,0.022216,-0.695386,-0.053246,0.610452,1.137563,1.486827,1.573338,1.451189
10308.825405,0.031360,-0.240975,0.397297,1.002721,1.450979,1.647014,1.539206,1.238131
10308.829406,0.036539,0.243993,0.824893,1.327792,1.645656,1.681178,1.394371,0.941195
10308.833405,0.038011,0.713332,1.198828,1.563861,1.704873,1.583447,1.146288,0.575077
10308.837405,0.033312,1.125856,1.492138,1.693822,1.630021,1.363883,0.800713,0.160075
10308.841405,0.018758,1.451081,1.683677,1.703990,1.434827,1.040188,0.368630,-0.277569
10308.845405,-0.005921,1.668108,1.756789,1.584859,1.136671,0.629633,-0.124242,-0.710207
10308.849405,-0.033533,1.762466,1.698632,1.336815,0.751554,0.151095,-0.633170,-1.110791
10308.853406,-0.052623,1.729038,1.504720,0.976529,0.296860,-0.366908,-1.101062,-1.451777
10308.857405,0.095001,1.574733,1.184566,0.535355,-0.201639,-0.883670,-1.474356,-1.702743
10308.861405,1.130899,1.311439,0.761236,0.050399,-0.705036,-1.349721,-1.717428,-1.832940
10308.865405,4.320454,0.948035,0.266585,-0.444282,-1.164426,-1.712897,-1.816864,-1.821164
10308.869405,10.158725,0.493547,-0.263170,-0.920199,-1.532672,-1.930437,-1.777372,-1.661265
10308.873405,16.673605,-0.030237,-0.788934,-1.348812,-1.777057,-1.981982,-1.613960,-1.359323
10308.877405,19.333179,-0.578516,-1.266993,-1.694861,-1.883024,-1.870734,-1.343923,-0.933149
10308.881406,13.211978,-1.088449,-1.650165,-1.919704,-1.849792,-1.613630,-0.982755,-0.416290
10308.885405,-3.812876,-1.499536,-1.895679,-1.992904,-1.685395,-1.233368,-0.546171,0.141616
10308.889405,-28.819736,-1.773394,-1.977043,-1.899837,-1.401987,-0.759274,-0.057208,0.683444
10308.893405,-53.992310,-1.898712,-1.892920,-1.643296,-1.012928,-0.230274,0.448838,1.160211
10308.897405,-69.283073,-1.883781,-1.663755,-1.244811,-0.536506,0.309306,0.929217,1.541931
10308.901405,-66.353180,-1.745783,-1.319074,-0.744297,-0.002650,0.818844,1.344296,1.813334
10308.905405,-42.161438,-1.500499,-0.887502,-0.193258,0.545154,1.266266,1.663931,1.961568
10308.909406,-1.213551,-1.156136,-0.394487,0.357327,1.056190,1.624790,1.866645,1.970965
10308.913405,44.742577,-0.718455,0.132951,0.865312,1.483220,1.867996,1.936435,1.828458
10308.917405,80.850044,-0.204449,0.660753,1.297074,1.789878,1.972233,1.862774,1.533046
10308.921405,95.633461,0.349801,1.148014,1.626999,1.952800,1.923996,1.644713,1.103125
10308.925452,85.919136,0.892971,1.551379,1.839120,1.961048,1.724159,1.294962,0.577317
10308.929451,57.476509,1.368665,1.832171,1.924620,1.816240,1.389080,0.838692,0.007796
10308.933451,21.587715,1.727953,1.964150,1.878349,1.533690,0.948916,0.309210,-0.549685
10308.937451,-10.200208,1.939031,1.937606,1.699189,1.140061,0.441506,-0.251887,-1.045774
10308.941450,-30.451143,1.989376,1.758820,1.392612,0.669230,-0.092921,-0.794313,-1.445113
10308.945451,-37.613129,1.883836,1.446318,0.974675,0.159698,-0.613565,-1.267042,-1.727156
10308.949451,-35.006432,1.640529,1.028436,0.476435,-0.349930,-1.081252,-1.629051,-1.881673
10308.953451,-28.118095,1.282641,0.542448,-0.057661,-0.825582,-1.461344,-1.854635,-1.904289
10308.957451,-21.768488,0.832375,0.027977,-0.580395,-1.237689,-1.726827,-1.933082,-1.794075
10308.961451,-18.374609,0.315497,-0.480543,-1.051564,-1.559733,-1.861928,-1.866390,-1.554097
10308.965451,-17.744719,-0.229993,-0.951536,-1.437987,-1.768642,-1.862537,-1.666597,-1.195225
10308.969451,-18.064417,-0.755673,-1.351261,-1.709559,-1.846155,-1.731185,-1.351523,-0.741657
10308.973451,-17.309631,-1.213367,-1.645902,-1.841309,-1.782019,-1.472447,-0.943345,-0.232857
10308.977451,-14.341761,-1.562362,-1.806810,-1.821370,-1.579023,-1.096741,-0.470815,0.283835
10308.981450,-9.286888,-1.772840,-1.816584,-1.655925,-1.254505,-0.628789,0.032211,0.765165
10308.985451,-3.230022,-1.829444,-1.677197,-1.366419,-0.837904,-0.109953,0.529209,1.177194
10308.989451,2.453695,-1.733818,-1.412086,-0.984599,-0.368531,0.407455,0.980707,1.493835
10308.993451,6.736458,-1.506443,-1.057096,-0.548394,0.110943,0.871828,1.348281,1.696378
10308.997451,9.265476,-1.182583,-0.648250,-0.094937,0.565162,1.246286,1.602820,1.772932
10309.001450,10.315350,-0.798247,-0.213145,0.346261,0.969318,1.513104,1.729411,1.715869
10309.005451,10.488300,-0.379482,0.228511,0.751234,1.302855,1.663095,1.725424,1.522474
10309.009451,10.364045,0.054891,0.654859,1.094170,1.542267,1.684966,1.594538,1.202154
10309.013451,10.264400,0.483854,1.034990,1.347199,1.661454,1.570930,1.345154,0.784505
10309.017451,10.198865,0.876510,1.332917,1.487922,1.641964,1.331180,0.994905,0.316876
10309.021451,9.963983,1.194334,1.517547,1.505613,1.484693,0.997561,0.572372,-0.148136
10309.025451,9.316267,1.404300,1.571184,1.403401,1.211962,0.612839,0.114062,-0.564401
10309.029451,8.124774,1.489799,1.492824,1.198536,0.857477,0.216454,-0.338652,-0.900718
10309.033451,6.437401,1.450716,1.297201,0.918786,0.454527,-0.163469,-0.743211,-1.144503
10309.037451,4.450212,1.298684,1.010852,0.594127,0.033641,-0.509655,-1.062982,-1.296045
10309.041451,2.416050,1.055385,0.665648,0.249035,-0.374971,-0.811553,-1.275635,-1.359075
10309.045451,0.547406,0.750751,0.293166,-0.099132,-0.741820,-1.059932,-1.375872,-1.335757
10309.049451,-1.040633,0.415919,-0.077946,-0.434824,-1.038641,-1.240952,-1.369091,-1.225384
10309.053476,-2.328480,0.077055,-0.423292,-0.737404,-1.239506,-1.334553,-1.263797,-1.026814
10309.057475,-3.349285,-0.245128,-0.721348,-0.979459,-1.326149,-1.320001,-1.071611,-0.746796
10309.061475,-4.143565,-0.534568,-0.951749,-1.131219,-1.292794,-1.187131,-0.811180,-0.407706
10309.065476,-4.733792,-0.778472,-1.098854,-1.170599,-1.148024,-0.947718,-0.507578,-0.046128
10309.069476,-5.120810,-0.963261,-1.155377,-1.095257,-0.915471,-0.636865,-0.186643,0.295488
10309.073475,-5.294399,-1.072164,-1.119916,-0.926003,-0.629216,-0.299966,0.128660,0.578543
10309.077475,-5.245220,-1.090136,-0.994167,-0.696898,-0.324601,0.024506,0.416373,0.777990
10309.081475,-4.972636,-1.013665,-0.787734,-0.440567,-0.032478,0.312649,0.654527,0.888682
10309.085476,-4.491881,-0.854759,-0.525206,-0.181668,0.222767,0.551177,0.824317,0.922636
10309.089476,-3.839164,-0.633992,-0.243773,0.060335,0.425707,0.730130,0.913185,0.896690
10309.093476,-3.068523,-0.373483,0.018420,0.269658,0.571403,0.839151,0.917067,0.819319
10309.097476,-2.239647,-0.098865,0.234043,0.436650,0.662733,0.868659,0.841989,0.689596
10309.101475,-1.404350,0.158706,0.391492,0.557914,0.705645,0.817130,0.702207,0.509858
10309.105475,-0.601575,0.368981,0.492835,0.631469,0.705064,0.699451,0.516998,0.295783
10309.109475,0.138768,0.511313,0.547841,0.652102,0.662712,0.543360,0.311458,0.072571
10309.113476,0.791688,0.578586,0.565967,0.614728,0.577903,0.375535,0.115998,-0.133070
10309.117476,1.338171,0.576532,0.552513,0.522932,0.450838,0.214300,-0.043650,-0.296523
10309.121476,1.769105,0.521121,0.510368,0.391837,0.289827,0.071464,-0.156619,-0.399514
10309.125476,2.085402,0.435562,0.440970,0.243381,0.116828,-0.048091,-0.227670,-0.436107
10309.129475,2.292555,0.343414,0.346362,0.098264,-0.039168,-0.147739,-0.271764,-0.415070
10309.133475,2.396833,0.258036,0.234171,-0.030152,-0.155836,-0.232948,-0.303321,-0.356721
10309.137475,2.406031,0.179964,0.118483,-0.133912,-0.225793,-0.301890,-0.325604,-0.284721
10309.141476,2.328727,0.105324,0.014600,-0.205076,-0.254726,-0.342865,-0.330209,-0.215537
10309.145476,2.172359,0.032401,-0.065960,-0.235294,-0.252437,-0.341853,-0.304691,-0.153251
10309.149476,1.946250,-0.038262,-0.116587,-0.219785,-0.225588,-0.293986,-0.242653,-0.094916
10309.153476,1.665277,-0.101996,-0.135464,-0.162117,-0.177138,-0.209777,-0.152660,-0.039709
10309.157475,1.345293,-0.145554,-0.125557,-0.077277,-0.110828,-0.112341,-0.058451,0.007294
10309.161475,0.995738,-0.149689,-0.094389,0.010057,-0.037016,-0.026975,0.011761,0.036047
10309.165475,0.621713,-0.102931,-0.054098,0.075673,0.026820,0.028642,0.037934,0.035865
10309.169476,0.234370,-0.015529,-0.019659,0.107273,0.063508,0.046417,0.014912,0.003761
10309.173476,-0.142748,0.081544,-0.002841,0.103166,0.063457,0.024471,-0.046205,-0.050963
10309.177476,-0.478972,0.152332,-0.005995,0.064683,0.024491,-0.036156,-0.122399,-0.112078
10309.181272,-0.748019,0.173182,-0.024298,-0.003072,-0.051222,-0.128019,-0.190232,-0.164970
10309.185271,-0.937004,0.140382,-0.055023,-0.088183,-0.155615,-0.229732,-0.236677,-0.200675
10309.189272,-1.049926,0.065124,-0.100681,-0.176601,-0.270661,-0.310806,-0.259922,-0.215250
10309.193272,-1.104826,-0.037180,-0.162414,-0.259304,-0.371551,-0.348112,-0.261547,-0.206564
10309.197272,-1.125192,-0.152865,-0.235207,-0.333328,-0.437661,-0.334103,-0.238945,-0.170854
10309.201271,-1.128572,-0.270984,-0.310897,-0.395973,-0.458958,-0.274326,-0.184646,-0.101963
10309.205271,-1.118146,-0.383925,-0.381628,-0.438112,-0.433031,-0.184149,-0.092189,0.005358
10309.209271,-1.082535,-0.485082,-0.439465,-0.444828,-0.360344,-0.082131,0.036498,0.149675
10309.213271,-1.003289,-0.563299,-0.475172,-0.404217,-0.243188,0.019860,0.189059,0.319468
10309.217272,-0.866247,-0.601695,-0.475659,-0.314051,-0.088430,0.121835,0.348659,0.494336
10309.221272,-0.671239,-0.583663,-0.423844,-0.180377,0.089638,0.234536,0.500155,0.647480
10309.225272,-0.434589,-0.499923,-0.307593,-0.013670,0.274608,0.369677,0.630039,0.748429
10309.229271,-0.184450,-0.350709,-0.128155,0.173995,0.458155,0.525582,0.725608,0.769902
10309.233271,0.047754,-0.145922,0.101938,0.371054,0.637363,0.683515,0.776981,0.700592
10309.237271,0.236842,0.093880,0.363498,0.565929,0.799438,0.813757,0.775824,0.554207
10309.241272,0.370926,0.341814,0.629839,0.743691,0.915788,0.881868,0.710162,0.361044
10309.245272,0.453694,0.573618,0.866038,0.882741,0.954692,0.858801,0.566868,0.147408
10309.249272,0.500205,0.770295,1.035610,0.957268,0.899175,0.731816,0.344029,-0.076537
10309.253272,0.527776,0.915307,1.109757,0.947190,0.753709,0.505988,0.057477,-0.312161
10309.257271,0.548704,0.996110,1.073200,0.845089,0.537496,0.200700,-0.263658,-0.559640
10309.261271,0.567353,1.008203,0.929271,0.655019,0.273673,-0.151042,-0.583636,-0.806345
10309.265271,0.577923,0.953059,0.700203,0.391479,-0.019095,-0.505497,-0.867400,-1.022658
10309.269272,0.565315,0.832977,0.417072,0.079722,-0.329649,-0.818950,-1.086673,-1.169237
10309.273272,0.514764,0.650057,0.108560,-0.249926,-0.647360,-1.059202,-1.221336,-1.212096
10309.277272,0.424540,0.406545,-0.203783,-0.571186,-0.950924,-1.209387,-1.260052,-1.136351
10309.281272,0.309714,0.105495,-0.506124,-0.864249,-1.205775,-1.265982,-1.202066,-0.950800
10309.285271,0.194179,-0.244269,-0.789588,-1.110375,-1.371967,-1.235019,-1.056401,-0.681249
10309.289271,0.097674,-0.619849,-1.043642,-1.287743,-1.418588,-1.126573,-0.836177,-0.357471
10309.293271,0.025112,-0.980451,-1.249681,-1.373878,-1.336517,-0.947619,-0.551613,-0.003526
10309.297272,-0.034639,-1.277372,-1.380960,-1.350627,-1.137451,-0.697781,-0.209329,0.362369
10309.301272,-0.096295,-1.471258,-1.410004,-1.209455,-0.843583,-0.375023,0.179430,0.721501
10309.305272,-0.163454,-1.539223,-1.320118,-0.958010,-0.481508,0.011063,0.589128,1.049117
10309.309318,-0.227567,-1.472932,-1.114959,-0.621547,-0.079285,0.431862,0.979467,1.315578
10309.313317,-0.277151,-1.279716,-0.816581,-0.234457,0.338133,0.845133,1.306141,1.492347
10309.317317,-0.304749,-0.983605,-0.451377,0.170842,0.748951,1.207071,1.533990,1.556723
10309.321318,-0.309047,-0.617537,-0.040716,0.570332,1.127349,1.481333,1.642039,1.496723
10309.325318,-0.294742,-0.211090,0.393270,0.947759,1.439011,1.641131,1.620415,1.315737
10309.329317,-0.269601,0.215599,0.820165,1.286515,1.646983,1.670151,1.468182,1.029021
10309.333317,-0.239537,0.646423,1.203378,1.559378,1.723907,1.565024,1.194993,0.654738
10309.337317,-0.206722,1.058013,1.506127,1.725985,1.660228,1.333549,0.822266,0.212232
10309.341317,-0.171241,1.416266,1.697283,1.745528,1.462460,0.991150,0.380820,-0.270707
10309.345317,-0.132184,1.684076,1.757024,1.598917,1.147563,0.562299,-0.094466,-0.753095
10309.349318,-0.087204,1.829151,1.678769,1.300960,0.740496,0.082068,-0.568737,-1.187648
10309.353318,-0.033498,1.827267,1.467332,0.892595,0.274180,-0.408222,-1.008354,-1.533606
10309.357317,0.027666,1.667815,1.138205,0.423395,-0.213103,-0.868798,-1.381336,-1.762965
10309.361317,0.087035,1.360277,0.718240,-0.062736,-0.685738,-1.267794,-1.659226,-1.858987
10309.365317,0.130809,0.932952,0.242103,-0.534214,-1.116585,-1.581270,-1.822013,-1.814238
10309.369317,0.149864,0.425167,-0.255824,-0.968650,-1.482244,-1.788233,-1.859176,-1.630544
10309.373317,0.144955,-0.119625,-0.745736,-1.342669,-1.756064,-1.869953,-1.762673,-1.318835
10309.377318,0.124961,-0.655839,-1.197145,-1.629037,-1.909971,-1.814784,-1.525767,-0.897631
10309.381317,0.102409,-1.136809,-1.572385,-1.804659,-1.920419,-1.621105,-1.152934,-0.392298
10309.385317,0.086660,-1.521095,-1.830885,-1.854770,-1.773263,-1.297239,-0.667242,0.162357
10309.389317,0.079440,-1.780270,-1.941958,-1.772890,-1.470407,-0.861694,-0.109025,0.719863
10309.393317,0.078394,-1.902327,-1.894414,-1.563290,-1.034981,-0.345170,0.468841,1.225816
10309.397318,0.082205,-1.889040,-1.695890,-1.238121,-0.510166,0.208543,1.007270,1.627273
10309.401318,0.090282,-1.748781,-1.366547,-0.811058,0.048624,0.748834,1.453351,1.884170
10309.405318,0.098120,-1.491580,-0.935998,-0.299665,0.587202,1.230109,1.772877,1.977814
10309.409317,0.095152,-1.128895,-0.440869,0.265813,1.063768,1.618845,1.949014,1.912104
10309.413317,0.070932,-0.675331,0.080646,0.836801,1.451417,1.889779,1.974240,1.707920
10309.417317,0.024206,-0.153384,0.592074,1.350408,1.736028,2.018722,1.851064,1.394536
10309.421317,-0.034167,0.400342,1.059452,1.745060,1.910027,1.986184,1.594386,1.001157
10309.425318,-0.086094,0.935191,1.452515,1.977942,1.963105,1.790500,1.226716,0.551154
10309.429318,-0.114999,1.395796,1.745170,2.032580,1.880268,1.452601,0.773533,0.062225
10309.433318,-0.112808,1.735526,1.915597,1.917098,1.649641,1.007010,0.262440,-0.446337
10309.437339,-0.083389,1.926731,1.947752,1.657537,1.271945,0.492519,-0.274149,-0.943373
10309.441338,-0.041724,1.962378,1.832774,1.288424,0.769168,-0.049597,-0.793723,-1.383079
10309.445338,-0.007029,1.850007,1.569243,0.843971,0.189713,-0.577522,-1.246880,-1.716422
10309.449339,0.006735,1.605255,1.167198,0.353472,-0.400119,-1.054603,-1.591592,-1.908615
10309.453338,-0.001491,1.249268,0.656563,-0.156785,-0.936483,-1.450617,-1.802245,-1.947707
10309.457338,-0.019766,0.807052,0.089565,-0.657182,-1.373595,-1.737548,-1.867852,-1.838502
10309.461338,-0.034962,0.305599,-0.469881,-1.111226,-1.684779,-1.889763,-1.791007,-1.591700
10309.465338,-0.043343,-0.224715,-0.964384,-1.479690,-1.854858,-1.891292,-1.589005,-1.221575
10309.469338,-0.047397,-0.745584,-1.355709,-1.729228,-1.877261,-1.741950,-1.287119,-0.752568
10309.473338,-0.047684,-1.208908,-1.624213,-1.838627,-1.758502,-1.457553,-0.907490,-0.223759
10309.477339,-0.040645,-1.564682,-1.762214,-1.801263,-1.519946,-1.066957,-0.467786,0.315752
10309.481338,-0.023426,-1.776661,-1.770626,-1.625010,-1.190898,-0.608331,0.009744,0.816093
10309.485338,0.000182,-1.831954,-1.658140,-1.328793,-0.798135,-0.124641,0.491981,1.234302
10309.489338,0.020484,-1.737965,-1.436428,-0.939727,-0.360652,0.341651,0.938027,1.538263
10309.493338,0.028938,-1.515030,-1.115473,-0.493895,0.106238,0.755182,1.306065,1.708297
10309.497338,0.025262,-1.191680,-0.710903,-0.032575,0.579952,1.094798,1.561024,1.738734
10309.501339,0.017999,-0.800900,-0.254967,0.409332,1.022429,1.354003,1.682908,1.636748
10309.505339,0.016319,-0.375150,0.207723,0.809485,1.384806,1.529984,1.668335,1.417923
10309.509338,0.022827,0.057567,0.636004,1.149819,1.622267,1.611010,1.524221,1.104077
10309.513338,0.035117,0.473681,1.000385,1.406426,1.706940,1.576889,1.265102,0.724004
10309.517338,0.048915,0.850433,1.279295,1.553916,1.633772,1.413246,0.916094,0.310802
10309.521338,0.057913,1.162558,1.456229,1.577324,1.421068,1.125509,0.511584,-0.104902
10309.525338,0.055330,1.384821,1.521369,1.476071,1.105383,0.741544,0.087910,-0.496599
10309.529339,0.039035,1.499808,1.471473,1.261053,0.731096,0.303856,-0.322150,-0.837638
10309.533339,0.015009,1.502618,1.310387,0.952287,0.338024,-0.140556,-0.689068,-1.101858
10309.537338,-0.006703,1.395517,1.052064,0.577019,-0.045833,-0.546812,-0.985362,-1.270532
10309.541338,-0.019741,1.180511,0.719596,0.167152,-0.401686,-0.877532,-1.189676,-1.337614
10309.545338,-0.022624,0.864961,0.340351,-0.240473,-0.713781,-1.108566,-1.292922,-1.308510
10309.549338,-0.015859,0.474538,-0.055002,-0.603885,-0.966180,-1.231439,-1.297632,-1.194090
10309.553338,-0.003591,0.054257,-0.430258,-0.885731,-1.142061,-1.250270,-1.210946,-1.005758
10309.557339,0.005316,-0.344734,-0.746911,-1.066629,-1.225738,-1.176149,-1.040397,-0.753968
10309.561339,0.003611,-0.679391,-0.973869,-1.146159,-1.207875,-1.024081,-0.796341,-0.450885
10309.565363,-0.007855,-0.922106,-1.096674,-1.134639,-1.091050,-0.812425,-0.496708,-0.116959
10309.569363,-0.021503,-1.063429,-1.120308,-1.046977,-0.891872,-0.561867,-0.169082,0.216547
10309.573363,-0.029485,-1.109326,-1.062454,-0.899610,-0.638169,-0.292710,0.151825,0.515458
10309.577363,-0.028856,-1.070869,-0.942320,-0.708785,-0.361655,-0.021440,0.431313,0.753834
10309.581363,-0.022671,-0.957268,-0.774282,-0.488952,-0.089883,0.238401,0.644914,0.916541
10309.585363,-0.017111,-0.780648,-0.568387,-0.252391,0.156954,0.470188,0.783723,0.994593
10309.589363,-0.017043,-0.560744,-0.334225,-0.011218,0.365600,0.652335,0.849084,0.983668
10309.593363,-0.022789,-0.321040,-0.083277,0.221643,0.529417,0.765691,0.846220,0.887242
10309.597363,-0.028776,-0.085262,0.169283,0.431040,0.646691,0.802740,0.783953,0.719831
10309.601362,-0.026305,0.124399,0.401386,0.597265,0.716757,0.769312,0.674263,0.507180
10309.605363,-0.011526,0.293347,0.586392,0.700036,0.737172,0.678936,0.529567,0.280190
10309.609363,0.008804,0.418155,0.701536,0.726934,0.705552,0.547499,0.361922,0.064633
10309.613363,0.021562,0.502217,0.735266,0.677510,0.624170,0.390909,0.183995,-0.125604
10309.617363,0.017007,0.550055,0.691288,0.563094,0.500763,0.223549,0.009148,-0.284667
10309.621363,-0.004493,0.564320,0.585355,0.406593,0.345590,0.058031,-0.149250,-0.404248
10309.625363,-0.030007,0.544420,0.436987,0.240346,0.171230,-0.094128,-0.279204,-0.471878
10309.629362,-0.039505,0.486866,0.268434,0.097597,-0.004472,-0.221492,-0.371533,-0.479956
10309.633363,-0.021021,0.389737,0.106375,0.000309,-0.159161,-0.311026,-0.419036,-0.432280
10309.637363,0.018890,0.259993,-0.026202,-0.049409,-0.272403,-0.350036,-0.416786,-0.343622
10309.641363,0.060755,0.115076,-0.119835,-0.068093,-0.331578,-0.333803,-0.367439,-0.234533
10309.645363,0.085549,-0.023066,-0.176991,-0.078797,-0.333750,-0.272280,-0.284678,-0.124431
10309.649363,0.084286,-0.132974,-0.202422,-0.096083,-0.285020,-0.189318,-0.187879,-0.028906
10309.653363,0.060891,-0.196262,-0.197182,-0.117421,-0.199272,-0.112735,-0.094382,0.040018
10309.657363,0.028955,-0.203326,-0.161297,-0.125578,-0.098932,-0.059636,-0.017392,0.076049
10309.661363,0.004545,-0.159195,-0.099498,-0.103772,-0.013856,-0.029408,0.033690,0.078879
10309.665363,-0.000965,-0.082450,-0.022946,-0.053446,0.029937,-0.011940,0.053702,0.050016
10309.669363,0.014393,0.003642,0.052700,0.003819,0.025855,-0.001699,0.041270,-0.008092
10309.673363,0.041074,0.080710,0.110066,0.040329,-0.010538,-0.003054,-0.001242,-0.087837
10309.677363,0.060063,0.136562,0.134035,0.035874,-0.055868,-0.023871,-0.067429,-0.173525
10309.681362,0.052346,0.160656,0.115577,-0.015910,-0.096547,-0.067159,-0.146738,-0.243628
10309.685363,0.011981,0.143626,0.052969,-0.107181,-0.135587,-0.130169,-0.223373,-0.278297
10309.689363,-0.048450,0.082407,-0.047883,-0.221230,-0.184582,-0.208045,-0.278109,-0.268076
10309.693384,-0.105080,-0.016403,-0.172741,-0.338914,-0.248842,-0.292067,-0.295476,-0.218264
10309.697384,-0.136797,-0.140335,-0.300545,-0.441555,-0.320792,-0.362769,-0.269344,-0.145150
10309.701384,-0.135630,-0.275894,-0.408794,-0.511107,-0.383415,-0.390129,-0.201816,-0.062726
10309.705384,-0.107565,-0.407402,-0.481516,-0.531543,-0.414329,-0.346735,-0.099804,0.030177
10309.709384,-0.066073,-0.515198,-0.514035,-0.493770,-0.391014,-0.225047,0.028322,0.146725
10309.713384,-0.024601,-0.579916,-0.509646,-0.399904,-0.300233,-0.044510,0.176140,0.295525
10309.717384,0.007887,-0.590850,-0.471708,-0.262001,-0.145479,0.158688,0.338110,0.468131
10309.721384,0.027872,-0.550443,-0.395853,-0.096655,0.053306,0.351284,0.503905,0.638237
10309.725384,0.036232,-0.467725,-0.268819,0.080958,0.268379,0.515812,0.654780,0.769578
10309.729384,0.037653,-0.346688,-0.081486,0.261767,0.474675,0.649499,0.766351,0.829288
10309.733384,0.038973,-0.183924,0.154316,0.443077,0.653104,0.754170,0.815503,0.799168
10309.737384,0.044361,0.021197,0.405839,0.621871,0.789644,0.825924,0.787221,0.678727
10309.741384,0.051366,0.256115,0.635961,0.787468,0.876615,0.850656,0.679975,0.481851
10309.745384,0.051496,0.496974,0.818064,0.922319,0.911410,0.806554,0.504722,0.229393
10309.749384,0.036101,0.719044,0.939815,1.006394,0.889060,0.673394,0.276331,-0.057337
10309.753384,0.005676,0.903724,0.998186,1.017354,0.797790,0.446038,0.009603,-0.356653
10309.757384,-0.026151,1.036923,0.991287,0.932739,0.625220,0.142686,-0.277117,-0.644128
10309.761384,-0.041032,1.102653,0.914341,0.740065,0.368990,-0.200122,-0.562256,-0.893099
10309.765384,-0.030978,1.082601,0.761718,0.447938,0.043168,-0.539837,-0.825360,-1.078906
10309.769384,-0.005331,0.964256,0.531207,0.088028,-0.321724,-0.837810,-1.046358,-1.185379
10309.773384,0.018591,0.747872,0.228954,-0.295066,-0.685788,-1.066546,-1.201837,-1.206974
10309.777384,0.030585,0.447632,-0.125542,-0.657629,-1.011069,-1.213558,-1.268542,-1.143475
10309.781384,0.032469,0.089429,-0.498773,-0.965333,-1.266857,-1.277539,-1.233046,-0.994868
10309.785384,0.031122,-0.292505,-0.850290,-1.196441,-1.426004,-1.260021,-1.095276,-0.763819
10309.789384,0.029248,-0.660947,-1.141949,-1.340894,-1.463948,-1.159654,-0.864094,-0.461912
10309.793384,0.023782,-0.984501,-1.343003,-1.395110,-1.368329,-0.971830,-0.553811,-0.108175
10309.797384,0.012070,-1.242707,-1.433786,-1.357137,-1.149182,-0.694369,-0.185056,0.277806
10309.801384,-0.003832,-1.421278,-1.409896,-1.226128,-0.835768,-0.336607,0.214323,0.673834
10309.805384,-0.018607,-1.505692,-1.281647,-1.004279,-0.462840,0.076033,0.613732,1.047812
10309.809384,-0.027339,-1.481657,-1.066801,-0.699509,-0.058826,0.505818,0.986104,1.359248
10309.813384,-0.029107,-1.341683,-0.782327,-0.326108,0.357148,0.911214,1.306654,1.569199
10309.817384,-0.027920,-1.091329,-0.439842,0.095605,0.767873,1.255206,1.546384,1.650866
10309.821430,-0.028721,-0.747196,-0.046523,0.536546,1.147195,1.509137,1.673483,1.594555
10309.825430,-0.032416,-0.329518,0.385296,0.959483,1.457947,1.651565,1.664457,1.404290
10309.829430,-0.035059,0.139091,0.825453,1.325866,1.660539,1.668574,1.511697,1.093580
10309.833429,-0.029918,0.627395,1.226640,1.600695,1.725702,1.558832,1.223000,0.687099
10309.837430,-0.011741,1.091425,1.540946,1.754701,1.645563,1.335327,0.821211,0.220218
10309.841430,0.016477,1.480222,1.735061,1.768991,1.435505,1.017361,0.344877,-0.269379
10309.845430,0.041948,1.749019,1.792695,1.640885,1.123541,0.620522,-0.156918,-0.747443
10309.849429,0.050610,1.869719,1.710265,1.382947,0.736164,0.156938,-0.637049,-1.179901
10309.853430,0.037309,1.833728,1.494771,1.014606,0.293011,-0.354696,-1.062397,-1.529932
10309.857430,0.009203,1.650321,1.162263,0.557876,-0.187393,-0.880139,-1.414805,-1.762824
10309.861430,-0.017882,1.342418,0.733736,0.040633,-0.678514,-1.368013,-1.679864,-1.854714
10309.865430,-0.027969,0.939868,0.234061,-0.499714,-1.141686,-1.757386,-1.836001,-1.798689
10309.869430,-0.014891,0.472733,-0.303090,-1.016737,-1.530954,-1.993241,-1.857871,-1.604583
10309.873430,0.012253,-0.031667,-0.832001,-1.460338,-1.804689,-2.042460,-1.731628,-1.292778
10309.877429,0.034393,-0.546073,-1.301587,-1.783788,-1.935210,-1.902708,-1.464161,-0.887021
10309.881430,0.036311,-1.037116,-1.667405,-1.951650,-1.909628,-1.601679,-1.077473,-0.411224
10309.885430,0.017130,-1.461419,-1.897272,-1.950558,-1.728361,-1.186681,-0.600168,0.109010
10309.889430,-0.009609,-1.772766,-1.972927,-1.793161,-1.407811,-0.707590,-0.067308,0.640035
10309.893430,-0.025651,-1.939599,-1.894487,-1.506449,-0.978987,-0.203115,0.477052,1.135236
10309.897430,-0.022681,-1.956029,-1.678995,-1.118553,-0.479313,0.300581,0.983938,1.542803
10309.901430,-0.007939,-1.834641,-1.349050,-0.657850,0.053748,0.783281,1.408607,1.820956
10309.905429,0.005651,-1.589566,-0.924660,-0.156571,0.583295,1.225084,1.719058,1.945923
10309.909430,0.010261,-1.229143,-0.427258,0.351443,1.070191,1.601251,1.899463,1.912507
10309.913430,0.003829,-0.764510,0.111520,0.835538,1.474494,1.878131,1.944006,1.732536
10309.917430,-0.012711,-0.220962,0.647442,1.267426,1.763484,2.018169,1.847702,1.430574
10309.921430,-0.033987,0.358555,1.130710,1.617122,1.917130,1.993487,1.608715,1.037098
10309.925430,-0.047805,0.917974,1.517944,1.853791,1.928541,1.796755,1.240021,0.581430
10309.929430,-0.041087,1.399354,1.781690,1.951274,1.802920,1.443879,0.774538,0.087263
10309.933429,-0.012475,1.757568,1.912553,1.893809,1.552307,0.970974,0.256483,-0.425129
10309.937430,0.024017,1.968723,1.913394,1.680637,1.189004,0.427696,-0.271946,-0.929675
10309.941430,0.049306,2.025331,1.789982,1.330031,0.727351,-0.131453,-0.775427,-1.386540
10309.945430,0.051651,1.928283,1.546502,0.878338,0.193414,-0.656412,-1.222221,-1.744532
10309.949451,0.032999,1.686692,1.188109,0.369448,-0.368681,-1.107529,-1.581368,-1.954472
10309.953451,0.007514,1.319150,0.727421,-0.155982,-0.902523,-1.456968,-1.823115,-1.986924
10309.957451,-0.008789,0.852122,0.192952,-0.661923,-1.352627,-1.690741,-1.922242,-1.842934
10309.961451,-0.009927,0.321076,-0.368818,-1.114487,-1.674619,-1.807307,-1.864657,-1.548480
10309.965451,-0.001928,-0.228270,-0.903628,-1.481176,-1.842310,-1.807922,-1.655316,-1.139917
10309.969451,0.004026,-0.746167,-1.361760,-1.732761,-1.852928,-1.690547,-1.320822,-0.656052
10309.973451,-0.000825,-1.189931,-1.702888,-1.848647,-1.723455,-1.454870,-0.899609,-0.137028
10309.977451,-0.018139,-1.529791,-1.896491,-1.820492,-1.479168,-1.109532,-0.426974,0.376833
10309.981451,-0.041625,-1.746911,-1.925027,-1.652285,-1.145346,-0.675053,0.069552,0.845115
10309.985451,-0.059314,-1.829984,-1.790501,-1.360822,-0.745582,-0.183104,0.562232,1.228744
10309.989451,-0.058995,-1.774079,-1.516133,-0.973105,-0.303899,0.326645,1.014092,1.497212
10309.993451,-0.035729,-1.582923,-1.138331,-0.520084,0.152375,0.809003,1.382459,1.636293
10309.997451,0.004613,-1.272649,-0.695289,-0.033624,0.593815,1.217332,1.632189,1.649697
10310.001451,0.049121,-0.870888,-0.221691,0.451390,0.991206,1.512114,1.742924,1.553506
10310.005450,0.083898,-0.413170,0.249213,0.894796,1.314205,1.668340,1.708215,1.364600
10310.009451,0.096969,0.058942,0.684035,1.255646,1.533522,1.679045,1.534382,1.092895
10310.013451,0.081506,0.501958,1.052346,1.501265,1.627149,1.555408,1.242115,0.747754
10310.017451,0.041838,0.877993,1.329365,1.613876,1.583320,1.322400,0.866141,0.348914
10310.021451,-0.005739,1.161741,1.496078,1.593377,1.405023,1.011828,0.447430,-0.072222
10310.025451,-0.041514,1.345075,1.541920,1.454530,1.115929,0.653461,0.023686,-0.479252
10310.029451,-0.053336,1.434212,1.468561,1.219569,0.755892,0.267867,-0.374119,-0.838270
10310.033450,-0.042256,1.435938,1.287882,0.910600,0.367724,-0.129698,-0.721300,-1.122768
10310.037451,-0.020311,1.346451,1.018722,0.545798,-0.013964,-0.518119,-0.998970,-1.314952
10310.041451,-0.002550,1.158138,0.687723,0.144704,-0.368434,-0.867510,-1.194652,-1.403148
10310.045451,0.001996,0.874820,0.326001,-0.262627,-0.685789,-1.145698,-1.303053,-1.378984
10310.049451,-0.005623,0.518142,-0.038345,-0.635991,-0.955409,-1.324814,-1.322843,-1.242109
10310.053451,-0.017170,0.125340,-0.381528,-0.935567,-1.158358,-1.386626,-1.250917,-1.008556
10310.057451,-0.022243,-0.256169,-0.680999,-1.132022,-1.271906,-1.326507,-1.083634,-0.708173
10310.061451,-0.013336,-0.579990,-0.915075,-1.211395,-1.279436,-1.153631,-0.827018,-0.372922
10310.065451,0.008285,-0.816796,-1.066183,-1.178453,-1.177011,-0.890155,-0.506149,-0.031556
10310.069451,0.031670,-0.962101,-1.124611,-1.055795,-0.974724,-0.569547,-0.161296,0.287790
10310.073451,0.043143,-1.027558,-1.089300,-0.874077,-0.696427,-0.229628,0.167429,0.559183
10310.077476,0.034771,-1.025998,-0.968284,-0.661186,-0.377795,0.096988,0.449965,0.766201
10310.081476,0.009449,-0.963347,-0.781110,-0.436799,-0.056998,0.387382,0.667994,0.902866
10310.085475,-0.020201,-0.840286,-0.555480,-0.210634,0.236936,0.625606,0.815778,0.966991
10310.089475,-0.041158,-0.660738,-0.316432,0.014234,0.485269,0.798031,0.895117,0.956923
10310.093476,-0.049159,-0.439752,-0.079956,0.234427,0.672800,0.892623,0.905416,0.875281
10310.097476,-0.046710,-0.201179,0.143525,0.441426,0.785570,0.902303,0.842517,0.733922
10310.101476,-0.035801,0.032226,0.343145,0.617979,0.816514,0.829188,0.707890,0.551455
10310.105476,-0.017525,0.243335,0.504996,0.737651,0.772373,0.687570,0.518159,0.345071
10310.109475,0.003782,0.417191,0.613565,0.775225,0.671936,0.503073,0.305834,0.128479
10310.113475,0.020731,0.538897,0.658148,0.722715,0.536697,0.304958,0.106203,-0.084164
10310.117475,0.027925,0.597844,0.640010,0.596210,0.385258,0.116787,-0.059513,-0.276941
10310.121476,0.026561,0.592703,0.570985,0.428614,0.232406,-0.045803,-0.187455,-0.432854
10310.125476,0.023562,0.532170,0.465957,0.254597,0.088388,-0.172334,-0.281071,-0.534522
10310.129476,0.024348,0.433140,0.338632,0.098370,-0.039352,-0.257099,-0.341690,-0.567955
10310.133476,0.027269,0.317171,0.200995,-0.028431,-0.145003,-0.301991,-0.367893,-0.528301
10310.137475,0.027039,0.203953,0.064247,-0.121727,-0.226511,-0.315791,-0.358954,-0.424831
10310.141475,0.021290,0.104519,-0.058720,-0.180185,-0.283291,-0.306817,-0.316846,-0.283256
10310.145475,0.012489,0.020764,-0.153063,-0.204069,-0.310292,-0.277521,-0.247911,-0.139741
10310.149476,0.004911,-0.047702,-0.205619,-0.197523,-0.299593,-0.227282,-0.163121,-0.026656
10310.153476,-0.000569,-0.096359,-0.208768,-0.169334,-0.248905,-0.159373,-0.076305,0.039450
10310.157476,-0.008501,-0.115834,-0.165257,-0.128884,-0.166770,-0.084852,-0.003505,0.060387
10310.161476,-0.023455,-0.099795,-0.091036,-0.082744,-0.071188,-0.018988,0.038879,0.050222
10310.165475,-0.041721,-0.052112,-0.008387,-0.035469,0.014948,0.025471,0.040204,0.023848
10310.169475,-0.050306,0.014583,0.062662,0.008278,0.069393,0.041702,0.001815,-0.011984
10310.173475,-0.037184,0.085284,0.105331,0.041974,0.077876,0.027570,-0.061053,-0.057440
10310.177476,-0.004338,0.143994,0.107455,0.056036,0.041449,-0.016656,-0.125840,-0.110830
10310.181476,0.030746,0.170495,0.067572,0.039388,-0.023613,-0.086095,-0.177195,-0.162129
10310.185476,0.047657,0.143862,-0.002735,-0.015269,-0.097387,-0.167250,-0.214778,-0.197188
10310.189476,0.036387,0.055051,-0.086828,-0.106678,-0.170822,-0.241027,-0.243793,-0.207981
10310.193475,0.002011,-0.082932,-0.175674,-0.223224,-0.247684,-0.292989,-0.261711,-0.193422
10310.197475,-0.037913,-0.238688,-0.270211,-0.343343,-0.329592,-0.318932,-0.257060,-0.150511
10310.201476,-0.061721,-0.378796,-0.369819,-0.440486,-0.400968,-0.318185,-0.216475,-0.071828
10310.205293,-0.054891,-0.481802,-0.462404,-0.492452,-0.432771,-0.285572,-0.131862,0.046296
10310.209293,-0.017343,-0.540510,-0.527528,-0.488890,-0.401117,-0.211898,-0.004082,0.197015
10310.213293,0.035822,-0.558380,-0.546194,-0.431895,-0.301199,-0.089327,0.158759,0.364773
10310.217293,0.079735,-0.543148,-0.507252,-0.330091,-0.145926,0.080011,0.342319,0.528679
10310.221292,0.091061,-0.497638,-0.408452,-0.192001,0.043562,0.277864,0.524658,0.664358
10310.225292,0.060963,-0.416597,-0.254447,-0.024075,0.244538,0.476730,0.679779,0.749284
10310.229293,0.001133,-0.294008,-0.055916,0.168195,0.436123,0.651736,0.784589,0.768678
10310.233293,-0.060790,-0.130650,0.169143,0.378280,0.603263,0.784363,0.823054,0.716069
10310.237293,-0.092404,0.066600,0.398038,0.593102,0.739500,0.860941,0.786144,0.589724
10310.241293,-0.073996,0.288106,0.609278,0.788154,0.843347,0.870326,0.670791,0.392338
10310.245292,-0.015150,0.518599,0.785617,0.932525,0.907475,0.802277,0.482342,0.137624
10310.249292,0.049220,0.733197,0.914974,0.999783,0.911794,0.651190,0.237356,-0.146466
10310.253292,0.082695,0.903676,0.988651,0.974440,0.831011,0.423221,-0.039765,-0.427245
10310.257293,0.068576,1.010100,0.997580,0.853480,0.649455,0.137915,-0.324099,-0.681221
10310.261293,0.016971,1.043719,0.932995,0.646685,0.370861,-0.176742,-0.594460,-0.897202
10310.265293,-0.041978,1.000363,0.789876,0.375295,0.019983,-0.489571,-0.833101,-1.067413
10310.269293,-0.075653,0.875681,0.568913,0.066961,-0.363151,-0.770192,-1.024409,-1.178179
10310.273292,-0.067865,0.669001,0.278897,-0.250396,-0.732858,-0.994269,-1.154358,-1.208587
10310.277292,-0.026895,0.390225,-0.061678,-0.553235,-1.046772,-1.148539,-1.210007,-1.138895
10310.281292,0.022768,0.061076,-0.426566,-0.824619,-1.272194,-1.229868,-1.180206,-0.962875
10310.285293,0.057221,-0.289736,-0.783242,-1.051544,-1.388985,-1.237486,-1.058941,-0.692475
10310.289293,0.066038,-0.632186,-1.092997,-1.219767,-1.391430,-1.166418,-0.847638,-0.350981
10310.293293,0.054807,-0.939320,-1.317999,-1.312142,-1.288468,-1.008747,-0.553025,0.036425
10310.297293,0.036406,-1.189827,-1.434469,-1.312676,-1.096471,-0.759820,-0.186824,0.443736
10310.301292,0.018992,-1.366490,-1.437674,-1.213083,-0.829857,-0.423731,0.228898,0.838026
10310.305292,0.002108,-1.453285,-1.335544,-1.015097,-0.498802,-0.018895,0.657689,1.178498
10310.309292,-0.019075,-1.436478,-1.141194,-0.726673,-0.112754,0.418065,1.052432,1.425842
10310.313293,-0.047844,-1.308158,-0.868228,-0.359463,0.311994,0.839053,1.367691,1.554360
10310.317293,-0.080457,-1.068614,-0.527660,0.066811,0.744501,1.199589,1.572458,1.557612
10310.321293,-0.105044,-0.727684,-0.129933,0.518490,1.141082,1.469656,1.652983,1.444852
10310.325293,-0.107482,-0.305767,0.307425,0.949544,1.457976,1.633932,1.608536,1.232382
10310.329292,-0.079135,0.165905,0.755392,1.311930,1.664185,1.683617,1.446041,0.935628
10310.333318,-0.022861,0.646277,1.176352,1.567390,1.745457,1.609972,1.173899,0.567463
10310.337317,0.044819,1.088634,1.527585,1.694313,1.699047,1.406620,0.800038,0.144577
10310.341317,0.099206,1.448552,1.765689,1.687936,1.526260,1.077695,0.339639,-0.305872
10310.345317,0.119545,1.692241,1.857765,1.553380,1.229850,0.645153,-0.173824,-0.749157
10310.349317,0.100175,1.801653,1.791484,1.298862,0.818220,0.146617,-0.688710,-1.152070
10310.353317,0.053092,1.773748,1.573342,0.939476,0.315008,-0.374312,-1.149045,-1.485921
10310.357318,0.001107,1.614305,1.221775,0.503043,-0.234336,-0.873811,-1.508433,-1.722831
10310.361317,-0.034467,1.332648,0.765284,0.024408,-0.769676,-1.310311,-1.738207,-1.835329
10310.365317,-0.044610,0.943171,0.242933,-0.463016,-1.232965,-1.648054,-1.830992,-1.802878
10310.369317,-0.033936,0.470732,-0.298827,-0.926102,-1.582498,-1.859009,-1.795272,-1.620479
10310.373317,-0.014295,-0.048524,-0.814217,-1.329111,-1.799707,-1.923514,-1.644633,-1.302642
10310.377317,0.001864,-0.572751,-1.265814,-1.638632,-1.885713,-1.832800,-1.390366,-0.879989
10310.381318,0.007389,-1.060130,-1.624334,-1.829362,-1.848593,-1.593494,-1.038933,-0.390118
10310.385318,0.003536,-1.471530,-1.864912,-1.885412,-1.693503,-1.229814,-0.596943,0.131442
10310.389317,-0.003330,-1.772183,-1.967929,-1.801252,-1.424182,-0.778768,-0.083488,0.652651
10310.393317,-0.007172,-1.934076,-1.921710,-1.580609,-1.049074,-0.280436,0.462083,1.139386
10310.397317,-0.005608,-1.940996,-1.725159,-1.232936,-0.584879,0.229937,0.985624,1.551962
10310.401317,-0.000201,-1.794834,-1.391057,-0.774604,-0.058522,0.722329,1.431474,1.849122
10310.405318,0.006293,-1.515136,-0.946028,-0.235929,0.491275,1.165970,1.755240,1.997125
10310.409318,0.012558,-1.130346,-0.426432,0.335299,1.016026,1.528320,1.931370,1.979098
10310.413317,0.019028,-0.669758,0.124874,0.881692,1.466560,1.783595,1.952847,1.799768
10310.417317,0.026067,-0.160520,0.660968,1.349920,1.803488,1.916815,1.826850,1.483084
10310.421317,0.031347,0.370695,1.137596,1.699700,1.999343,1.916027,1.571959,1.064432
10310.425317,0.029902,0.891257,1.520284,1.906666,2.036131,1.768121,1.213704,0.580429
10310.429317,0.018660,1.357738,1.785339,1.961292,1.908648,1.469442,0.777239,0.061853
10310.433318,0.000217,1.720464,1.918795,1.865817,1.629525,1.038931,0.285498,-0.464419
10310.437318,-0.019259,1.937397,1.914769,1.633112,1.225840,0.517824,-0.234813,-0.967914
10310.441317,-0.033793,1.987672,1.772039,1.287117,0.731166,-0.040688,-0.748326,-1.411138
10310.445317,-0.039248,1.874511,1.495511,0.859189,0.182513,-0.581149,-1.213336,-1.753899
10310.449317,-0.034814,1.619407,1.103531,0.380023,-0.378263,-1.054613,-1.588987,-1.961546
10310.453317,-0.024363,1.253220,0.629875,-0.122709,-0.904141,-1.425604,-1.843001,-2.011395
10310.457317,-0.015804,0.806443,0.115143,-0.618032,-1.348784,-1.674668,-1.955407,-1.896549
10310.461338,-0.016196,0.305888,-0.402020,-1.069854,-1.676845,-1.798770,-1.915590,-1.628936
10310.465338,-0.024281,-0.217913,-0.885759,-1.443598,-1.868889,-1.805379,-1.719271,-1.236790
10310.469338,-0.030663,-0.724749,-1.301367,-1.711796,-1.917668,-1.699955,-1.373891,-0.757163
10310.473338,-0.027429,-1.170639,-1.616471,-1.854339,-1.822810,-1.480989,-0.907846,-0.231232
10310.477339,-0.013807,-1.517466,-1.804596,-1.856183,-1.589198,-1.147996,-0.372563,0.299844
10310.481339,0.006329,-1.738162,-1.848542,-1.710455,-1.230515,-0.712790,0.168052,0.800052
10310.485338,0.027774,-1.818668,-1.741354,-1.426718,-0.776839,-0.205439,0.656593,1.238073
10310.489338,0.045841,-1.757318,-1.488846,-1.032071,-0.275716,0.326856,1.056683,1.582401
10310.493338,0.056296,-1.562659,-1.115936,-0.563383,0.220805,0.826904,1.354072,1.801222
10310.497338,0.054188,-1.251683,-0.667594,-0.059683,0.671811,1.239895,1.547054,1.869780
10310.501338,0.037223,-0.848218,-0.197310,0.440846,1.053472,1.526475,1.635632,1.779922
10310.505339,0.011082,-0.383729,0.249890,0.899794,1.353916,1.668880,1.618495,1.545614
10310.509339,-0.013772,0.098922,0.647310,1.276919,1.562067,1.668965,1.497032,1.198043
10310.513338,-0.030130,0.549069,0.983763,1.534094,1.661605,1.542476,1.276418,0.773143
10310.517338,-0.035805,0.923906,1.251487,1.645832,1.635861,1.312312,0.964020,0.305806
10310.521338,-0.030656,1.201264,1.434736,1.608714,1.478091,1.003210,0.574190,-0.167171
10310.525338,-0.015615,1.377305,1.510236,1.443089,1.199091,0.640321,0.134424,-0.606438
10310.529338,0.005476,1.454987,1.459937,1.184832,0.826682,0.249937,-0.316236,-0.975621
10310.533339,0.025861,1.433757,1.284632,0.870383,0.397491,-0.142623,-0.733564,-1.248023
10310.537339,0.038740,1.308959,1.008534,0.527219,-0.050792,-0.516466,-1.076099,-1.408734
10310.541338,0.038061,1.083161,0.671748,0.174411,-0.479266,-0.851648,-1.313069,-1.453791
10310.545338,0.020062,0.776940,0.314453,-0.173905,-0.847219,-1.122254,-1.427638,-1.390153
10310.549338,-0.010565,0.425573,-0.034448,-0.505028,-1.120875,-1.298628,-1.416073,-1.232774
10310.553338,-0.039947,0.065259,-0.356414,-0.803811,-1.281595,-1.357692,-1.285895,-0.998510
10310.557338,-0.054673,-0.276958,-0.637980,-1.048722,-1.324865,-1.290844,-1.053587,-0.704724
10310.561339,-0.050496,-0.582123,-0.867161,-1.210866,-1.257909,-1.108033,-0.744969,-0.374281
10310.565339,-0.031597,-0.831872,-1.029484,-1.262401,-1.099590,-0.839632,-0.397307,-0.036843
10310.569338,-0.005760,-1.005028,-1.108001,-1.191351,-0.877275,-0.528963,-0.054743,0.280419
10310.573338,0.017440,-1.083112,-1.091222,-1.010132,-0.618488,-0.215699,0.244863,0.560980
10310.577338,0.029751,-1.059033,-0.981167,-0.751636,-0.344104,0.073687,0.481488,0.792864
10310.581338,0.030853,-0.942137,-0.794347,-0.457976,-0.069253,0.323177,0.652341,0.958936
10310.585338,0.028424,-0.757898,-0.557452,-0.169069,0.192880,0.523985,0.761551,1.040221
10310.589363,0.029236,-0.540360,-0.299944,0.085711,0.428581,0.673706,0.813013,1.026224
10310.593363,0.032913,-0.318721,-0.046502,0.291911,0.623515,0.771746,0.812037,0.919388
10310.597363,0.034070,-0.108899,0.184158,0.449011,0.765982,0.814767,0.766280,0.735171
10310.601363,0.026963,0.082412,0.376440,0.563863,0.846509,0.798025,0.679874,0.501474
10310.605363,0.009186,0.249599,0.518883,0.642265,0.854199,0.719911,0.550835,0.254498
10310.609363,-0.015540,0.386047,0.605307,0.683107,0.781274,0.585731,0.378693,0.028319
10310.613363,-0.037919,0.485401,0.632331,0.677643,0.634179,0.409344,0.174606,-0.156758
10310.617363,-0.047998,0.541428,0.599876,0.615092,0.438113,0.212630,-0.034799,-0.295985
10310.621363,-0.041479,0.549017,0.515714,0.493586,0.228870,0.022323,-0.213369,-0.390841
10310.625364,-0.023157,0.508246,0.396982,0.330543,0.039868,-0.136549,-0.330596,-0.441432
10310.629363,-0.004393,0.427563,0.265257,0.160617,-0.105675,-0.247968,-0.375580,-0.448055
10310.633363,0.005225,0.322191,0.139705,0.018407,-0.198859,-0.308848,-0.358609,-0.415520
10310.637363,0.005114,0.209341,0.034043,-0.078065,-0.246108,-0.327249,-0.303253,-0.353548
10310.641363,0.001395,0.104217,-0.045025,-0.129753,-0.262116,-0.315964,-0.236087,-0.274156
10310.645363,-0.001925,0.018192,-0.099376,-0.148827,-0.259341,-0.285326,-0.177029,-0.189279
10310.649363,-0.005461,-0.041842,-0.133499,-0.150038,-0.243841,-0.238719,-0.134444,-0.108779
10310.653363,-0.008810,-0.074101,-0.145052,-0.144746,-0.216894,-0.174025,-0.107222,-0.039538
10310.657363,-0.009204,-0.082072,-0.128099,-0.136454,-0.177369,-0.092342,-0.089479,0.012085
10310.661363,-0.006235,-0.072286,-0.083929,-0.119858,-0.126166,-0.007481,-0.073832,0.037289
10310.665363,-0.002861,-0.050471,-0.022854,-0.087726,-0.070973,0.055182,-0.055933,0.027763
10310.669363,-0.002421,-0.019418,0.039811,-0.041969,-0.024862,0.072588,-0.040525,-0.016083
10310.673363,-0.006427,0.019365,0.085986,0.001966,-0.000635,0.037755,-0.040342,-0.081887
10310.677363,-0.013807,0.060731,0.099092,0.023007,-0.005611,-0.038637,-0.066219,-0.151817
10310.681363,-0.021231,0.092298,0.070535,0.006758,-0.039104,-0.136881,-0.118419,-0.209639
10310.685363,-0.023027,0.097682,0.002986,-0.050458,-0.096154,-0.236908,-0.184962,-0.242284
10310.689363,-0.011919,0.064148,-0.090857,-0.143701,-0.171938,-0.320246,-0.246307,-0.239369
10310.693363,0.015306,-0.012167,-0.193916,-0.258016,-0.257974,-0.369509,-0.283180,-0.193959
10310.697363,0.051814,-0.125314,-0.291711,-0.369623,-0.337523,-0.372816,-0.281229,-0.104929
10310.701363,0.082747,-0.261178,-0.374281,-0.456393,-0.389156,-0.328818,-0.231329,0.021168
10310.705363,0.093474,-0.399574,-0.434213,-0.505385,-0.392915,-0.244333,-0.130555,0.170137
10310.709363,0.077323,-0.516384,-0.465702,-0.508100,-0.336240,-0.127613,0.015546,0.322320
10310.713363,0.038764,-0.589392,-0.463766,-0.454529,-0.221090,0.014802,0.192426,0.458452
10310.717406,-0.008875,-0.607033,-0.423652,-0.337947,-0.064327,0.175442,0.379071,0.566145
10310.721406,-0.048964,-0.569700,-0.342849,-0.163517,0.111771,0.342936,0.552544,0.640675
10310.725405,-0.068673,-0.480394,-0.223031,0.050822,0.288449,0.503368,0.691869,0.679443
10310.729405,-0.065058,-0.338530,-0.069199,0.279621,0.453607,0.643119,0.780810,0.676010
10310.733405,-0.044252,-0.147215,0.110789,0.496545,0.601515,0.750051,0.809959,0.620222
10310.737405,-0.015566,0.077766,0.305864,0.681138,0.729006,0.813317,0.775991,0.504337
10310.741406,0.010000,0.312228,0.503640,0.822285,0.829711,0.822575,0.678160,0.329728
10310.745406,0.019925,0.535522,0.690916,0.914555,0.890092,0.767698,0.515805,0.108919
10310.749405,0.008568,0.735180,0.850576,0.951666,0.889240,0.640490,0.290628,-0.138075
10310.753405,-0.014424,0.901057,0.961636,0.925570,0.804940,0.438791,0.012406,-0.390047
10310.757405,-0.030723,1.019740,1.003868,0.829593,0.623587,0.170821,-0.298845,-0.629216
10310.761405,-0.029315,1.075220,0.961542,0.660228,0.347321,-0.143081,-0.615445,-0.841239
10310.765405,-0.013081,1.051059,0.825136,0.418758,-0.002723,-0.473662,-0.904304,-1.013887
10310.769406,0.007039,0.934563,0.594690,0.114157,-0.387846,-0.788914,-1.130221,-1.135365
10310.773406,0.020302,0.722747,0.284982,-0.232945,-0.759227,-1.056513,-1.263585,-1.189988
10310.777405,0.022837,0.423794,-0.074145,-0.588584,-1.068326,-1.244574,-1.287625,-1.157945
10310.781405,0.019309,0.056495,-0.444436,-0.911003,-1.277650,-1.329195,-1.201245,-1.023180
10310.785405,0.016088,-0.346720,-0.788293,-1.163165,-1.370373,-1.303197,-1.017947,-0.780760
10310.789405,0.014404,-0.738681,-1.076627,-1.324393,-1.353124,-1.173592,-0.759793,-0.439044
10310.793405,0.012109,-1.068037,-1.290335,-1.390347,-1.246483,-0.952107,-0.450290,-0.021761
10310.797406,0.007326,-1.299519,-1.415297,-1.362659,-1.068236,-0.651680,-0.109983,0.429136
10310.801406,-0.001510,-1.425345,-1.439103,-1.241483,-0.821975,-0.289766,0.247445,0.857593
10310.805405,-0.013264,-1.454549,-1.352596,-1.027222,-0.501586,0.108573,0.613176,1.210566
10310.809405,-0.021421,-1.394098,-1.153046,-0.725273,-0.109741,0.511339,0.970923,1.457250
10310.813405,-0.019871,-1.242686,-0.847253,-0.346643,0.327695,0.884148,1.288085,1.590172
10310.817405,-0.010991,-0.996878,-0.455130,0.091930,0.764454,1.196956,1.522574,1.610333
10310.821406,-0.002730,-0.659266,-0.011976,0.562000,1.149233,1.429258,1.637897,1.517425
10310.825406,0.001986,-0.246130,0.436820,1.019026,1.442495,1.569160,1.614776,1.312814
10310.829405,0.007096,0.209138,0.848319,1.409852,1.623285,1.606695,1.454783,1.006239
10310.833405,0.014241,0.663841,1.191835,1.686335,1.683721,1.530768,1.175409,0.616203
10310.837405,0.018428,1.078923,1.450023,1.815073,1.621780,1.335288,0.801262,0.165704
10310.841405,0.014328,1.423653,1.613979,1.783163,1.438711,1.025514,0.358964,-0.316682
