t,ch1,ch2,ch3,ch4,ch5,ch6,ch7,ch8
10158.282344,-0.017488,-0.415301,-0.194734,-0.171829,-0.031178,0.390066,0.465188,0.622754
10158.286344,-0.008861,-0.466480,0.079852,0.132585,0.313303,0.564182,0.706040,0.589390
10158.290344,0.232026,-0.370402,-0.087146,0.165676,0.543876,0.725920,0.677401,0.681108
10158.294344,0.045656,-0.062320,0.308991,0.498567,0.650376,0.709254,0.734669,0.677104
10158.298344,-0.120503,0.145003,0.493998,0.865386,0.839837,0.701080,0.556538,0.515220
10158.302344,-0.031363,0.298821,0.774244,0.852196,0.725429,0.605658,0.305162,0.162466
10158.306344,0.030458,0.736113,0.874196,0.766244,0.796862,0.771043,0.284143,0.068435
10158.310344,0.064535,0.902364,0.979162,0.978872,0.584695,0.602466,-0.080293,-0.234303
10158.314344,-0.004845,0.898478,0.873792,0.888677,0.649306,0.207683,-0.195303,-0.397274
10158.318344,-0.042171,1.023194,0.907826,0.934733,0.258433,0.028220,-0.613851,-0.861119
10158.322344,-0.030921,1.000780,0.776417,0.461522,-0.001613,-0.218370,-0.808739,-0.887929
10158.326344,0.067762,0.820437,0.565975,0.198128,-0.068582,-0.671592,-0.574240,-1.019154
10158.330344,0.034350,0.821939,0.164331,0.004867,-0.676013,-0.805398,-1.164394,-1.229598
10158.334344,0.177251,0.468393,-0.130566,-0.339233,-0.951543,-0.959888,-1.197218,-1.240596
10158.338344,0.082133,0.218543,-0.527161,-0.754487,-1.037681,-1.200408,-1.213416,-0.909006
10158.342344,0.056894,-0.176513,-0.672586,-1.004665,-1.295166,-1.364380,-1.209695,-0.775446
10158.346344,-0.085773,-0.548738,-0.818584,-1.246164,-1.298940,-1.223071,-0.774274,-0.306103
10158.350344,-0.046953,-0.791432,-0.986537,-1.461128,-1.191670,-1.212068,-0.625301,-0.136892
10158.354344,-0.170701,-1.036036,-1.342828,-1.456269,-1.129050,-0.692999,-0.462472,-0.059158
10158.358344,-0.004199,-1.426045,-1.285825,-1.311040,-0.903425,-0.471187,-0.056318,0.637134
10158.362344,-0.132619,-1.593831,-1.481503,-1.196868,-0.641806,-0.107877,0.522273,0.823792
10158.366344,-0.025169,-1.500954,-1.192304,-0.762547,-0.227007,0.240124,0.871775,1.215796
10158.370344,0.131420,-1.322921,-0.941742,-0.548916,0.113053,0.764693,1.185183,1.456715
10158.374344,-0.175370,-1.185773,-0.627817,0.115277,0.402180,0.993039,1.246711,1.589458
10158.378344,0.118616,-0.742045,-0.131402,0.325437,1.018092,1.307040,1.582653,1.579278
10158.382344,-0.029193,-0.295706,0.236757,0.872783,1.498114,1.623076,1.523175,1.331553
10158.386344,0.087310,0.171519,0.688263,1.058524,1.451131,1.663766,1.552724,1.216605
10158.390344,-0.203219,0.609770,1.234559,1.255512,1.669766,1.667217,1.129156,0.705826
10158.394344,0.056021,0.899960,1.383229,1.692913,1.550723,1.303991,0.985735,0.419066
10158.398344,0.039852,1.457013,1.688570,1.906338,1.541143,1.139139,0.563919,-0.209189
10158.402344,-0.077607,1.507329,1.696175,1.846547,1.459748,0.688433,0.012998,-0.834190
10158.406344,-0.099426,1.676011,1.679241,1.370163,0.935261,0.338818,-0.503702,-0.913872
10158.410344,0.034567,1.872737,1.515741,1.152679,0.514556,-0.084298,-0.830871,-1.339425
10158.414344,-0.052901,1.792363,1.143194,0.618074,0.005257,-0.832912,-1.395474,-1.782545
10158.418344,0.037866,1.413200,0.972872,0.378523,-0.497524,-1.210886,-1.581516,-1.920152
10158.422344,-0.006366,1.315478,0.385339,-0.289446,-1.012551,-1.562351,-1.766679,-1.958954
10158.426344,-0.016619,0.483548,0.048336,-0.716641,-1.477298,-1.957972,-1.825430,-1.695546
10158.430344,0.224377,0.253171,-0.555675,-1.309936,-1.729810,-1.860612,-1.754632,-1.487682
10158.434344,-0.136406,-0.217915,-1.089804,-1.566796,-1.965995,-1.728416,-1.461878,-1.022297
10158.438344,0.021011,-0.882491,-1.480368,-1.786726,-1.876682,-1.712314,-1.333958,-0.556718
10158.442344,0.075026,-1.280883,-1.646602,-1.795104,-1.730969,-1.372386,-0.734991,-0.087865
10158.446344,0.079928,-1.554541,-1.827949,-1.827533,-1.571595,-1.011891,-0.272404,0.429464
10158.450344,0.027467,-2.179315,-1.993161,-1.676848,-0.921555,-0.480952,0.286347,0.919515
10158.454344,0.171954,-2.049681,-1.593927,-1.426458,-0.607658,0.049999,0.748445,1.532150
10158.458344,0.132850,-1.904755,-1.518008,-0.955502,-0.151303,0.483804,1.000590,1.566229
10158.462344,-0.022106,-1.765422,-1.127061,-0.453625,0.301171,1.024503,1.737838,1.966531
10158.466344,0.156495,-1.291494,-0.817787,0.039278,0.903751,1.529181,1.830009,1.905136
10158.470344,-0.060797,-0.857912,-0.092588,0.571655,1.371454,1.830874,1.981394,1.805184
10158.474344,0.067157,-0.186308,0.415373,1.106154,1.746431,1.854832,1.816082,1.554787
10158.478344,0.030948,0.143837,0.972317,1.367258,1.985127,2.129922,1.654986,1.284672
10158.475448,0.000000,0.775984,1.389624,1.817409,1.916687,1.738472,1.524152,0.597461
10158.479448,48.175369,1.233850,1.741281,2.052363,1.886374,1.633492,1.172780,0.216660
10158.483448,84.432793,1.605416,1.919664,2.012092,1.500432,1.201453,0.418054,-0.238397
10158.487448,99.802673,1.961082,1.841316,1.808950,1.249645,0.632631,0.184322,-0.938423
10158.491448,90.482704,1.870335,1.857909,1.489987,0.818781,0.301295,-0.511275,-1.396501
10158.495448,58.778526,1.894994,1.518186,1.017602,0.246211,-0.308258,-1.202942,-1.529620
10158.499448,12.533323,1.712894,1.219719,0.768534,-0.172678,-0.964675,-1.430245,-1.827648
10158.503448,-36.812454,1.431716,0.623813,0.052323,-0.670400,-1.307678,-1.897154,-2.042197
10158.507448,-77.051323,1.127916,0.291426,-0.537205,-1.074698,-1.670753,-1.921409,-1.819893
10158.511448,-98.228722,0.409138,-0.271885,-0.865080,-1.358263,-2.005042,-1.768387,-1.723599
10158.515448,-95.105652,0.139559,-0.810312,-1.418570,-1.865411,-1.933140,-1.746667,-1.416806
10158.519448,-68.454712,-0.628917,-1.167260,-1.692069,-1.789969,-1.922910,-1.432933,-0.668881
10158.523448,-0.144161,-1.118403,-1.357489,-1.878453,-1.868892,-1.642441,-0.927772,-0.572097
10158.527448,0.123703,-1.564666,-1.946830,-1.999520,-1.716434,-1.328544,-0.696552,0.020239
10158.531448,-0.091029,-1.784459,-1.850981,-1.835979,-1.667000,-0.819091,-0.031170,0.591411
10158.535448,-0.126079,-1.757360,-1.952023,-1.553510,-0.998584,-0.211796,0.463422,1.093096
10158.539448,0.093060,-1.946382,-1.460353,-1.466242,-0.381791,0.106338,0.914517,1.573942
10158.543448,0.056094,-1.653035,-1.216523,-0.865636,-0.155868,0.702514,1.251048,1.641490
10158.547448,0.123820,-1.309648,-0.988214,-0.186814,0.312772,0.939196,1.470411,1.778612
10158.551448,-0.065306,-1.012443,-0.432456,0.372732,0.968349,1.323278,1.813272,1.670750
10158.555448,0.041147,-0.668734,0.187459,0.794344,1.208338,1.600870,2.078680,1.471242
10158.559448,-0.071991,-0.213487,0.407705,1.008484,1.523697,1.769288,1.487288,1.270746
10158.563448,-0.080399,0.207123,1.038474,1.334179,1.530713,1.758847,1.544716,0.975998
10158.567448,-0.094085,0.728001,1.204795,1.586500,1.741888,1.492345,1.091505,0.471315
10158.571448,0.066487,1.152956,1.310867,1.467543,1.512991,1.308299,0.808573,0.143543
10158.575448,-0.015067,1.526091,1.525864,1.539225,1.166924,0.810887,0.166944,-0.223935
10158.579448,0.134100,1.535364,1.623373,1.323866,0.727484,0.352394,-0.114328,-0.734281
10158.583448,-0.039207,1.630867,1.389449,0.983287,0.665247,-0.066073,-0.497664,-1.304132
10158.587448,-0.056954,1.525384,1.242442,0.716699,0.200825,-0.406811,-1.098583,-1.370315
10158.591448,0.022739,1.317738,0.862793,0.283955,-0.376085,-0.712205,-1.148159,-1.354098
10158.595448,-0.107837,0.993411,0.424632,-0.064033,-0.330093,-0.987971,-1.447309,-1.481582
10158.599448,-0.036208,0.646473,-0.054117,-0.420119,-1.146130,-1.441269,-1.219506,-1.385293
10158.603448,0.142625,0.174657,-0.495745,-0.888451,-0.893108,-1.504612,-1.179943,-1.110438
10158.607448,0.011984,-0.197744,-0.718385,-0.981586,-1.157775,-1.325435,-1.121695,-0.906771
10158.611448,0.217308,-0.448023,-0.701605,-1.296721,-1.317258,-1.118308,-0.937392,-0.481085
10158.615448,-0.097778,-0.805994,-1.184847,-1.270682,-1.253636,-1.072380,-0.585716,-0.286145
10158.619448,-0.214919,-1.040662,-0.979702,-1.173471,-1.152191,-0.703642,-0.328240,0.205187
10158.623448,0.088073,-1.093862,-1.183543,-0.947313,-0.775511,-0.417228,0.026761,0.421769
10158.627448,-0.124554,-1.082632,-0.977483,-0.849580,-0.487138,-0.201031,0.276570,0.605336
10158.631448,-0.024952,-0.997621,-1.006346,-0.642141,-0.165878,0.319189,0.437971,0.867552
10158.635448,-0.073828,-1.050045,-0.746993,-0.541876,0.030530,0.474963,0.699546,0.965705
10158.639448,0.001956,-0.753345,-0.607358,0.015102,0.414862,0.613410,1.095982,1.072995
10158.643448,0.031127,-0.457110,-0.269677,0.182647,0.630932,0.753923,0.936064,1.021144
10158.647448,0.030985,-0.263390,0.106622,0.433444,0.818128,1.112205,0.965310,0.954585
10158.651448,-0.043671,-0.076609,0.256535,0.536271,0.795879,0.985337,0.931995,0.589092
10158.655448,-0.032392,0.224499,0.545336,0.798361,0.804929,0.801335,0.808332,0.394053
10158.659448,-0.057461,0.408157,0.656742,0.628263,0.752300,0.731697,0.678182,0.140144
10158.663448,0.076488,0.573245,0.827365,0.697220,0.801597,0.658419,0.410712,0.116498
10158.667448,0.019087,0.692605,0.668489,0.456331,0.569075,0.309509,0.154466,-0.131946
10158.671448,-0.106217,0.886560,0.691866,0.425622,0.256266,-0.086891,-0.052470,-0.421626
10158.682998,-0.084039,0.551732,0.520611,0.458947,0.026537,-0.155470,-0.234078,-0.529364
10158.686998,0.058228,0.484748,0.575465,0.258706,0.144111,-0.146364,-0.329772,-0.593293
10158.690998,0.116738,0.442661,0.175800,-0.131009,-0.109384,-0.157175,-0.536377,-0.609595
10158.694998,-0.031626,0.401200,-0.057435,-0.122826,-0.333635,-0.316619,-0.470111,-0.504110
10158.698998,-0.018008,0.238281,0.109496,-0.062258,-0.244161,-0.254359,-0.517167,-0.351943
10158.702998,0.234859,-0.142550,-0.157979,-0.337902,-0.299535,-0.228716,-0.306131,-0.314208
10158.706998,0.054568,-0.082882,-0.153128,-0.203081,-0.141706,-0.275832,-0.253958,0.014837
10158.710998,-0.195597,-0.127321,-0.278538,-0.283421,-0.214835,-0.150917,-0.236868,-0.025621
10158.714998,-0.089764,-0.276783,-0.195298,-0.247076,-0.064719,0.043067,-0.160791,-0.196033
10158.718998,-0.136717,-0.231026,-0.152063,-0.197944,-0.270548,0.083074,0.034448,0.212612
10158.722998,-0.180109,0.007238,-0.139926,-0.150168,-0.077615,-0.106876,-0.002481,0.153405
10158.726998,-0.196301,0.074369,-0.031021,-0.065483,0.063190,0.034724,-0.020683,-0.025169
10158.730998,0.149955,-0.172225,-0.039741,-0.153767,0.045316,-0.003378,-0.109799,-0.065228
10158.734998,0.004441,0.050180,-0.178564,-0.064216,0.012582,0.108257,0.063876,-0.069819
10158.738998,0.099909,0.020610,-0.284931,0.142430,0.015394,-0.035656,-0.069437,-0.045090
10158.742998,0.000730,0.029852,-0.053492,-0.029231,-0.168176,-0.225231,-0.098044,-0.022030
10158.746998,-0.079620,-0.025514,-0.201424,-0.227158,-0.272533,-0.074398,-0.346431,-0.101539
10158.750998,-0.026520,0.045650,0.016682,-0.172772,-0.100399,-0.070236,-0.067749,-0.215953
10158.754998,-0.196944,-0.105019,-0.166989,-0.444323,-0.269124,-0.516854,-0.049829,-0.070377
10158.758998,-0.081797,-0.176033,-0.250710,-0.272484,-0.310049,-0.170444,-0.299347,-0.066827
10158.762998,0.178666,-0.327650,-0.335743,-0.472024,-0.112721,-0.205789,-0.230427,0.150161
10158.766998,-0.107322,-0.322331,-0.321008,-0.190082,-0.279317,-0.159837,-0.205355,0.114132
10158.770998,-0.071426,-0.487528,-0.507848,-0.294208,-0.289015,-0.010255,0.114691,0.228802
10158.774998,-0.071359,-0.492215,-0.308589,-0.381046,-0.118624,0.128374,0.269198,0.245065
10158.778998,0.047903,-0.668691,-0.536858,-0.328610,0.005305,0.141478,0.274440,0.572493
10158.782998,-0.002696,-0.394191,-0.353532,-0.054848,0.271016,0.270045,0.484513,0.715408
10158.786998,0.001956,-0.383996,-0.132693,0.253187,0.368271,0.558595,0.651378,0.491051
10158.790998,0.050261,-0.300259,-0.068061,0.150963,0.389610,0.451691,0.607940,0.590646
10158.794998,0.106126,-0.020171,0.291601,0.646150,0.406156,0.798271,0.742854,0.637690
10158.798998,-0.179629,0.135631,0.384633,0.560911,1.027933,0.725745,0.741651,0.487280
10158.802998,-0.144020,0.369399,0.678890,0.860924,0.877914,0.915005,0.612967,0.290397
10158.806998,0.096829,0.775336,0.769400,0.738773,0.764569,0.490742,0.237056,0.001529
10158.810998,-0.055345,0.891190,0.966403,0.939673,0.606355,0.363174,-0.090633,-0.208679
10158.814998,0.192215,0.978922,0.998078,0.780542,0.547515,0.345456,-0.157303,-0.461486
10158.818998,0.130081,1.137457,0.931420,0.698236,0.303799,-0.005031,-0.485248,-0.730316
10158.822998,0.103829,0.845264,0.618111,0.466996,0.134174,-0.318439,-0.829788,-0.872404
10158.826998,0.190829,0.828353,0.530172,0.200938,-0.248699,-0.514367,-0.908244,-1.125102
10158.830998,-0.058969,0.580760,0.473140,-0.049557,-0.552780,-0.881490,-1.115908,-1.326226
10158.834998,-0.142123,0.457934,0.000420,-0.437924,-0.659723,-1.124597,-1.271873,-1.107913
10158.838998,-0.139685,0.181981,-0.387308,-0.725640,-1.085592,-1.238611,-1.132291,-0.910066
10158.842998,0.203314,-0.110197,-0.673448,-1.082739,-1.200110,-1.115986,-1.011686,-0.836674
10158.846998,0.045259,-0.510657,-0.846683,-1.195317,-1.286355,-1.318326,-0.825719,-0.610942
10158.850998,0.008960,-0.919289,-1.256628,-1.286805,-1.290025,-1.277338,-0.648048,-0.161716
10158.854998,0.125743,-1.269199,-1.165899,-1.277872,-1.189711,-0.825270,-0.349422,0.287609
10158.858998,-0.078786,-1.360950,-1.528334,-1.202722,-0.917421,-0.499287,0.074102,0.564794
10158.862998,0.031329,-1.581825,-1.281550,-1.061006,-0.665624,-0.009909,0.532720,0.876647
10158.866998,0.130737,-1.702476,-1.103490,-0.803798,-0.143581,0.483193,0.826559,1.229069
10158.870998,0.031463,-1.447317,-0.982848,-0.462485,0.053478,0.691899,1.268361,1.533754
10158.874998,-0.017721,-1.098128,-0.630745,-0.181028,0.489618,1.193347,1.556255,1.471084
10158.878998,0.111909,-0.898166,-0.240838,0.416760,0.953832,1.315069,1.589352,1.606681
10158.871078,-0.145375,-0.365101,0.349608,0.804147,1.254329,1.488245,1.798149,1.528920
10158.875078,-0.029488,0.185277,0.639299,1.195671,1.440161,1.461380,1.436668,1.073626
10158.879078,0.042658,0.588117,1.079588,1.395754,1.604503,1.750549,1.333213,0.898051
10158.883078,0.177697,0.886486,1.501610,1.580613,1.771033,1.493464,0.727488,0.364449
10158.887078,-0.085657,1.286849,1.580633,1.812429,1.466213,0.985966,0.442842,-0.167838
10158.891078,0.041024,1.716924,1.803109,1.697851,1.351449,0.802960,0.158390,-0.368996
10158.895078,0.080087,1.785596,1.676688,1.458125,1.029173,0.139496,-0.305064,-1.100238
10158.899078,-0.023193,1.836088,1.507025,1.143914,0.353988,-0.143460,-0.876543,-1.425163
10158.903078,0.027470,1.670756,1.314965,0.654651,-0.051958,-0.894438,-1.166669,-1.806579
10158.907078,0.161546,1.404862,0.998251,0.294687,-0.428345,-1.155095,-1.737815,-1.848784
10158.911078,-0.031448,1.059036,0.282879,-0.348340,-1.288664,-1.551423,-1.802189,-1.910054
10158.915078,-0.027015,0.635550,-0.004831,-0.709899,-1.369942,-1.775327,-1.838949,-1.511179
10158.919078,0.050148,0.139061,-0.511901,-1.252308,-1.788987,-1.844907,-1.773101,-1.438775
10158.923078,0.054374,-0.591992,-1.147256,-1.697084,-1.957736,-1.880434,-1.656888,-0.860648
10158.927078,0.045167,-0.990426,-1.664230,-1.900861,-1.947312,-1.758219,-0.962851,-0.719604
10158.931078,0.005103,-1.361092,-1.802757,-2.130866,-1.805409,-1.373090,-0.698372,0.017893
10158.935078,0.121825,-1.891530,-1.955609,-1.632718,-1.441521,-1.121637,-0.247612,0.397740
10158.939078,-0.043154,-1.699698,-1.843433,-1.835657,-1.248243,-0.481313,0.255786,1.034191
10158.943078,-0.077436,-2.004964,-1.875807,-1.389227,-0.631431,0.085343,0.734552,1.544421
10158.947078,0.106374,-1.886314,-1.541396,-0.737987,-0.013017,0.441774,1.389358,1.925631
10158.951078,0.065664,-1.705126,-1.149871,-0.231315,0.455350,1.144112,1.874396,1.842232
10158.955078,-0.009075,-1.282820,-0.647951,-0.040378,0.992626,1.429862,1.811695,1.948805
10158.959078,-0.023023,-0.855617,0.008685,0.798327,1.320894,1.747357,1.979548,1.784917
10158.963078,-0.002836,-0.413283,0.672919,1.181795,1.646056,2.042476,1.820533,1.548515
10158.967078,0.042379,0.245419,1.079068,1.295233,2.005260,1.931540,1.628948,1.067947
10158.971078,-0.055567,0.924365,1.511125,2.011196,1.988617,1.858438,1.256286,0.607421
10158.975078,-0.014655,1.102643,1.660252,1.990203,2.050682,1.569176,0.838161,0.049701
10158.979078,0.011991,1.556763,1.955354,1.951473,1.692795,1.289161,0.565560,-0.281786
10158.983078,-0.089519,1.819159,2.068714,1.937311,1.219456,0.834195,-0.165661,-0.776587
10158.987078,0.280106,1.825739,1.939129,1.473589,0.936963,0.081761,-0.874739,-1.377201
10158.991078,0.034700,2.077924,1.681672,1.236663,0.322464,-0.459855,-1.080995,-1.695934
10158.995078,0.112250,1.612693,1.356198,0.714073,-0.137200,-0.822969,-1.580508,-1.969344
10158.999078,0.035220,1.358969,0.834734,0.085828,-0.708562,-1.324234,-1.733738,-1.978344
10159.003078,-0.047687,1.085134,0.309547,-0.436287,-1.113463,-1.668808,-1.973702,-1.961348
10159.007078,-0.008845,0.550656,-0.203585,-0.961904,-1.512311,-1.993632,-1.978553,-1.619818
10159.011078,-0.083345,-0.016300,-0.764185,-1.402517,-1.733252,-1.914208,-1.897590,-1.296483
10159.015078,-0.050711,-0.690572,-1.142874,-1.813308,-1.949809,-1.813167,-1.497517,-0.973417
10159.019078,-0.099372,-1.104353,-1.673630,-1.877685,-1.934788,-1.747091,-1.122112,-0.475059
10159.023078,0.026811,-1.380704,-1.655939,-1.826045,-1.812475,-1.474419,-0.771065,0.062745
10159.027078,-0.160797,-1.752786,-1.871241,-1.828706,-1.372606,-0.876212,-0.182307,0.790094
10159.031078,-0.003303,-1.820661,-1.730345,-1.433688,-1.033006,-0.215115,0.360762,1.170877
10159.035078,-0.123381,-1.861256,-1.596090,-1.123659,-0.608928,0.025588,0.922530,1.408425
10159.039078,-0.039075,-1.524837,-1.332457,-0.769335,-0.202886,0.567098,1.358391,1.600228
10159.043078,0.062851,-1.554046,-0.983060,-0.320527,0.516881,1.076842,1.448632,1.855358
10159.047078,0.049430,-1.023521,-0.401398,0.175927,1.039643,1.417027,1.750010,1.795237
10159.051078,-0.094490,-0.429866,0.052344,0.724565,1.236348,1.754469,1.870966,1.613167
10159.055078,-0.146583,-0.162832,0.517099,1.068705,1.436231,1.566211,1.793717,1.395049
10159.059078,0.003445,0.259194,0.974906,1.431094,1.627587,1.709801,1.470831,1.020968
10159.063078,-0.088814,0.798893,1.388056,1.621076,1.891118,1.476828,0.920086,0.437734
10159.067078,-0.066930,1.171986,1.577869,1.659302,1.575415,1.402739,0.608800,0.059961
10159.104598,-0.045242,1.262214,1.395621,1.702979,1.232597,0.820381,0.296175,-0.496722
10159.108598,-0.083441,1.526861,1.532850,1.256697,1.041868,0.382217,-0.175449,-0.772403
10159.112598,0.096961,1.592224,1.350272,1.213668,0.543959,-0.086277,-0.696528,-1.338716
10159.116598,-0.060848,1.505333,1.056869,0.909673,-0.051975,-0.499146,-1.098434,-1.242145
10159.120598,0.065250,1.240512,0.727128,0.219305,-0.217637,-0.855097,-1.268648,-1.460197
10159.124598,-0.041258,0.806244,0.360769,-0.199346,-0.693514,-1.069326,-1.366854,-1.337659
10159.128598,-0.140703,0.664724,0.019617,-0.254937,-0.944959,-1.330159,-1.392244,-1.329510
10159.132598,-0.037994,0.315066,-0.134556,-0.691566,-1.176798,-1.185877,-1.309381,-1.254731
10159.136598,0.005491,-0.144559,-0.682403,-1.006559,-1.477604,-1.184752,-1.134458,-1.048351
10159.140598,0.060008,-0.427555,-0.758395,-1.027796,-1.123503,-1.253237,-0.897512,-0.580897
10159.144598,0.097843,-0.981589,-1.224855,-1.305517,-1.240818,-1.003129,-0.521515,-0.244635
10159.148598,-0.129215,-1.022259,-1.255548,-1.169140,-0.915067,-0.604644,-0.205881,0.109469
10159.152598,-0.016174,-1.070752,-1.272660,-1.163709,-0.792030,-0.573155,0.131800,0.438206
10159.156598,0.054055,-1.128990,-0.979723,-1.105182,-0.417687,0.011490,0.364312,0.785648
10159.160598,0.059638,-1.186051,-0.931189,-0.545673,-0.414885,0.245479,0.611381,0.977956
10159.164598,-0.127192,-1.036740,-0.848311,-0.487816,0.150380,0.412574,0.737622,1.122938
10159.168598,-0.034349,-0.668954,-0.548854,-0.089550,0.251864,0.742443,0.907495,1.100524
10159.172598,0.015286,-0.720013,-0.192785,0.064448,0.603822,0.889220,1.037199,0.948756
10159.176598,-0.163210,-0.244525,0.141079,0.432678,0.741399,0.714406,0.942666,0.815544
10159.180598,-0.121273,0.044375,0.285927,0.651017,0.874037,0.929607,0.697623,0.601647
10159.184598,0.212946,0.364257,0.605378,0.767123,0.746038,0.805149,0.630619,0.413443
10159.188598,-0.144648,0.512161,0.380280,0.868062,0.884291,0.922384,0.452753,0.141034
10159.192598,0.012035,0.611307,0.702341,0.640800,0.747132,0.518146,0.165433,-0.188727
10159.196598,0.246892,0.717315,0.766385,0.667127,0.612486,0.220380,0.078100,-0.193844
10159.200598,-0.102754,0.642200,0.611776,0.477644,0.316793,-0.039800,-0.022553,-0.212707
10159.204598,-0.092633,0.727128,0.547471,0.400361,0.061454,-0.104264,-0.227300,-0.567491
10159.208598,-0.074169,0.483683,0.077256,0.270666,0.085182,-0.161681,-0.293316,-0.562454
10159.212598,0.181119,0.336606,0.248732,0.047668,-0.104748,-0.331919,-0.455955,-0.583361
10159.216598,-0.043849,0.067649,0.206488,-0.160006,-0.282125,-0.478805,-0.398871,-0.523789
10159.220598,-0.244323,0.187874,-0.077388,-0.167058,-0.218483,-0.491505,-0.429094,-0.467877
10159.224598,0.098667,0.049020,-0.106864,-0.358408,-0.253387,-0.284791,-0.436497,-0.277088
10159.228598,0.058800,0.167888,-0.133449,-0.264984,-0.332554,-0.330395,-0.198998,-0.276906
10159.232598,0.093268,-0.272244,-0.137776,-0.165100,-0.194615,-0.221944,-0.145339,-0.132555
10159.236598,-0.112495,-0.123762,-0.195485,-0.132853,-0.227900,-0.153883,-0.071194,0.042359
10159.240598,0.094860,-0.242830,-0.102623,-0.189881,-0.080435,0.052307,-0.242676,0.158156
10159.244598,-0.011838,-0.205575,-0.168776,-0.214127,-0.029299,-0.140407,0.132251,0.127955
10159.248598,0.022716,-0.278977,-0.202515,-0.062476,-0.032939,0.092323,-0.263946,-0.023800
10159.252598,0.083708,-0.058045,-0.066782,-0.173949,0.102389,-0.042170,0.124523,0.168248
10159.256598,0.131713,0.018431,-0.033265,-0.048903,0.193371,-0.033915,0.085266,0.023917
10159.260598,-0.041153,0.026813,0.145648,0.001469,-0.075753,-0.135148,-0.038253,-0.127008
10159.264598,0.059389,0.313178,0.063628,0.143485,-0.151531,-0.042586,0.000540,0.017953
10159.268598,0.127927,0.038369,0.057153,-0.197298,0.016016,-0.267040,-0.047380,-0.043101
10159.272598,0.103720,0.191678,0.005304,-0.302436,-0.154787,-0.414157,-0.211496,-0.190975
10159.276598,0.063784,-0.174836,-0.264127,-0.198863,-0.157756,-0.259318,0.027895,-0.152446
10159.280598,0.067974,-0.154578,-0.310003,-0.189636,-0.406021,-0.472526,-0.185174,-0.079597
10159.284598,0.106284,-0.417451,-0.307512,-0.332234,-0.296127,-0.129910,-0.106901,0.046343
10159.288598,0.045028,-0.400907,-0.559333,-0.433798,-0.327597,-0.220962,-0.034314,0.177759
10159.292598,-0.027394,-0.384055,-0.368882,-0.610707,-0.376374,-0.298283,0.098863,0.257476
10159.296598,0.015098,-0.431262,-0.449936,-0.368251,-0.123809,0.030601,0.123445,0.516866
10159.300598,0.042457,-0.373158,-0.511303,-0.359617,-0.072111,0.277725,0.503879,0.563123
10159.276683,0.014362,-0.384503,-0.326525,0.057154,0.389485,0.295106,0.525266,0.477145
10159.280683,-0.096518,-0.329685,-0.297396,0.052926,0.476041,0.576384,0.729852,0.523289
10159.284683,0.006772,-0.029472,-0.008030,0.276807,0.601657,0.588641,0.782173,0.454446
10159.288683,-0.242565,0.005201,0.168269,0.461636,0.778941,0.821527,0.588633,0.607298
10159.292683,-0.030021,0.234742,0.475716,0.539354,0.725355,0.541140,0.667445,0.456401
10159.296683,-0.070442,0.410341,0.575457,0.947017,0.716248,0.708587,0.392099,0.248186
10159.300683,0.103820,0.432459,0.897104,1.059882,0.838129,0.560630,0.331546,-0.063013
10159.304683,0.196430,0.909882,1.026089,1.118703,0.867305,0.438794,0.102900,-0.029505
10159.308683,-0.073929,0.943879,0.870017,0.651876,0.481196,0.131977,-0.228888,-0.464190
10159.312683,-0.001189,1.128513,0.943283,0.705559,0.313296,0.139773,-0.486255,-0.673658
10159.316683,-0.118220,0.989530,1.004616,0.539966,-0.072682,-0.450313,-0.548484,-0.953539
10159.320683,-0.027524,0.837318,0.570934,0.339765,-0.306125,-0.694875,-0.876650,-1.199912
10159.324683,-0.093497,0.734147,0.339326,-0.193244,-0.496414,-0.870482,-1.302493,-1.071622
10159.328683,-0.056957,0.558965,0.230508,-0.443420,-0.893964,-0.958084,-1.279510,-0.923969
10159.332683,-0.046356,0.103732,-0.078236,-0.711843,-0.905370,-1.227084,-1.204679,-1.276024
10159.336683,0.101171,-0.141102,-0.660131,-0.960286,-1.230967,-1.356469,-1.061051,-0.784514
10159.340683,0.074106,-0.560886,-0.998460,-1.279878,-1.401156,-1.252456,-0.861735,-0.546851
10159.344683,-0.117543,-0.785272,-1.209468,-1.268263,-1.311731,-1.095171,-0.802586,-0.235877
10159.348683,-0.087264,-1.116864,-1.368491,-1.466094,-1.439983,-0.737122,-0.197856,0.352141
10159.352683,-0.096480,-1.246535,-1.363072,-1.217877,-0.995307,-0.465763,0.281429,0.801817
10159.356683,-0.004828,-1.437149,-1.591244,-0.957940,-0.546197,-0.034171,0.433620,0.987852
10159.360683,0.146575,-1.416626,-0.949277,-0.706336,-0.334513,0.298071,0.798325,1.352886
10159.364683,0.115355,-1.162324,-0.982917,-0.374026,0.300135,0.893797,1.070003,1.527679
10159.368683,-0.119304,-1.164542,-0.731004,-0.066986,0.446317,0.979253,1.346075,1.587227
10159.372683,0.003389,-0.942498,0.085015,0.379788,0.848223,1.442542,1.576221,1.447772
10159.376683,0.039061,-0.444964,0.223547,0.991983,1.321372,1.634740,1.545901,1.394921
10159.380683,-0.077081,-0.014260,0.650671,1.141781,1.649960,1.703606,1.265456,1.288546
10159.384683,0.064113,0.637083,1.074764,1.345463,1.537892,1.762164,1.107571,0.611205
10159.388683,-0.043283,0.813755,1.472906,1.731912,1.709071,1.349265,0.967771,0.502529
10159.392683,-0.143399,1.432558,1.727401,1.711108,1.551201,1.149542,0.425946,-0.309614
10159.396683,0.090652,1.472847,1.642434,1.587914,1.306049,0.671290,-0.017347,-0.524229
10159.400683,-0.033321,1.677095,1.762672,1.432990,0.916657,0.305667,-0.444667,-0.973093
10159.404683,-0.142840,1.908038,1.468376,0.934369,0.390373,-0.266009,-0.969639,-1.521312
10159.408683,0.101057,1.585707,1.045030,0.640334,0.181666,-0.824045,-1.393121,-1.730645
10159.412683,0.154422,1.393143,0.774166,0.226771,-0.495703,-1.111073,-1.724581,-1.887030
10159.416683,0.112567,1.110154,0.486516,-0.325122,-0.890761,-1.492078,-1.867123,-1.757316
10159.420683,-0.087506,0.773648,-0.005299,-0.844632,-1.418977,-1.759152,-1.891753,-1.559274
10159.424683,-0.053876,-0.037256,-0.645055,-1.181858,-1.602183,-1.879442,-1.853520,-1.421324
10159.428683,-0.065516,-0.641265,-1.178395,-1.558176,-1.907317,-1.895891,-1.455203,-1.124742
10159.432683,-0.086621,-0.877895,-1.561371,-1.914200,-1.759417,-1.801928,-1.290350,-0.510295
10159.436683,-0.004890,-1.485445,-1.599442,-2.016354,-1.825685,-1.347448,-0.553105,-0.071402
10159.440683,-0.091941,-1.637136,-1.723298,-1.869573,-1.576077,-0.937164,-0.463963,0.440978
10159.444683,-0.182531,-1.935665,-1.990581,-1.947416,-1.153796,-0.419584,0.262879,0.850028
10159.448683,0.126523,-1.778626,-1.757188,-1.387879,-0.735930,0.099002,0.813683,1.474744
10159.452683,0.044994,-1.960021,-1.597876,-0.942280,-0.126956,0.437329,1.247062,1.749653
10159.456683,-0.048677,-1.518162,-0.992099,-0.360821,0.548848,1.177222,1.654529,1.895310
10159.460683,-0.039525,-1.263768,-0.663972,-0.008036,0.854170,1.607744,1.631201,2.125015
10159.464683,0.057406,-0.866908,-0.058921,0.777553,1.350168,1.902036,2.077471,1.891800
10159.468683,-0.111071,-0.328446,0.256064,1.213574,1.657869,1.910362,2.009290,1.492629
10159.472683,0.011211,0.197901,0.956151,1.596620,2.105791,2.025726,1.881801,1.379809
10159.475582,0.076968,0.580976,1.390248,1.738696,2.286365,1.747381,1.264489,0.488330
10159.479583,-0.103626,1.252546,1.854698,1.878859,2.040595,1.561822,0.925651,0.249165
10159.483583,0.141757,1.624782,1.832913,2.014304,1.740653,1.149976,0.562351,-0.547585
10159.487583,0.035707,1.952719,1.847507,1.658845,1.446641,0.798888,0.048291,-0.912765
10159.491583,0.020107,2.018037,1.717888,1.520710,0.906110,0.218190,-0.683949,-1.176776
10159.495583,0.008034,2.113975,1.715778,1.117157,0.253618,-0.534377,-0.955216,-1.570661
10159.499583,-0.028508,1.711571,1.292117,0.458751,-0.220476,-0.852988,-1.440959,-1.923012
10159.503583,0.160025,1.535690,0.727806,-0.071913,-0.642364,-1.397471,-1.861211,-1.946053
10159.507583,0.071938,1.082060,0.287738,-0.710785,-1.076278,-1.764270,-1.908444,-1.911880
10159.511583,0.224406,0.708270,-0.302373,-1.110758,-1.674172,-1.856012,-1.986087,-1.798021
10159.515583,-0.052367,0.014691,-0.777168,-1.439369,-1.836820,-1.953120,-1.755581,-1.319970
10159.519583,-0.164840,-0.537514,-1.253305,-1.796103,-1.951612,-1.726903,-1.409324,-0.901268
10159.523583,-0.089710,-1.164307,-1.660068,-1.863815,-1.876923,-1.674351,-1.005410,-0.372288
10159.527583,-0.265128,-1.405998,-1.714588,-1.870580,-1.645500,-1.283460,-0.625716,0.108563
10159.531583,0.018408,-1.749085,-1.765218,-1.630111,-1.453582,-0.932232,-0.240637,0.659790
10159.535583,0.058784,-1.790946,-1.765253,-1.578230,-1.195413,-0.369440,0.571035,1.095732
10159.539583,0.042454,-1.740108,-1.702358,-1.137391,-0.473347,0.097212,0.912885,1.558632
10159.543583,-0.040070,-1.862513,-1.285897,-0.783296,-0.004764,0.591163,1.276906,1.795493
10159.547583,-0.002780,-1.589711,-0.858568,-0.229065,0.490527,1.195353,1.507189,1.755105
10159.551583,-0.102942,-1.038228,-0.414209,0.235351,0.988493,1.323462,1.735905,1.817056
10159.555583,-0.054206,-0.756858,-0.114485,0.736757,1.447003,1.578500,1.796881,1.354804
10159.559583,0.037327,-0.255226,0.484266,1.121756,1.368485,2.036199,1.586071,1.381590
10159.563583,0.149267,0.353491,0.816123,1.420951,1.483938,1.637733,1.587282,0.811113
10159.567583,-0.082417,0.941128,1.252875,1.502069,1.709218,1.447988,0.820261,0.386577
10159.571583,0.205699,1.148943,1.641055,1.542772,1.540652,1.194342,0.637179,0.088272
10159.575583,-0.111477,1.500549,1.644839,1.555917,1.322345,0.815185,0.080763,-0.476790
10159.579583,-0.018007,1.493755,1.641437,1.440323,0.925165,0.332942,-0.113641,-0.759167
10159.583583,-0.062159,1.442720,1.368948,1.136643,0.759968,-0.026082,-0.683625,-0.888644
10159.587583,-0.037189,1.386256,1.152325,0.693102,0.299148,-0.588200,-0.890229,-1.335048
10159.591583,-0.055669,1.233524,0.844238,0.347959,-0.287768,-0.794034,-1.290178,-1.234629
10159.595583,0.100927,1.030066,0.449477,0.013468,-0.590831,-1.066431,-1.425047,-1.428861
10159.599583,0.168356,0.642149,0.071909,-0.442566,-0.929990,-1.328712,-1.493795,-1.269890
10159.603583,0.120534,0.482256,-0.239768,-0.771712,-1.071730,-1.454345,-1.293334,-1.041082
10159.607583,0.102422,0.043844,-0.688105,-1.087230,-1.311218,-1.456620,-1.141811,-0.796697
10159.611583,0.056156,-0.456944,-0.804344,-1.142683,-1.373008,-1.520452,-0.984677,-0.528953
10159.615583,0.004735,-0.783366,-1.150997,-1.346810,-1.338093,-0.975981,-0.540122,-0.304751
10159.619583,-0.006129,-0.904632,-1.213831,-1.152861,-0.959732,-0.708705,-0.364393,0.297930
10159.623583,-0.026746,-1.139957,-1.144109,-1.126110,-0.851859,-0.474086,0.004473,0.498055
10159.627583,-0.197270,-1.159464,-1.281638,-0.933023,-0.509920,-0.145068,0.406484,0.768280
10159.631583,-0.215607,-0.976147,-0.911634,-0.691597,-0.283103,-0.010090,0.624454,0.980341
10159.635583,-0.068001,-1.052870,-0.694644,-0.227661,0.176372,0.554355,1.005872,1.106310
10159.639583,0.115667,-0.756618,-0.478585,0.058544,0.244327,0.730032,0.867394,1.061337
10159.643583,0.026790,-0.509119,-0.168150,0.271244,0.638452,0.693812,0.966771,0.919233
10159.647583,0.019413,-0.307096,0.227874,0.444106,0.831505,0.807982,0.907969,0.764912
10159.651583,0.039368,-0.126950,0.164471,0.565545,0.881343,0.815752,0.858259,0.575326
10159.655583,-0.175284,0.309898,0.586863,0.735708,0.849133,0.800624,0.569606,0.552513
10159.659583,-0.010061,0.452875,0.599045,0.826638,0.911184,0.706363,0.513788,0.280833
10159.663583,0.070735,0.659739,0.743451,0.791137,0.715215,0.604687,0.223076,0.026812
10159.667583,0.229744,0.670006,0.590732,0.649609,0.605566,0.258550,-0.039630,-0.356070
10159.671583,-0.020829,0.813815,0.599933,0.641622,0.342773,0.092158,-0.077139,-0.522310
10159.688790,0.166937,0.669861,0.655814,0.375593,0.240622,0.044790,-0.289652,-0.557277
10159.692790,-0.094312,0.492213,0.440682,0.221556,-0.027457,-0.130337,-0.433706,-0.577811
10159.696790,0.093938,0.476141,0.148677,-0.053094,-0.234151,-0.311025,-0.327817,-0.370776
10159.700790,0.075049,0.482365,0.146407,0.053095,-0.290180,-0.528440,-0.486705,-0.481966
10159.704790,0.258487,0.159755,-0.104445,-0.068257,-0.377660,-0.378396,-0.336277,-0.483875
10159.708790,0.151746,0.153805,-0.069227,-0.059149,-0.366632,-0.293083,-0.332000,-0.356261
10159.712790,-0.060778,0.149197,-0.066630,-0.175992,-0.379515,-0.249981,-0.312531,-0.018899
10159.716790,0.121291,-0.026187,-0.122633,-0.268359,-0.226515,-0.094849,-0.138162,-0.176607
10159.720790,0.125495,-0.216677,-0.205339,-0.272589,-0.474671,-0.152250,0.117341,0.017118
10159.724790,0.296330,-0.162778,-0.150649,-0.182248,-0.138663,-0.058540,0.119192,-0.047174
10159.728790,0.000872,-0.058455,0.002984,-0.326762,-0.219886,-0.032864,0.123748,0.010698
10159.732790,0.066896,0.122425,-0.069225,-0.077277,0.016814,0.016345,0.052833,0.034031
10159.736790,-0.025714,-0.124766,0.041279,-0.116701,-0.085177,-0.113459,-0.017462,0.024265
10159.740790,-0.109970,-0.004960,0.031326,-0.150606,-0.079408,0.167740,-0.090913,0.046520
10159.744790,-0.050750,0.072128,-0.052422,-0.191833,-0.074470,-0.010278,-0.002432,-0.061059
10159.748790,-0.077739,0.150788,-0.060379,-0.102998,-0.178072,-0.153288,-0.154582,-0.090698
10159.752790,-0.135290,-0.009326,-0.111897,-0.052783,-0.114443,-0.274775,-0.123569,-0.152692
10159.756790,0.079318,-0.079494,-0.040892,-0.083279,-0.206880,-0.015438,-0.153236,0.027547
10159.760790,0.252185,-0.259824,-0.069663,-0.197349,-0.250892,-0.325666,-0.293540,-0.223433
10159.764790,0.222330,-0.139965,-0.411646,-0.426037,-0.519500,-0.145837,-0.168033,-0.002992
10159.768790,0.000243,-0.197696,-0.399567,-0.342955,-0.301002,-0.350347,-0.176859,0.010834
10159.772790,0.032100,-0.251868,-0.412432,-0.401521,-0.270704,-0.180428,-0.004934,0.311390
10159.776790,-0.022306,-0.443258,-0.520335,-0.246745,-0.324199,-0.064996,0.224494,0.204478
10159.780790,0.086788,-0.720422,-0.554855,-0.317381,0.117587,0.094537,0.287857,0.535857
10159.784790,-0.108635,-0.821383,-0.214214,-0.137674,-0.023043,0.243575,0.523197,0.521568
10159.788790,0.014489,-0.266423,-0.404937,0.003231,0.068781,0.557703,0.579983,0.547446
10159.792790,-0.150057,-0.403959,-0.110271,0.246728,0.261317,0.471577,0.603348,0.575126
10159.796790,-0.051455,-0.312661,0.099874,0.277315,0.544568,0.709055,0.572507,0.693473
10159.800790,0.020945,-0.005195,0.252921,0.491254,0.696659,0.768675,0.593346,0.712855
10159.804790,-0.069576,0.199703,0.594252,0.655523,0.820366,0.563227,0.450747,0.414152
10159.808790,0.018947,0.532525,0.752979,0.662172,0.971670,0.620634,0.608204,0.179532
10159.812790,0.271580,0.581023,0.824299,0.912557,0.800982,0.528388,0.555764,-0.069518
10159.816790,-0.064649,0.815443,0.955367,0.834712,0.828199,0.466205,0.102374,-0.209673
10159.820790,-0.084860,0.902538,0.969103,0.926694,0.544784,0.186281,-0.377219,-0.594768
10159.824790,-0.165055,0.887265,0.964764,1.019539,0.361854,-0.021648,-0.519967,-0.870167
10159.828790,0.205614,0.933339,0.603871,0.496018,0.024313,-0.287542,-0.551935,-0.925475
10159.832790,0.022692,0.981183,0.873145,0.426227,-0.267719,-0.539695,-0.757994,-1.026599
10159.836790,-0.006633,0.683734,0.346051,-0.226303,-0.454198,-0.753271,-1.144836,-1.194725
10159.840790,-0.105613,0.525053,0.021452,-0.581051,-0.537986,-1.273793,-1.339577,-1.019261
10159.844790,0.065710,0.094994,-0.392697,-0.702356,-1.029754,-1.294851,-1.095556,-0.926318
10159.848790,0.133648,-0.184610,-0.567931,-1.042304,-1.180688,-1.226348,-1.012506,-0.713495
10159.852790,-0.188885,-0.595512,-0.943277,-1.178821,-1.230271,-1.145332,-0.975394,-0.380070
10159.856790,-0.080904,-0.737886,-1.062654,-1.346074,-1.354506,-1.107601,-0.737663,-0.215146
10159.860790,-0.018046,-1.200901,-1.518582,-1.411901,-1.152619,-0.817294,-0.375086,0.016554
10159.864790,0.114544,-1.353178,-1.387604,-1.255916,-0.884632,-0.428431,0.108138,0.710412
10159.868790,0.097788,-1.317989,-1.454937,-1.053393,-0.781297,-0.116819,0.474161,1.055301
10159.872790,-0.011779,-1.385540,-1.246954,-0.845254,-0.322850,0.408224,0.831466,1.024467
10159.876790,0.063574,-1.426879,-0.930361,-0.533738,0.173566,0.451772,1.189687,1.378150
10159.880790,-0.126774,-1.027947,-0.612193,-0.029302,0.518857,1.186905,1.393058,1.705691
10159.884790,0.122957,-0.635567,-0.092323,0.368014,0.986394,1.363980,1.660495,1.527976
10159.870919,-0.024324,-0.211920,0.220374,0.782977,1.268822,1.680451,1.616892,1.425446
10159.874919,0.023600,-0.152041,0.585028,1.183355,1.577631,1.547261,1.393172,1.084898
10159.878919,0.132628,0.307336,0.826703,1.668402,1.517259,1.550907,1.120223,0.725510
10159.882919,-0.013613,1.113299,1.491660,1.542519,1.476905,1.460648,0.886934,0.251861
10159.886919,0.118478,1.145246,1.609971,1.784712,1.416533,1.243680,0.422433,-0.153427
10159.890919,-0.069331,1.323326,1.709690,1.718699,1.174146,0.658405,0.003405,-0.565898
10159.894919,-0.035975,1.759262,1.726833,1.374788,1.082747,0.158794,-0.360626,-0.929984
10159.898919,-0.013830,1.789994,1.612732,1.060907,0.279595,-0.255993,-0.731560,-1.367911
10159.902919,0.007714,1.748395,1.256369,0.678326,-0.065995,-0.669891,-1.356770,-1.721805
10159.906919,0.087897,1.409664,0.933025,0.255258,-0.532238,-1.194690,-1.750325,-1.940221
10159.910919,0.060910,1.128314,0.306663,-0.280070,-0.974764,-1.427842,-1.598220,-1.774380
10159.914919,-0.069079,0.693632,-0.210306,-0.593223,-1.523119,-1.728537,-1.874280,-1.732542
10159.918919,-0.047660,0.249178,-0.562545,-1.272348,-1.530430,-1.902691,-1.716648,-1.550956
10159.922919,-0.128698,-0.339762,-1.062384,-1.394542,-1.950783,-1.797464,-1.590460,-0.943522
10159.926919,0.076880,-0.913742,-1.564240,-1.876438,-2.025619,-1.658245,-1.497989,-0.612296
10159.930919,0.090410,-1.260081,-1.939053,-1.878637,-1.915250,-1.428961,-0.692746,-0.127942
10159.934919,0.142693,-1.661218,-1.885841,-1.775446,-1.458482,-0.895971,-0.322199,0.391388
10159.938919,-0.028228,-1.852223,-2.067841,-1.625377,-1.134273,-0.499575,0.288372,1.009379
10159.942919,0.044161,-1.893700,-1.510064,-1.335556,-0.766232,-0.134950,0.663886,1.355454
10159.946919,0.068944,-1.925690,-1.474916,-0.987446,-0.128164,0.680511,1.229708,1.796750
10159.950919,-0.044040,-1.781621,-1.059933,-0.361102,0.431153,1.184940,1.616237,1.925488
10159.954919,-0.028488,-1.267291,-0.640667,0.156250,0.820174,1.402224,1.797736,2.026369
10159.958919,-0.004286,-0.892820,-0.021353,0.827225,1.297351,1.698772,2.086902,1.875827
10159.962919,-0.018338,-0.216895,0.433942,1.208709,1.715866,2.296340,1.930310,1.713353
10159.966919,-0.025066,0.276886,0.954594,1.647732,1.913880,2.036226,1.670374,1.160598
10159.970919,-0.188207,0.801947,1.349314,2.067309,1.952768,1.972399,1.528650,0.740766
10159.974919,-0.073673,1.226793,1.859463,2.214425,1.799964,1.569619,0.913740,0.195709
10159.978919,0.170686,1.542714,1.782999,1.992093,1.737797,1.126896,0.392061,-0.302636
10159.982919,-0.134990,1.916460,1.957618,1.945872,1.378670,0.666096,-0.110656,-1.036837
10159.986919,-0.012411,1.964385,1.893750,1.485954,1.035070,0.116766,-0.711183,-1.468291
10159.990919,-0.044592,1.838299,1.511325,1.058212,0.485636,-0.308874,-1.243502,-1.654765
10159.994919,0.042314,1.811721,1.430295,0.476302,-0.262291,-0.980502,-1.478954,-2.158387
10159.998919,-0.022867,1.252952,0.804450,0.262676,-0.611721,-1.475087,-1.839071,-2.057320
10160.002919,0.129457,0.782687,0.238296,-0.551050,-1.289041,-1.517809,-2.095900,-2.019092
10160.006919,0.159553,0.492521,-0.273977,-1.038828,-1.547748,-1.926085,-2.005574,-1.827050
10160.010919,0.004025,-0.090133,-0.816254,-1.325164,-1.851703,-1.947917,-1.610474,-1.309735
10160.014919,-0.053976,-0.663899,-1.230362,-1.615952,-1.973351,-1.846848,-1.551745,-0.951763
10160.018919,-0.127737,-1.007305,-1.557518,-1.723632,-1.875917,-1.687018,-0.954505,-0.380855
10160.022919,0.012351,-1.424926,-1.781633,-1.984005,-1.718949,-1.286166,-0.590643,0.217524
10160.026919,0.089481,-1.647172,-2.053938,-1.822993,-1.589803,-0.714266,-0.125273,0.597458
10160.030919,-0.075684,-1.712571,-1.811710,-1.539932,-0.990973,-0.306611,0.385079,1.188414
10160.034919,0.118134,-1.828287,-1.703215,-1.134134,-0.591177,0.326083,1.026501,1.494079
10160.038919,-0.123099,-1.743899,-1.330215,-0.808710,-0.060157,0.691669,1.316567,1.794605
10160.042919,-0.009094,-1.461721,-1.031855,-0.203216,0.417052,1.070328,1.496292,1.723336
10160.046919,0.064985,-1.070031,-0.281489,0.142758,1.032077,1.371072,1.710939,1.799647
10160.050919,0.095917,-0.519647,0.152968,0.693713,1.452175,1.694277,1.450797,1.596585
10160.054919,-0.042160,-0.181748,0.583227,1.140546,1.462930,1.867937,1.514092,1.181625
10160.058919,-0.112607,0.364601,0.971634,1.325447,1.604184,1.666423,1.308743,1.028097
10160.062919,0.152628,0.734015,1.300974,1.598300,1.803059,1.684975,1.052116,0.521879
10160.066919,0.081846,1.146651,1.399541,1.460818,1.482463,1.240056,0.648540,-0.042187
10160.076393,-0.061988,1.558720,1.481302,1.537895,1.253448,1.037085,0.101915,-0.460201
10160.080394,0.002527,1.541999,1.685009,1.482286,0.906928,0.456169,-0.210251,-0.827684
10160.084394,0.097802,1.578547,1.592174,1.141238,0.680204,-0.280111,-0.595077,-1.064770
10160.088394,0.048829,1.616730,1.251454,0.614183,0.222627,-0.340401,-1.013946,-1.378345
10160.092394,0.075533,1.264355,0.975718,0.354812,-0.463726,-0.784444,-1.254947,-1.393906
10160.096394,0.039697,0.884355,0.511108,-0.017653,-0.578920,-0.983190,-1.476537,-1.474481
10160.100394,-0.225347,0.749535,0.107936,-0.463668,-0.947174,-1.225974,-1.315606,-1.378335
10160.104394,0.040950,0.295459,-0.505441,-0.854184,-1.118358,-1.240158,-1.221684,-1.267426
10160.108394,0.099941,-0.019568,-0.586990,-1.239980,-1.343416,-1.334233,-1.219244,-1.081072
10160.112394,-0.026128,-0.564949,-0.845842,-1.152208,-1.260449,-1.262395,-0.949566,-0.541249
10160.116394,0.091363,-0.818777,-1.173035,-1.165976,-1.152710,-0.972883,-0.491016,0.029213
10160.120394,0.123065,-1.058239,-1.111833,-1.213438,-1.123797,-0.822258,-0.287898,0.248108
10160.124394,0.137932,-1.045802,-1.138204,-1.116549,-0.807825,-0.586201,0.079064,0.521531
10160.128394,0.191422,-1.153642,-0.986014,-0.939801,-0.374028,0.032627,0.449383,0.739540
10160.132394,-0.022224,-1.133040,-1.033876,-0.587911,-0.260960,0.236644,0.619658,0.807846
10160.136394,0.106128,-0.952765,-0.622477,-0.463665,-0.009102,0.432226,0.828150,1.003519
10160.140394,0.136435,-0.661865,-0.517009,0.239703,0.333949,0.816776,0.899730,1.089885
10160.144394,0.094989,-0.675845,0.008314,0.139860,0.534262,0.773185,0.914585,0.909030
10160.148394,-0.119398,-0.189359,0.111889,0.437103,0.834459,1.079841,0.780038,0.988738
10160.152394,-0.002317,-0.143545,0.376625,0.616413,0.911287,0.911266,0.867382,0.596536
10160.156394,-0.102843,0.298879,0.469430,0.779929,0.993429,0.805398,0.742871,0.418853
10160.160394,-0.036465,0.260476,0.644988,0.765928,0.709588,0.486192,0.310716,0.371557
10160.164394,0.003781,0.411703,0.651152,0.760118,0.736163,0.494889,0.468373,0.180593
10160.168394,0.038298,0.597487,0.748706,0.545734,0.643435,0.342781,-0.062542,-0.276570
10160.172394,0.057346,0.486125,0.563701,0.507452,0.468200,0.302321,-0.090961,-0.684958
10160.176394,-0.111677,0.965693,0.566414,0.140741,0.428260,-0.182091,-0.223234,-0.584586
10160.180394,0.220218,0.392805,0.359453,0.342738,-0.033828,-0.149505,-0.304530,-0.500339
10160.184394,-0.111109,0.342384,0.232837,0.138726,-0.042208,-0.287451,-0.375446,-0.674678
10160.188394,0.029770,0.284588,0.175767,0.017419,-0.338169,-0.383829,-0.322392,-0.439057
10160.192394,-0.010025,0.038012,0.051619,-0.303747,-0.319541,-0.441872,-0.384663,-0.450580
10160.196394,-0.032846,-0.049947,-0.129399,-0.212844,-0.363146,-0.403851,-0.343429,-0.192366
10160.200394,0.074461,-0.183288,-0.095823,-0.128157,-0.246419,-0.562127,-0.249252,-0.050355
10160.204394,-0.044862,0.171895,-0.422436,-0.244966,-0.202894,-0.231774,-0.169428,-0.196548
10160.208394,-0.057532,-0.091367,-0.413757,-0.134690,-0.225177,-0.114550,-0.015298,0.358145
10160.212394,0.139871,-0.267631,0.043378,-0.443158,-0.189071,-0.078180,-0.064238,0.064886
10160.216394,-0.016875,0.008446,-0.173248,-0.122548,0.097102,0.059887,-0.005170,0.105995
10160.220394,0.187265,-0.213819,-0.179008,-0.111922,-0.008652,0.095181,-0.049178,-0.042047
10160.224394,-0.131165,-0.118549,-0.085625,-0.229071,-0.059595,-0.098625,-0.001237,0.191479
10160.228394,-0.159345,0.123066,0.181922,0.102814,0.030777,0.118673,0.043240,0.086747
10160.232394,0.011867,-0.053915,0.143684,0.259305,-0.064413,-0.052203,-0.059060,-0.222265
10160.236394,-0.084827,0.089215,0.002430,-0.035254,-0.077397,-0.122605,-0.201596,-0.076537
10160.240394,0.032852,-0.051315,0.009635,-0.157884,-0.079388,-0.176142,-0.133374,-0.129855
10160.244394,-0.005632,0.017826,-0.015724,-0.157728,-0.203346,-0.260609,-0.384252,-0.145359
10160.248394,-0.126633,-0.149129,-0.271430,-0.320740,-0.340751,-0.211027,-0.171135,-0.107024
10160.252394,0.120945,0.117146,-0.224983,-0.229970,-0.288955,-0.200149,-0.334996,-0.324370
10160.256394,-0.211402,-0.354935,-0.223195,-0.346964,-0.367473,-0.177373,-0.069244,-0.094391
10160.260394,0.046889,-0.307478,-0.213925,-0.400704,-0.132324,-0.205201,0.229982,0.100300
10160.264394,0.064266,-0.440789,-0.306861,-0.237348,-0.337304,-0.091432,0.338877,0.300986
10160.268394,0.081393,-0.622549,-0.470252,-0.378831,-0.030778,0.153750,0.393541,0.312557
10160.272394,0.054867,-0.516032,-0.632068,-0.151820,0.150686,0.394913,0.414449,0.617450
10160.279619,0.054537,-0.545970,-0.370248,-0.053278,0.167407,0.410202,0.508899,0.637375
10160.283619,-0.106639,-0.216586,-0.310825,0.122781,0.350319,0.540493,0.568656,0.501538
10160.287619,0.024035,-0.238633,0.096609,0.160611,0.715145,0.670639,0.406281,0.652989
10160.291619,-0.047192,-0.139565,0.389454,0.611183,0.725455,0.766806,0.761849,0.397533
10160.295619,0.019168,0.316792,0.581738,0.584641,0.815224,0.670071,0.664633,0.341492
10160.299619,-0.087001,0.457723,0.600288,0.741909,0.880008,0.591541,0.489725,0.070999
10160.303619,-0.135502,0.757128,0.790066,0.825003,0.910327,0.789705,0.360517,0.093620
10160.307619,-0.055162,0.831821,0.936775,0.935583,0.829314,0.303980,0.011352,-0.314011
10160.311619,-0.097016,0.984022,0.993044,0.839562,0.528902,0.352767,-0.144716,-0.540438
10160.315619,0.006654,1.101845,0.949580,0.601234,0.518715,-0.008726,-0.559117,-0.946914
10160.319619,0.068881,1.143133,0.849059,0.532731,0.131076,-0.346652,-0.876845,-1.032262
10160.323619,0.079457,0.973826,0.583111,0.143561,-0.218737,-0.668988,-0.944556,-1.082718
10160.327619,-0.077721,0.813523,0.319719,-0.063563,-0.537384,-0.738137,-1.050851,-1.108912
10160.331619,0.037128,0.686757,0.018126,-0.420321,-0.818997,-1.292562,-1.186296,-1.011586
10160.335619,0.051478,0.317531,-0.236269,-0.697941,-0.978683,-1.187985,-1.223005,-0.996357
10160.339619,-0.238304,-0.020121,-0.668778,-1.123822,-1.271428,-1.086415,-1.090131,-0.739748
10160.343619,0.208619,-0.449315,-0.980412,-1.395441,-1.248855,-1.268023,-0.838933,-0.476703
10160.347619,0.040877,-0.774627,-1.368577,-1.332192,-1.291522,-1.009203,-0.577824,-0.107684
10160.351619,-0.064785,-1.257899,-1.516362,-1.351576,-1.109237,-0.817584,-0.202520,0.244225
10160.355619,-0.008563,-1.493039,-1.464010,-1.181931,-0.794613,-0.471520,0.184991,0.775526
10160.359619,-0.093738,-1.424574,-1.352712,-0.970834,-0.704271,-0.037107,0.468028,1.023707
10160.363619,0.122139,-1.305092,-1.089426,-0.886509,-0.289929,0.439787,0.929788,1.240844
10160.367619,-0.091646,-1.724631,-1.109096,-0.451374,0.143065,0.779921,1.253220,1.691569
10160.371619,-0.076982,-1.299483,-0.693215,0.162782,0.592576,1.198685,1.380246,1.506775
10160.375619,-0.171419,-0.811171,-0.188037,0.515394,1.037255,1.582996,1.561296,1.553287
10160.379619,-0.001560,-0.447232,0.294083,0.817849,1.475336,1.494384,1.564132,1.255226
10160.383619,0.033838,-0.065503,0.691098,1.094337,1.447794,1.569199,1.567636,1.106672
10160.387619,-0.012276,0.578866,1.025850,1.298293,1.560405,1.562847,1.265404,0.811642
10160.391619,-0.014524,1.053925,1.455745,1.530020,1.412974,1.309939,0.952679,0.361276
10160.395619,-0.010544,1.332913,1.778658,1.723036,1.569551,1.273520,0.342465,0.024583
10160.399619,-0.255913,1.514735,1.695835,1.476143,1.261114,0.716108,0.129055,-0.548722
10160.403619,0.017355,1.868787,1.787702,1.394638,0.925693,0.197752,-0.553471,-1.014773
10160.407619,-0.149889,1.765164,1.329895,1.105131,0.396507,-0.174236,-0.918388,-1.437554
10160.411619,0.005219,1.611625,1.214154,0.618766,-0.035390,-0.773337,-1.258110,-1.867252
10160.415619,-0.149915,1.617953,0.833085,0.088994,-0.527117,-1.083029,-1.554248,-1.905402
10160.419619,-0.051267,1.035879,0.436787,-0.315163,-1.088099,-1.572345,-1.841299,-1.683658
10160.423619,-0.017736,0.950164,-0.133033,-0.983676,-1.365359,-1.667669,-1.826957,-1.671506
10160.427619,-0.037969,0.084493,-0.851935,-1.171207,-1.741566,-1.776185,-1.843396,-1.422264
10160.431619,0.124919,-0.277147,-1.009068,-1.796329,-2.007955,-1.794924,-1.635729,-1.020969
10160.435619,0.020743,-0.885372,-1.595760,-1.740231,-1.966786,-1.635737,-1.237818,-0.362099
10160.439619,0.144850,-1.134938,-1.612564,-1.950357,-1.854526,-1.504673,-0.742719,-0.027993
10160.443619,-0.004302,-1.769817,-1.896013,-1.921356,-1.595783,-0.959905,-0.264213,0.359862
10160.447619,-0.078771,-1.846403,-1.944055,-1.877917,-1.101840,-0.486338,0.176046,0.935976
10160.451619,0.016522,-2.189204,-1.755155,-1.253790,-0.612764,0.171093,0.726689,1.534588
10160.455619,0.027231,-1.969733,-1.468910,-0.870600,-0.019657,0.712987,1.200871,1.787319
10160.459619,0.032996,-1.633303,-1.145787,-0.226908,0.309496,1.256026,1.498637,1.904861
10160.463619,0.076457,-1.407103,-0.700292,0.197155,0.719400,1.615462,2.036464,2.136858
10160.467619,0.032553,-0.886245,-0.123930,0.710178,1.359787,1.769149,2.150784,1.849665
10160.471619,0.143728,-0.308678,0.463987,1.220808,1.750345,1.957434,2.000207,1.688426
10160.475619,0.165324,0.239013,0.896109,1.500428,2.160240,1.797899,1.626981,1.242858
10160.485412,0.000000,0.847253,1.487355,1.794294,2.150374,1.737426,1.340488,0.922612
10160.489412,48.175369,1.274949,1.902798,1.725952,1.889679,1.662949,0.947188,0.237812
10160.493412,84.432793,1.650944,1.863152,2.048514,1.725340,1.054395,0.413631,-0.459986
10160.497412,99.802673,1.923349,2.013604,1.862154,1.360176,0.757654,-0.100477,-0.773286
10160.501412,90.482704,1.844984,1.897270,1.573430,0.864562,0.207470,-0.595805,-1.506704
10160.505412,58.778526,1.817135,1.546644,1.204344,0.373782,-0.479157,-1.162263,-1.746478
10160.509412,12.533323,1.832182,1.220116,0.486426,-0.249709,-0.929776,-1.590498,-1.917001
10160.513412,-36.812454,1.383109,0.718710,-0.014013,-0.562607,-1.134970,-1.792596,-1.895852
10160.517412,-77.051323,0.943852,0.327214,-0.717758,-1.094458,-1.740120,-2.047070,-1.860847
10160.521412,-98.228722,0.471179,-0.227212,-0.930926,-1.523530,-1.982838,-1.909760,-1.668492
10160.525412,-95.105652,0.055330,-0.919707,-1.378306,-1.649356,-1.961309,-1.882455,-1.292184
10160.529412,-68.454712,-0.665045,-1.453062,-1.576456,-1.828923,-1.804028,-1.670169,-0.851221
10160.533412,0.103355,-0.812705,-1.594031,-1.849131,-2.095518,-1.512379,-0.998770,-0.370353
10160.537412,0.118763,-1.495093,-1.811949,-1.908731,-1.593729,-1.144947,-0.587420,0.139528
10160.541412,0.055093,-1.724824,-1.738297,-1.817582,-1.357525,-0.874989,-0.011429,0.609333
10160.545412,0.206656,-1.844509,-1.721032,-1.584442,-1.027122,-0.323916,0.440787,0.994602
10160.549412,-0.057080,-1.821654,-1.578480,-1.163369,-0.542510,0.057726,0.926538,1.513382
10160.553412,0.096119,-1.675264,-1.363490,-0.749820,-0.007444,0.673502,1.186291,1.504536
10160.557412,-0.055561,-1.452485,-0.865225,-0.272025,0.444054,1.109195,1.716362,1.767272
10160.561412,-0.154868,-1.126016,-0.250123,0.404736,1.007745,1.497284,1.794506,1.733048
10160.565412,0.086730,-0.528884,0.139498,0.661363,1.245129,1.575295,1.851442,1.627651
10160.569412,0.039214,-0.088829,0.382396,1.202055,1.480476,1.676638,1.563030,1.328890
10160.573412,-0.006682,0.185066,0.759984,1.390430,1.749099,1.742578,1.519655,0.932456
10160.577412,-0.035369,0.744661,1.350747,1.752699,1.624261,1.468287,1.094949,0.496097
10160.581412,-0.058069,1.103562,1.415619,1.718249,1.693541,1.182837,0.858216,0.056455
10160.585412,-0.069743,1.448235,1.505693,1.635722,1.334409,0.805053,0.202176,-0.465000
10160.589412,0.103159,1.506763,1.607800,1.383186,0.959938,0.461280,-0.137924,-0.764245
10160.593412,-0.018889,1.448251,1.376180,1.066839,0.592892,-0.178801,-0.538379,-1.072256
10160.597412,-0.058195,1.374039,1.124392,0.606445,0.138160,-0.438776,-0.857833,-1.286523
10160.601412,0.124712,1.278338,0.778194,0.513221,-0.274491,-0.942045,-1.190416,-1.611806
10160.605412,-0.008463,0.933680,0.546228,0.026675,-0.653236,-1.117950,-1.295930,-1.532996
10160.609412,0.006447,0.688231,0.019218,-0.482554,-0.924278,-1.140926,-1.540621,-1.364136
10160.613412,0.135375,0.352808,-0.313152,-0.790514,-1.115965,-1.315531,-1.219778,-1.031813
10160.617412,-0.138229,-0.282389,-0.682631,-1.223247,-1.158459,-1.494653,-1.225569,-0.951329
10160.621412,-0.158709,-0.353807,-0.962598,-1.009496,-1.172216,-1.225775,-1.161116,-0.566878
10160.625412,0.228590,-0.722625,-1.114046,-1.323275,-1.146077,-0.982506,-0.620561,-0.066017
10160.629412,0.108239,-0.939780,-1.353629,-1.322691,-1.129225,-0.751872,-0.164924,0.371685
10160.633412,0.039168,-1.058193,-1.346719,-1.138240,-0.884791,-0.500377,0.080511,0.433262
10160.637412,-0.189514,-1.065412,-0.984792,-0.863537,-0.560553,-0.202260,0.252459,0.840614
10160.641412,-0.074838,-0.894677,-0.841641,-0.600710,0.035332,0.325949,0.559632,0.812856
10160.645412,-0.042399,-0.972644,-0.784531,-0.459572,0.090833,0.560283,0.989629,1.021545
10160.649412,0.060250,-0.950445,-0.358054,-0.155807,0.372911,0.683341,0.904000,0.879040
10160.653412,-0.075700,-0.620869,-0.225787,0.336234,0.533901,0.766411,1.036264,0.993700
10160.657412,0.203229,-0.164371,-0.098524,0.531450,0.801466,1.069148,0.916194,0.936021
10160.661412,-0.035462,0.020591,0.229861,0.490660,0.912194,0.897083,0.703625,0.721509
10160.665412,-0.273562,0.143715,0.355853,0.859608,0.801488,0.829268,0.703284,0.502771
10160.669412,0.069532,0.496835,0.622377,0.867662,0.731128,0.649501,0.324054,0.360671
10160.673412,-0.099365,0.696407,0.765094,0.779032,0.727978,0.411686,0.426807,-0.062413
10160.677412,0.101290,0.579785,0.567307,0.876966,0.483140,0.371793,-0.244617,-0.225236
10160.681412,0.060406,0.666896,0.643251,0.532935,0.457735,0.001518,-0.152506,-0.225470
10160.675390,-0.148270,0.605480,0.440343,0.431480,0.194286,-0.142889,-0.278157,-0.463382
10160.679390,-0.060927,0.492838,0.353181,0.009791,0.114176,-0.078656,-0.562621,-0.397247
10160.683390,0.040148,0.310869,0.250258,0.009432,-0.031045,-0.399720,-0.233370,-0.399659
10160.687390,-0.122495,0.454919,0.199228,-0.072870,-0.165485,-0.280364,-0.531672,-0.385956
10160.691390,-0.043272,0.241225,-0.016306,-0.265455,-0.238679,-0.430620,-0.408552,-0.349825
10160.695390,0.146927,-0.002454,-0.189367,-0.069737,-0.328089,-0.427014,-0.323652,-0.326838
10160.699390,-0.026776,0.203458,-0.271363,-0.408749,-0.194435,-0.358696,-0.243818,-0.124879
10160.703390,-0.174982,-0.004060,-0.260546,-0.069694,-0.354858,-0.092411,-0.010156,-0.141484
10160.707390,-0.019031,-0.180139,-0.050419,-0.207279,-0.160498,-0.184130,-0.052725,0.038836
10160.711390,-0.059679,0.029791,-0.193164,-0.068825,-0.270873,-0.027139,0.074649,0.063300
10160.715390,0.107590,-0.190757,-0.077771,-0.263057,-0.065192,-0.116216,0.004942,0.196687
10160.719390,0.173784,-0.203602,0.054268,0.085451,0.002094,0.134137,-0.014189,0.000726
10160.723390,-0.050959,0.047072,-0.029776,-0.084307,-0.070253,0.006448,-0.069767,0.088509
10160.727390,0.119509,0.119057,0.306263,0.047409,0.166060,0.005655,-0.047892,-0.012410
10160.731390,0.016638,0.039756,-0.080943,-0.099601,0.082947,0.028952,0.107615,-0.114638
10160.735390,-0.048604,-0.056156,0.117413,-0.126139,-0.083134,-0.079662,-0.281371,-0.042336
10160.739390,0.101006,0.064389,-0.040518,-0.098767,-0.004675,-0.166491,-0.174812,-0.216120
10160.743390,-0.279912,0.094750,-0.100225,-0.257315,-0.002742,-0.181281,-0.222985,-0.046915
10160.747390,0.036794,-0.057683,-0.245695,-0.179350,-0.181204,-0.319907,-0.393899,-0.023114
10160.751390,0.062846,-0.104493,-0.271110,-0.224505,-0.382275,-0.283603,-0.277255,0.061838
10160.755390,-0.004675,-0.269292,-0.316552,-0.396356,-0.246165,-0.068516,-0.006586,-0.131203
10160.759390,0.010980,-0.375189,-0.299780,-0.447659,-0.405744,-0.081161,-0.004587,0.097422
10160.763390,-0.026011,-0.610561,-0.438827,-0.403208,-0.179761,-0.078302,0.129794,0.245546
10160.767390,-0.025462,-0.628490,-0.342440,-0.312130,-0.322291,-0.078547,0.374935,0.416762
10160.771390,-0.001992,-0.518320,-0.338862,-0.045082,0.065997,0.268575,0.360856,0.380231
10160.775390,0.047447,-0.414432,-0.170616,0.122724,0.074994,0.339981,0.617499,0.616248
10160.779390,0.144339,-0.388298,0.071267,0.136484,0.533445,0.313353,0.701687,0.654975
10160.783390,-0.209363,-0.219675,-0.065616,0.273644,0.574006,0.666335,0.746079,0.649828
10160.787390,0.235438,-0.000318,0.277502,0.560303,0.688654,0.600707,0.780548,0.684396
10160.791390,0.155524,0.261970,0.450845,0.715994,0.975305,0.759955,0.529577,0.637646
10160.795390,-0.101811,0.264730,0.704777,0.862254,0.890650,0.827516,0.505759,0.209976
10160.799390,-0.057321,0.653737,0.885894,0.987404,0.735453,0.503482,0.423853,-0.061353
10160.803390,-0.098516,0.641369,1.076782,0.930765,0.787400,0.494675,0.121618,-0.267805
10160.807390,-0.007029,0.863351,0.794770,1.058264,0.572969,0.174236,-0.246474,-0.420458
10160.811390,0.014473,0.941072,0.897829,0.718784,0.303768,0.026585,-0.231507,-0.807523
10160.815390,-0.028495,0.930883,0.788510,0.275425,0.177224,-0.480544,-0.789328,-0.953993
10160.819390,0.137743,0.829795,0.584007,0.227728,-0.303281,-0.646724,-1.095653,-1.148711
10160.823390,0.123046,0.815084,0.291813,-0.213629,-0.564968,-1.038730,-1.124818,-1.190675
10160.827390,-0.044660,0.464243,0.076217,-0.540576,-0.733713,-0.983438,-0.975624,-1.083580
10160.831390,0.147303,0.264069,-0.295781,-0.869853,-0.978042,-1.200488,-1.016207,-0.909484
10160.835390,0.105582,-0.237458,-0.624491,-1.211837,-1.179346,-1.140353,-0.958123,-0.800937
10160.839390,-0.181374,-0.586619,-0.959378,-1.184577,-1.515701,-1.210656,-1.008674,-0.327231
10160.843390,-0.233493,-0.762942,-1.211604,-1.549754,-1.121960,-0.902974,-0.503264,-0.113572
10160.847390,-0.067156,-1.138448,-1.302987,-1.417786,-1.247689,-0.734068,-0.266052,0.348268
10160.851390,0.152304,-1.263583,-1.534903,-1.275298,-0.895670,-0.371570,0.184087,0.628278
10160.855390,-0.049043,-1.355450,-1.333983,-1.050187,-0.691225,0.141303,0.518763,0.972528
10160.859390,0.024911,-1.465985,-1.341320,-0.757616,-0.387796,0.349461,0.709986,1.051685
10160.863390,0.061300,-1.444317,-0.906259,-0.403895,0.186780,0.676107,1.179955,1.400036
10160.867390,0.094482,-1.152667,-0.625165,0.069580,0.529135,0.918325,1.330437,1.662494
10160.871390,0.008260,-0.748881,-0.159552,0.607466,0.773633,1.371506,1.579685,1.527008
10160.871028,0.079951,-0.295235,0.231500,0.676470,1.559862,1.572704,1.606861,1.505830
10160.875028,-0.039328,0.196420,0.661253,1.394142,1.591688,1.578146,1.712723,1.176368
10160.879028,-0.060887,0.381909,1.161616,1.633275,1.709003,1.624445,1.426160,0.815601
10160.883028,-0.065790,0.890739,1.475150,1.721045,1.776498,1.447543,1.006882,0.358983
10160.887028,0.096425,1.395474,1.620768,1.702798,1.566955,1.125077,0.655022,-0.125193
10160.891028,-0.142341,1.479140,1.727836,1.711651,1.205075,0.786358,-0.021653,-0.603627
10160.895028,0.041453,1.642617,1.762773,1.588686,0.894030,0.268968,-0.405584,-1.048501
10160.899028,0.002405,1.778587,1.402952,1.143327,0.361707,-0.193407,-0.826023,-1.384106
10160.903028,-0.088367,1.704311,1.249444,0.616392,0.183486,-0.807461,-1.253683,-1.537700
10160.907028,0.038279,1.367582,0.821374,0.050768,-0.515220,-1.146713,-1.643419,-1.688201
10160.911028,-0.003733,0.914250,0.557297,-0.434557,-0.941643,-1.453524,-1.818599,-1.734351
10160.915028,0.011898,0.587564,-0.310346,-0.984289,-1.120833,-1.694553,-1.744515,-1.435243
10160.919028,-0.031451,0.103724,-0.779352,-1.281227,-1.730389,-1.925050,-1.680124,-1.340481
10160.923028,0.096928,-0.527823,-1.085435,-1.569986,-1.688581,-1.848498,-1.577392,-0.914819
10160.927028,-0.020963,-0.859120,-1.441282,-1.889664,-1.978616,-1.697880,-1.260382,-0.704016
10160.931028,0.072151,-1.291064,-1.852121,-2.020907,-1.752270,-1.215921,-0.667264,0.089636
10160.935028,-0.030447,-1.645363,-1.945352,-1.955776,-1.527964,-1.063069,-0.330940,0.457971
10160.939028,-0.033848,-1.902612,-2.145911,-1.776898,-1.014633,-0.482279,0.338358,1.044483
10160.943028,-0.010828,-2.056635,-1.852195,-1.156623,-0.755148,0.227836,0.763151,1.399273
10160.947028,0.007643,-1.903812,-1.609444,-0.915663,-0.320924,0.629711,1.292408,1.826094
10160.951028,-0.049685,-1.584604,-1.072236,-0.389625,0.569518,1.136469,1.594730,2.096631
10160.955028,0.051021,-1.123937,-0.812289,0.113598,0.862427,1.316144,1.905198,1.947537
10160.959028,-0.199891,-0.920091,0.050952,0.772316,1.275656,1.733084,2.078474,1.677726
10160.963028,0.059359,-0.501846,0.624397,1.234840,1.515434,1.933841,1.975468,1.420982
10160.967028,-0.004354,0.280042,0.767340,1.642804,1.910975,2.077558,1.722525,1.134554
10160.971028,-0.115471,0.734158,1.395339,1.954165,1.972070,1.691727,1.368431,0.612947
10160.975028,0.034994,1.298249,1.821002,1.955625,1.853465,1.517118,0.965059,0.180964
10160.979028,0.160961,1.583065,1.933508,1.896751,1.626958,1.041699,0.357345,-0.131454
10160.983028,0.054386,1.840395,1.926733,1.930702,1.263261,0.511122,-0.040167,-0.936139
10160.987028,-0.128348,1.875468,1.930110,1.494560,0.793792,0.190612,-0.709545,-1.465384
10160.991028,-0.130785,1.945203,1.562761,1.099913,0.483047,-0.465377,-0.848671,-1.630811
10160.995028,-0.017629,1.619782,1.235076,0.568416,-0.097735,-0.973818,-1.472351,-1.882000
10160.999028,0.097477,1.536553,0.838042,0.132167,-0.589464,-1.298731,-1.769429,-1.927420
10161.003028,0.161167,1.014130,0.355114,-0.549024,-1.021630,-1.638710,-1.973817,-1.906673
10161.007028,-0.021839,0.502978,-0.235450,-0.995971,-1.706333,-1.705727,-1.905482,-1.659786
10161.011028,-0.004803,0.060377,-0.764520,-1.422224,-1.825832,-1.811796,-1.757604,-1.351611
10161.015028,-0.043545,-0.586237,-1.109036,-1.786357,-1.847371,-1.771855,-1.468624,-0.929978
10161.019028,-0.148203,-0.961931,-1.725392,-1.848353,-1.875042,-1.532412,-1.182762,-0.505253
10161.023028,0.053459,-1.433996,-1.991846,-1.891444,-1.522876,-1.202250,-0.737750,0.159966
10161.027028,0.098280,-1.863677,-1.903211,-1.642435,-1.552901,-0.843356,-0.127629,0.577739
10161.031028,0.137585,-1.709635,-1.845015,-1.623104,-0.869102,-0.242219,0.403968,1.134743
10161.035028,0.064753,-1.918037,-1.677748,-1.159175,-0.717903,0.156197,0.797265,1.446235
10161.039028,-0.112616,-1.647337,-1.280903,-0.727826,0.024047,0.734613,1.247018,1.676311
10161.043028,-0.067867,-1.493829,-0.738086,-0.251283,0.468032,1.090312,1.596848,1.729512
10161.047028,-0.044779,-0.963864,-0.579654,0.280015,0.831693,1.226229,1.715091,1.641500
10161.051028,-0.133334,-0.359926,0.109259,0.777888,1.272275,1.520057,1.735199,1.561816
10161.055028,-0.192427,0.032744,0.514657,1.030590,1.546879,1.583772,1.552816,1.474536
10161.059028,-0.051973,0.322356,0.949245,1.393272,1.613835,1.897742,1.345490,0.862843
10161.063028,0.049064,0.627277,1.372422,1.571331,1.683200,1.524420,1.057903,0.614192
10161.067028,0.064975,1.167772,1.343255,1.610827,1.535026,1.385000,0.550507,0.003430
10161.077820,0.108158,1.285723,1.532345,1.740725,1.345595,0.931217,0.325370,-0.366014
10161.081820,0.009146,1.617701,1.491980,1.557688,0.927743,0.530950,-0.138534,-0.832832
10161.085820,0.048357,1.569665,1.259974,1.088774,0.466415,0.045858,-0.614478,-1.016622
10161.089820,-0.069677,1.336078,1.085436,0.940824,0.474993,-0.220694,-1.103692,-1.471646
10161.093820,-0.106511,1.344531,1.080092,0.429631,-0.223639,-0.879930,-1.241010,-1.443957
10161.097820,0.088267,0.931304,0.533977,-0.041170,-0.610726,-1.117881,-1.359649,-1.465908
10161.101820,-0.078184,0.722534,0.255745,-0.435478,-0.938968,-1.198122,-1.401145,-1.235182
10161.105820,0.010634,0.314289,-0.112247,-0.656614,-1.177591,-1.255402,-1.464373,-1.165054
10161.109820,0.083357,0.030095,-0.703407,-1.040727,-1.289399,-1.354283,-1.317270,-0.814139
10161.113820,-0.127561,-0.358103,-0.769945,-1.264051,-1.439666,-1.228678,-1.003586,-0.553827
10161.117820,0.009156,-0.858470,-0.931410,-1.326247,-1.141254,-1.108462,-0.642814,-0.134597
10161.121820,0.013564,-1.008898,-1.244242,-1.265140,-1.135083,-0.714842,-0.131699,0.202354
10161.125820,0.059579,-1.004988,-1.240700,-1.276397,-0.829184,-0.351216,0.223569,0.380337
10161.129820,0.109979,-1.123570,-1.144024,-0.996962,-0.602121,-0.054993,0.458466,0.461094
10161.133820,0.051247,-1.153296,-0.984622,-0.593024,-0.044014,0.126591,0.593112,0.757673
10161.137820,0.043850,-1.031375,-0.551092,-0.311095,0.038966,0.443834,0.840332,1.082985
10161.141820,-0.116884,-0.780187,-0.444182,-0.033753,0.473015,0.545101,1.023779,1.063852
10161.145820,-0.049780,-0.444788,-0.204690,0.036755,0.225790,0.712061,0.916890,0.978211
10161.149820,0.059730,-0.291288,-0.040646,0.412882,0.711024,1.076954,0.991727,0.660736
10161.153820,-0.031504,0.061197,0.337454,0.465727,0.907073,0.933072,0.816002,0.559421
10161.157820,0.101333,0.043304,0.366499,0.666208,0.875068,0.684968,0.618391,0.387776
10161.161820,0.034318,0.389030,0.621621,0.711770,0.905571,0.755675,0.540111,0.115230
10161.165820,-0.051260,0.602966,0.652614,0.666453,0.720149,0.387423,0.245309,0.062984
10161.169820,0.014528,0.529399,0.757711,0.618524,0.628051,0.376523,0.023446,-0.293133
10161.173820,-0.084929,0.911611,0.423914,0.378011,0.480926,0.219547,-0.092800,-0.568132
10161.177820,0.053882,0.518163,0.540790,0.442068,0.241642,-0.113559,-0.152089,-0.388667
10161.181820,-0.096015,0.486518,0.342117,0.231576,0.084402,-0.383210,-0.586017,-0.601257
10161.185820,0.135270,0.444841,0.428897,0.064415,-0.207581,-0.475605,-0.528578,-0.577530
10161.189820,-0.242520,0.206968,0.041258,-0.055633,-0.237274,-0.340827,-0.618109,-0.582954
10161.193820,0.092594,0.133892,0.082029,-0.178842,-0.282984,-0.339881,-0.479654,-0.457423
10161.197820,-0.067998,0.033328,-0.047136,-0.274980,-0.212899,-0.197537,-0.447731,-0.173632
10161.201820,-0.001790,-0.015834,-0.185954,-0.143031,-0.282251,-0.355546,-0.317468,-0.308830
10161.205820,-0.057161,0.003913,-0.096110,-0.323588,-0.385034,-0.153805,-0.141915,-0.290140
10161.209820,0.287973,-0.147569,-0.032217,-0.207802,-0.317846,-0.150373,-0.246692,-0.027473
10161.213820,-0.108803,-0.167898,-0.147993,-0.142273,-0.290678,-0.160021,-0.229364,0.098796
10161.217820,0.020281,-0.237516,0.015566,-0.064328,-0.090572,-0.084257,-0.051937,-0.020160
10161.221820,0.117396,-0.047915,-0.175157,0.075225,-0.039411,-0.093559,0.224855,-0.057383
10161.225820,-0.082524,-0.024302,0.012172,-0.088012,-0.224547,0.009575,-0.089445,-0.014234
10161.229820,-0.081024,-0.086690,-0.011493,-0.056884,-0.087469,0.083836,-0.119543,-0.049573
10161.233820,-0.003749,-0.116944,-0.084462,-0.005613,-0.038071,-0.133278,-0.072863,-0.048593
10161.237820,0.058683,0.125407,0.132726,-0.026162,-0.218944,-0.140558,-0.251930,-0.035525
10161.241820,0.137312,0.036098,0.084394,0.013860,-0.114329,-0.119158,-0.077922,-0.287057
10161.245820,0.024782,0.040528,-0.243386,0.021444,-0.104520,-0.115150,-0.161494,-0.243592
10161.249820,-0.126848,-0.102457,-0.115146,-0.194734,-0.104210,-0.290652,-0.240412,-0.117342
10161.253820,-0.115620,-0.038514,-0.300733,-0.295452,-0.235557,-0.340206,-0.144823,-0.054677
10161.257820,0.097539,-0.291635,-0.645571,-0.465944,-0.478382,-0.041598,0.036902,-0.173914
10161.261820,-0.101054,-0.529204,-0.402362,-0.488340,-0.328250,-0.302441,0.040368,-0.008128
10161.265820,0.250309,-0.319018,-0.207672,-0.312190,-0.077360,0.031471,0.025796,0.253851
10161.269820,0.042405,-0.400292,-0.446321,-0.252502,-0.156643,0.038750,0.124026,0.465355
10161.273820,-0.049217,-0.646540,-0.446892,-0.169611,0.088295,0.219393,0.524802,0.683520
10161.279631,-0.028675,-0.372583,-0.347321,-0.178526,0.096506,0.314925,0.506898,0.814353
10161.283631,-0.052361,-0.406584,-0.113473,-0.001184,0.385269,0.619710,0.801312,0.784029
10161.287631,0.036311,-0.240480,0.041606,0.366361,0.538825,0.669551,0.616994,0.701178
10161.291631,0.029775,-0.101872,0.415153,0.539065,0.548869,0.853594,0.644098,0.514345
10161.295631,-0.018692,0.279354,0.471958,0.751536,0.639309,0.672017,0.652124,0.344194
10161.299631,-0.020435,0.496501,0.592547,0.747843,0.855816,0.527059,0.622684,0.237717
10161.303631,0.009306,0.586126,0.900608,0.880585,0.947847,0.457014,0.341680,-0.004213
10161.307631,0.031127,0.966748,0.799663,0.763742,0.697544,0.261681,0.331020,-0.172141
10161.311631,0.051725,1.039331,1.098410,0.772236,0.533070,0.252218,-0.216801,-0.618171
10161.315631,-0.052952,1.065583,1.019332,0.560573,0.323456,-0.060326,-0.582984,-0.720443
10161.319631,-0.010708,0.920021,0.755626,0.524988,0.165077,-0.313169,-0.518087,-0.850836
10161.323631,0.055134,0.844946,0.715790,0.121515,-0.161443,-0.879077,-0.985982,-1.235714
10161.327631,-0.028625,0.579601,0.339045,-0.065614,-0.608742,-0.924367,-1.083193,-1.154381
10161.331631,0.134792,0.409820,0.076262,-0.410689,-0.988352,-1.087236,-1.204284,-1.162453
10161.335631,0.177433,0.294925,-0.391088,-0.684614,-0.993179,-1.209873,-1.304753,-1.078740
10161.339631,0.052788,-0.128943,-0.677487,-0.887899,-1.085454,-1.113968,-0.948728,-0.767028
10161.343631,-0.133485,-0.565099,-0.963076,-1.288431,-1.350839,-1.315747,-0.833481,-0.309052
10161.347631,0.238200,-0.839388,-1.212813,-1.348760,-1.153584,-0.903567,-0.652323,-0.002539
10161.351631,0.016162,-1.218511,-1.373054,-1.193235,-1.089739,-0.834059,-0.191862,0.327065
10161.355631,-0.030996,-1.423878,-1.530801,-1.438426,-0.999795,-0.470258,0.224293,0.716509
10161.359631,0.019651,-1.643700,-1.342218,-1.242880,-0.533440,0.021469,0.498949,1.062895
10161.363631,0.101421,-1.441864,-1.226933,-0.920358,-0.278142,0.239492,0.768640,1.193824
10161.367631,-0.196154,-1.236017,-0.927780,-0.304739,0.252289,0.788699,1.272478,1.480748
10161.371631,0.130507,-1.155341,-0.602339,-0.032810,0.792993,1.034264,1.565307,1.420582
10161.375631,0.010028,-0.796256,-0.291212,0.362195,1.031456,1.350640,1.480161,1.618813
10161.379631,-0.002119,-0.344601,0.362434,1.000002,1.080410,1.562584,1.430421,1.652207
10161.383631,0.015075,0.164565,0.629198,1.175689,1.656093,1.697202,1.662459,1.032689
10161.387631,-0.021805,0.573937,1.158427,1.536795,1.537985,1.497175,1.304460,0.601434
10161.391631,-0.088603,0.955965,1.341983,1.693760,1.658742,1.331863,0.862446,0.451961
10161.395631,0.038412,1.345622,1.652088,1.630892,1.478127,0.873797,0.459948,-0.208352
10161.399631,0.054860,1.537024,1.830338,1.613499,1.292454,0.718107,0.125030,-0.498884
10161.403631,-0.098701,1.932888,1.637533,1.408705,0.860891,0.412099,-0.537009,-0.985810
10161.407631,-0.220837,1.865293,1.540567,1.060584,0.400034,-0.237716,-0.931637,-1.573886
10161.411631,-0.078487,1.752612,1.230542,0.596320,-0.018223,-0.668782,-1.238142,-1.656487
10161.415631,0.120896,1.434013,0.852889,0.277809,-0.595420,-1.200156,-1.777658,-1.649193
10161.419631,0.208540,1.051751,0.481995,-0.249756,-0.977458,-1.399845,-1.941252,-1.850347
10161.423631,-0.208686,0.518190,-0.268680,-0.999144,-1.450021,-1.735900,-1.940992,-1.745684
10161.427631,-0.073472,0.127038,-0.679642,-1.357768,-1.610418,-1.978056,-1.917318,-1.342924
10161.431631,-0.168379,-0.287802,-1.195791,-1.601198,-1.979710,-1.863741,-1.617987,-1.126597
10161.435631,-0.160362,-0.965066,-1.442682,-1.775080,-1.986201,-1.766346,-1.234533,-0.554046
10161.439631,-0.000326,-1.391487,-1.814397,-1.965653,-2.042649,-1.431690,-0.691128,0.108897
10161.443631,0.117643,-1.677901,-2.051000,-1.937937,-1.623713,-1.117198,-0.350634,0.429593
10161.447631,-0.139476,-1.806386,-1.878375,-1.688582,-1.133551,-0.450804,0.208871,1.182760
10161.451631,-0.076863,-2.135142,-1.781077,-1.296038,-0.732010,0.180137,0.822745,1.349128
10161.455631,-0.059375,-1.871339,-1.507539,-0.792898,-0.090229,0.436504,1.253056,1.628963
10161.459631,0.145859,-1.755782,-1.095093,-0.472160,0.173952,0.963855,1.616177,1.999860
10161.463631,0.053099,-1.434893,-0.595462,0.238637,0.943509,1.468812,1.893417,1.999953
10161.467631,0.139703,-0.673333,-0.023197,0.686785,1.343721,1.814434,2.012928,1.822659
10161.471631,0.196813,-0.397864,0.589752,0.949214,1.672303,1.938007,1.966610,1.583238
10161.475631,0.138600,0.207650,0.871263,1.471595,1.876153,2.058310,1.836524,1.120032
10161.475844,-0.080011,0.658812,1.385669,1.943958,2.017143,1.902773,1.488902,0.706690
10161.479844,-0.128095,1.181525,1.828110,2.046164,1.931358,1.663080,0.988757,0.198697
10161.483844,-0.156880,1.746802,1.934132,1.926750,1.689572,1.318878,0.559462,-0.354671
10161.487844,0.046975,1.996992,2.027132,1.819244,1.137798,0.806019,-0.190518,-1.030537
10161.491844,-0.180430,1.899199,1.937205,1.621047,0.926404,0.317210,-0.667107,-1.325027
10161.495844,-0.186676,1.885422,1.436915,0.955215,0.434820,-0.571084,-1.274122,-1.834214
10161.499844,0.077637,1.917142,1.262455,0.687558,-0.290115,-0.791252,-1.587158,-1.819445
10161.503844,-0.002722,1.239394,0.716167,0.072778,-0.886786,-1.322809,-1.938834,-1.914279
10161.507844,-0.136060,1.047186,0.363880,-0.498201,-1.179733,-1.535108,-2.017604,-1.953088
10161.511844,0.064065,0.544712,-0.280709,-1.097797,-1.450167,-2.006989,-1.704291,-1.806462
10161.515844,-0.110524,0.003747,-0.714429,-1.488526,-1.631889,-1.903954,-1.802634,-1.309498
10161.519844,0.121068,-0.393261,-1.197814,-1.822132,-2.040190,-1.984009,-1.554437,-0.907210
10161.523844,0.021394,-0.915678,-1.773221,-1.866112,-1.834170,-1.890015,-1.047835,-0.137729
10161.527844,0.077336,-1.386127,-1.817495,-1.867544,-1.549937,-1.291787,-0.499832,0.159410
10161.531844,0.162659,-1.582269,-1.855513,-1.759882,-1.431808,-0.717670,-0.165133,0.630668
10161.535844,-0.019342,-1.965985,-1.792728,-1.673927,-1.041219,-0.252997,0.422540,1.084548
10161.539844,-0.086472,-1.725695,-1.706965,-1.089103,-0.394682,0.037409,0.835851,1.379254
10161.543844,0.027289,-1.784620,-1.419698,-0.723001,-0.078985,0.660782,1.360079,1.511031
10161.547844,-0.011377,-1.483893,-0.893774,-0.289757,0.351186,1.137339,1.836839,1.773851
10161.551844,-0.072614,-1.130482,-0.337451,0.173627,1.043748,1.263451,1.742442,1.823280
10161.555844,0.076245,-0.550277,0.081653,0.836584,1.178503,1.575058,1.711444,1.745689
10161.559844,0.046620,-0.078192,0.505689,1.195550,1.379362,1.680744,1.624864,1.273458
10161.563844,-0.032127,0.378857,0.962731,1.530048,1.459075,1.819657,1.354620,1.083830
10161.567844,-0.041754,0.792719,1.162618,1.469826,1.728410,1.228462,0.970341,0.599292
10161.571844,-0.041437,1.027908,1.646966,1.833130,1.546198,1.338606,0.843612,0.065617
10161.575844,-0.051221,1.388473,1.452663,1.630122,1.276072,0.851069,0.257317,-0.462475
10161.579844,-0.003582,1.393096,1.528442,1.272954,0.893485,0.202882,-0.232049,-0.729542
10161.583844,0.017779,1.665307,1.341262,1.049578,0.683002,-0.013550,-0.581825,-0.892947
10161.587844,-0.025421,1.417253,1.093759,0.709892,0.274270,-0.363469,-0.806422,-1.297868
10161.591844,-0.224083,1.330024,0.879731,0.339322,-0.120812,-0.814920,-1.154477,-1.560495
10161.595844,-0.151827,0.921330,0.462491,-0.013875,-0.730505,-0.927640,-1.468305,-1.465132
10161.599844,0.001163,0.664007,0.143356,-0.226281,-0.994632,-1.242725,-1.428029,-1.250925
10161.603844,0.044887,0.277649,-0.434976,-0.828695,-1.259566,-1.408262,-1.440181,-1.196777
10161.607844,-0.041099,-0.162238,-0.657688,-1.130801,-1.286000,-1.435253,-1.255537,-0.869231
10161.611844,-0.258158,-0.222727,-0.852448,-1.168217,-1.364941,-1.216061,-1.072582,-0.483836
10161.615844,-0.168379,-0.892333,-1.168308,-1.111139,-1.344983,-0.986108,-0.855230,-0.177147
10161.619844,0.173518,-0.933479,-1.402251,-1.220110,-1.113968,-0.625507,-0.324842,0.022412
10161.623844,-0.013634,-1.182832,-1.411619,-1.113387,-0.829032,-0.398579,0.124290,0.450284
10161.627844,-0.150127,-1.233340,-1.107003,-0.770841,-0.543336,-0.125541,0.312549,0.732699
10161.631844,0.191045,-1.104379,-0.962961,-0.630848,-0.303758,0.042247,0.428674,0.842543
10161.635844,0.118123,-0.845665,-0.820296,-0.362943,0.080443,0.398969,0.934728,1.090079
10161.639844,0.036086,-0.758475,-0.600218,0.080774,0.400482,0.728579,0.854392,0.962291
10161.643844,0.049455,-0.415193,0.006106,0.144454,0.553284,0.624268,0.725196,1.013480
10161.647844,-0.085330,-0.462806,-0.015932,0.485215,0.771241,0.739473,1.059685,0.756813
10161.651844,0.027491,-0.004689,0.334198,0.534411,0.822801,0.923664,0.811770,0.650150
10161.655844,0.110182,0.177578,0.587262,0.718650,0.987298,0.680779,0.803244,0.368748
10161.659844,0.211179,0.460239,0.733952,0.766259,0.864740,0.757731,0.463490,0.269462
10161.663844,-0.336088,0.490911,0.713504,0.809294,0.788480,0.492942,0.227206,0.060909
10161.667844,0.115155,0.708097,0.695143,0.933481,0.551422,0.347252,0.221454,-0.065338
10161.671844,0.070751,0.562477,0.664318,0.605783,0.565885,0.425860,-0.188736,-0.283673
10161.689031,-0.081499,0.603642,0.463922,0.568304,0.214766,-0.019146,-0.275656,-0.432327
10161.693031,0.041047,0.465975,0.249202,0.105097,-0.139585,-0.178649,-0.469247,-0.420041
10161.697031,0.024066,0.237543,0.230132,-0.132295,-0.237798,-0.356989,-0.540199,-0.327022
10161.701031,0.074880,0.258294,0.268932,-0.155255,-0.266277,-0.287439,-0.567402,-0.400949
10161.705031,0.029278,0.218606,0.177076,-0.119168,-0.289097,-0.542485,-0.402977,-0.438705
10161.709031,-0.012313,-0.006219,-0.055404,-0.333379,-0.307202,-0.476657,-0.539756,-0.326650
10161.713031,0.046389,-0.131609,-0.158903,-0.301241,-0.420531,-0.265046,-0.340860,-0.151241
10161.717031,-0.146019,-0.104438,-0.142024,-0.224403,-0.185978,-0.184434,-0.154906,-0.007933
10161.721031,-0.037376,-0.096606,-0.200205,-0.040160,-0.186423,-0.298324,-0.074633,-0.110002
10161.725031,0.072849,-0.072807,-0.233701,-0.275608,-0.131420,-0.185936,-0.115683,-0.013896
10161.729031,0.062431,-0.268423,-0.200472,0.128890,0.115332,0.084054,0.016197,0.133963
10161.733031,-0.038471,-0.345838,-0.127281,-0.101859,-0.027548,0.046640,0.192401,0.055295
10161.737031,-0.100352,-0.043916,0.044360,-0.023947,-0.083815,0.058784,-0.099127,-0.066185
10161.741031,0.041609,-0.056849,-0.020102,0.007917,-0.007655,-0.109493,0.012838,-0.116078
10161.745031,0.165065,0.011977,0.088098,0.071657,-0.065859,-0.151169,0.002706,-0.217622
10161.749031,-0.126979,0.119461,-0.008260,-0.107615,-0.129915,-0.190534,0.093091,-0.018190
10161.753031,-0.082431,0.005446,0.027843,-0.193121,-0.200569,-0.201636,-0.260932,-0.037816
10161.757031,-0.071436,-0.026524,-0.088268,-0.011163,-0.222402,-0.011526,-0.238653,-0.170813
10161.761031,0.093697,0.099473,-0.211278,-0.125367,-0.190491,-0.335658,-0.206219,-0.122187
10161.765031,-0.103152,-0.172285,-0.267727,-0.283303,-0.310005,-0.331669,0.072055,-0.032214
10161.769031,0.129990,-0.248669,-0.209184,-0.450102,-0.337298,-0.279125,-0.161752,0.067876
10161.773031,-0.024622,-0.533426,-0.454278,-0.431350,-0.213628,-0.309414,-0.053954,0.084759
10161.777031,0.074496,-0.523998,-0.351233,-0.377537,-0.184082,0.052762,0.006030,0.266359
10161.781031,0.042110,-0.495726,-0.575362,-0.238310,-0.118605,0.092813,0.249044,0.102906
10161.785031,0.054546,-0.459249,-0.429743,-0.346592,-0.032057,0.337338,0.377199,0.536747
10161.789031,-0.033357,-0.438418,-0.412266,-0.068715,0.300611,0.309674,0.523192,0.721422
10161.793031,0.074670,-0.323701,-0.089949,0.168187,0.347632,0.664251,0.606199,0.553215
10161.797031,-0.138391,-0.279807,-0.004778,0.254470,0.425926,0.716027,0.615799,0.688956
10161.801031,0.072100,0.231057,0.220791,0.502244,0.616645,0.641949,0.669339,0.477724
10161.805031,-0.118403,0.216700,0.370530,0.746289,0.882251,0.695879,0.788779,0.456830
10161.809031,-0.007288,0.244048,0.501544,0.978644,0.976808,0.899653,0.707655,0.362174
10161.813031,0.023838,0.696038,0.763269,0.920586,0.899794,0.704588,0.322809,-0.211414
10161.817031,-0.151325,0.873983,0.885506,0.969720,0.611128,0.587091,0.006603,-0.117831
10161.821031,-0.155150,1.021376,0.878161,0.832815,0.676806,0.308167,-0.248688,-0.586673
10161.825031,-0.157277,0.848214,0.844801,0.602181,0.191801,-0.075453,-0.447157,-0.766655
10161.829031,-0.079898,0.955969,0.772178,0.553167,-0.000388,-0.514998,-0.740814,-1.005994
10161.833031,-0.161507,0.875292,0.514184,0.190586,-0.194143,-0.688332,-0.885497,-1.126552
10161.837031,-0.026452,0.702603,0.316796,-0.249971,-0.726637,-0.780569,-1.083985,-1.203934
10161.841031,0.106326,0.764799,-0.127467,-0.440607,-0.762764,-1.258980,-1.348257,-1.017934
10161.845031,-0.005421,0.097056,-0.478894,-0.715516,-1.207718,-1.326356,-1.290516,-1.017391
10161.849031,-0.110110,-0.274617,-0.554452,-1.002688,-1.233258,-1.218510,-1.203216,-0.729097
10161.853031,0.042681,-0.635226,-0.891924,-1.201889,-1.286524,-1.033577,-0.892689,-0.564223
10161.857031,0.013030,-0.862885,-1.306525,-1.547461,-1.296218,-0.943684,-0.533010,-0.094632
10161.861031,0.157005,-1.127509,-1.377312,-1.343136,-1.235211,-0.910111,-0.383466,0.207736
10161.865031,0.086617,-1.493923,-1.517081,-1.193469,-0.970052,-0.472422,0.060799,0.827343
10161.869031,0.056030,-1.431123,-1.352000,-1.037388,-0.435938,-0.106071,0.510730,0.984123
10161.873031,0.090342,-1.282334,-1.271269,-0.742171,-0.225014,0.199879,0.966321,1.423457
10161.877031,0.081971,-1.397162,-1.085354,-0.356717,0.064150,0.640833,1.213989,1.539251
10161.881031,-0.033615,-1.125031,-0.611516,-0.096497,0.553276,0.935700,1.510077,1.835742
10161.885031,0.006008,-0.658991,-0.215288,0.293996,1.206268,1.299721,1.671386,1.550641
10161.871544,0.118718,-0.384431,0.136732,0.778951,1.544240,1.605295,1.815855,1.342844
10161.875544,0.071382,-0.061143,0.694886,1.433542,1.467774,1.576654,1.577445,1.127589
10161.879544,0.189613,0.498529,1.098737,1.526553,1.562721,1.461577,1.131322,0.424982
10161.883544,-0.008503,0.822162,1.365691,1.772840,1.573113,1.479662,0.780875,0.255671
10161.887544,0.174106,1.278107,1.775383,1.957176,1.492679,1.047296,0.307573,-0.117205
10161.891544,0.037926,1.674411,1.890884,1.536880,1.464711,0.693048,0.091418,-0.626245
10161.895544,-0.077136,1.637062,1.744240,1.330714,0.891744,0.220108,-0.467148,-1.237496
10161.899544,-0.316711,1.867814,1.672245,0.841864,0.511023,-0.209332,-1.028547,-1.335010
10161.903544,0.113819,1.778708,1.445293,0.775388,-0.106019,-0.715905,-1.264612,-1.538381
10161.907544,-0.025110,1.365863,0.711105,0.277774,-0.503651,-1.246392,-1.541296,-1.864598
10161.911544,-0.132474,1.202334,0.199339,-0.305332,-1.007480,-1.685268,-1.782227,-1.901209
10161.915544,0.168358,0.719696,-0.083996,-1.064532,-1.456048,-1.835664,-1.753430,-1.673377
10161.919544,0.031690,0.214735,-0.456123,-1.111230,-1.649031,-1.918006,-1.746642,-1.420215
10161.923544,0.078600,-0.467515,-1.002844,-1.604563,-1.841646,-1.984663,-1.593248,-0.983692
10161.927544,-0.018229,-1.145669,-1.613591,-1.808336,-1.763913,-1.717982,-1.265993,-0.448958
10161.931544,0.001090,-1.273790,-1.807415,-1.977547,-1.718936,-1.323881,-0.801424,-0.142849
10161.935544,-0.166918,-1.840654,-1.995435,-1.851509,-1.714094,-1.136332,-0.218670,0.659353
10161.939544,0.108878,-2.083827,-1.900109,-1.588083,-1.221246,-0.505082,0.315570,1.051649
10161.943544,0.037712,-1.895914,-1.775642,-1.415046,-0.746447,-0.022249,0.758577,1.487364
10161.947544,-0.077276,-1.779207,-1.614421,-0.893917,-0.090126,0.638150,1.085181,1.766577
10161.951544,-0.073780,-1.790656,-1.093014,-0.527269,0.396288,1.234985,1.671342,1.919722
10161.955544,-0.016070,-1.210421,-0.657352,0.097122,0.799107,1.415576,1.977933,1.936112
10161.959544,0.055523,-0.779866,-0.183288,0.601935,1.404555,1.821217,1.974505,1.920456
10161.963544,0.101245,-0.322563,0.403309,1.180727,1.619368,1.986163,1.943930,1.538085
10161.967544,-0.040477,0.199459,1.047511,1.480680,1.842504,1.948516,1.802369,1.312993
10161.971544,0.026188,0.836851,1.530437,1.863510,1.919837,1.840018,1.278044,0.804839
10161.975544,-0.049166,1.251469,1.737480,1.947575,1.945987,1.555710,0.911144,0.122090
10161.979544,0.035596,1.499033,2.123220,2.100605,1.540856,1.231754,0.574029,-0.377280
10161.983544,0.035111,1.861766,2.060574,1.762535,1.448224,0.667103,-0.119394,-0.778619
10161.987544,0.090071,1.751078,1.598202,1.539151,0.826038,0.011557,-0.664189,-1.010708
10161.991544,-0.133007,2.031568,1.564976,0.944169,0.310612,-0.544515,-1.272108,-1.730924
10161.995544,-0.109025,1.738648,1.286788,0.514365,-0.110752,-0.980657,-1.530945,-2.103128
10161.999544,0.008212,1.656398,0.884181,0.038413,-0.817629,-1.189254,-1.813307,-2.035686
10162.003544,-0.064839,1.210167,0.270403,-0.436337,-1.192032,-1.690184,-1.981773,-1.757432
10162.007544,0.004405,0.361697,-0.217014,-0.987770,-1.509417,-1.916328,-1.986218,-1.597494
10162.011544,0.185914,-0.216317,-0.761138,-1.445145,-1.892320,-2.152579,-1.741764,-1.396444
10162.015544,-0.054301,-0.433914,-1.261041,-1.742906,-2.047939,-1.933305,-1.343545,-0.849831
10162.019544,0.128761,-1.112403,-1.529769,-1.760254,-1.822320,-1.451182,-1.052989,-0.410921
10162.023544,-0.235439,-1.375235,-1.730371,-1.776068,-1.783107,-1.260470,-0.778191,-0.048322
10162.027544,0.051297,-1.564521,-1.744306,-1.728542,-1.195884,-0.854612,-0.016287,0.487507
10162.031544,-0.314348,-1.879999,-1.826833,-1.497937,-1.015014,-0.283574,0.579679,1.143040
10162.035544,-0.076563,-2.081839,-1.725881,-1.025438,-0.574926,0.258329,0.940529,1.423527
10162.039544,-0.008680,-1.756708,-1.080435,-0.813239,0.089222,0.758457,1.332322,1.660783
10162.043544,-0.147979,-1.539601,-0.973618,-0.194081,0.558267,1.129434,1.585667,1.888154
10162.047544,-0.208995,-1.278257,-0.585693,0.353877,0.712850,1.426146,1.632171,1.772464
10162.051544,-0.014166,-0.594472,0.015134,0.791964,1.423948,1.765945,1.715508,1.510833
10162.055544,0.019561,0.051154,0.518280,1.197744,1.612942,1.798839,1.773887,1.189208
10162.059544,-0.096323,0.328927,1.061931,1.533487,1.663101,1.770649,1.377434,0.869591
10162.063544,-0.132900,0.742042,1.235639,1.691780,1.726578,1.500291,1.097686,0.480708
10162.067544,-0.177915,0.997887,1.573354,1.631845,1.414969,1.347939,0.861726,0.187700
10162.072194,0.042399,1.408221,1.595655,1.589671,1.371888,0.916163,0.298528,-0.705421
10162.076194,0.115119,1.548985,1.440933,1.404090,1.011399,0.271560,-0.253381,-0.888685
10162.080194,-0.097351,1.613954,1.374313,1.106776,0.665049,-0.048280,-0.522572,-0.968852
10162.084194,0.084622,1.525657,1.278502,0.778308,0.256978,-0.538201,-0.957130,-1.294739
10162.088194,-0.007495,1.517355,0.850163,0.160900,-0.237124,-0.704652,-1.299731,-1.456491
10162.092194,-0.007321,0.975251,0.434035,0.041016,-0.404017,-1.162287,-1.502438,-1.500070
10162.096194,0.140702,0.608280,0.134902,-0.543721,-0.755988,-1.303538,-1.394733,-1.428813
10162.100194,-0.089218,0.255311,-0.275187,-0.697105,-1.330682,-1.458639,-1.426316,-1.132949
10162.104194,-0.112955,-0.132427,-0.692633,-1.051552,-1.367169,-1.446221,-1.167144,-0.752914
10162.108194,0.081343,-0.360612,-0.781921,-1.216257,-1.125665,-1.149845,-1.046581,-0.599725
10162.112194,0.015089,-0.677391,-1.120201,-1.359238,-1.155748,-1.131164,-0.618562,-0.175313
10162.116194,-0.134245,-0.805775,-1.193269,-1.343058,-1.062712,-0.921157,-0.278716,0.252533
10162.120194,0.270188,-1.103428,-1.261490,-1.075292,-0.685443,-0.386621,0.105807,0.554364
10162.124194,0.050633,-1.289856,-1.250772,-1.050295,-0.663481,-0.220558,0.522162,0.662832
10162.128194,0.009986,-1.120331,-0.917253,-0.627668,-0.361721,0.258150,0.534692,0.843884
10162.132194,-0.030647,-0.881478,-0.771153,-0.337949,0.107574,0.497145,0.824067,0.873518
10162.136194,0.012687,-0.856799,-0.619914,-0.101188,0.290546,0.983673,1.025807,1.105842
10162.140194,-0.040773,-0.543943,0.090779,0.154398,0.594664,1.017832,0.898939,0.976021
10162.144194,-0.001815,-0.354361,0.177860,0.339401,0.810437,0.946153,1.025837,0.806962
10162.148194,0.038945,0.094166,0.194464,0.507260,0.883408,0.979025,0.845252,0.732053
10162.152194,-0.036220,0.351417,0.514664,0.661817,0.987331,0.904064,0.627834,0.378885
10162.156194,0.060088,0.316656,0.680980,0.765478,0.818144,0.487568,0.387029,0.218400
10162.160194,0.105262,0.542210,0.783620,0.610948,0.646419,0.546197,0.260015,0.050019
10162.164194,-0.025687,0.609399,0.775810,0.624885,0.452721,0.372094,-0.038211,-0.076290
10162.168194,-0.184209,0.622819,0.815715,0.751623,0.361553,0.241282,-0.051323,-0.418093
10162.172194,0.046721,0.529970,0.394470,0.451808,0.247298,-0.167038,-0.294855,-0.588568
10162.176194,-0.046132,0.490848,0.492070,0.187830,-0.104694,-0.026567,-0.338109,-0.428448
10162.180194,0.060819,0.515190,0.314835,0.126503,-0.110645,-0.351872,-0.356995,-0.541974
10162.184194,0.011774,0.328085,0.171699,-0.159242,-0.212939,-0.474909,-0.437981,-0.391474
10162.188194,0.179986,0.217568,0.083731,-0.273497,-0.247884,-0.504294,-0.303761,-0.497333
10162.192194,-0.097714,0.116598,0.063422,-0.128533,-0.363805,-0.471434,-0.402666,-0.279904
10162.196194,-0.007740,-0.156797,-0.043945,-0.134150,-0.128494,-0.486824,-0.356591,-0.163618
10162.200194,0.000484,-0.163075,-0.290029,-0.359353,-0.072617,-0.391682,-0.340579,-0.211354
10162.204194,0.019221,-0.176037,-0.161020,-0.295889,-0.204965,-0.161302,0.057542,0.163020
10162.208194,-0.015095,-0.061963,-0.156557,-0.094749,-0.106211,-0.021947,0.053469,0.079168
10162.212194,0.013678,-0.015747,-0.138488,-0.168594,-0.235468,0.005604,0.081048,-0.113628
10162.216194,-0.061378,-0.000261,-0.084627,-0.048936,0.060893,-0.012470,0.065739,-0.055974
10162.220194,0.035155,-0.158207,-0.149726,-0.063069,0.051420,0.011575,-0.063774,0.109421
10162.224194,0.031875,0.126178,-0.073921,0.149755,0.154729,0.078438,0.028737,0.025321
10162.228194,0.033067,-0.085199,-0.032557,-0.012061,-0.133409,0.089025,-0.020225,0.102873
10162.232194,0.079014,-0.080908,0.142516,-0.081991,0.056405,0.039824,0.010145,-0.012690
10162.236194,0.043338,0.035678,0.156672,-0.068302,-0.183225,-0.127633,-0.057910,-0.036255
10162.240194,-0.108610,0.093151,-0.031002,-0.204325,-0.296216,-0.082213,-0.049500,0.008243
10162.244194,-0.130792,-0.113496,-0.179132,-0.098735,-0.194474,-0.281965,-0.188210,-0.046740
10162.248194,0.074768,-0.020651,-0.130076,-0.196069,-0.393409,-0.335231,-0.271636,-0.011594
10162.252194,-0.046957,-0.232908,-0.285878,-0.347855,-0.237702,-0.295887,-0.249367,-0.026465
10162.256194,0.086790,-0.203639,-0.272945,-0.409454,-0.202265,-0.299957,0.155774,0.216139
10162.260194,0.083015,-0.656623,-0.405356,-0.184022,-0.198970,-0.062278,0.105429,0.223812
10162.264194,0.013837,-0.632270,-0.395693,-0.192003,-0.161364,0.123348,0.269789,0.465576
10162.268194,0.096035,-0.471586,-0.296560,-0.140961,0.112810,0.274468,0.456115,0.608666
10162.272552,-0.002237,-0.419967,-0.364719,-0.224754,0.205175,0.326441,0.748624,0.540899
10162.276552,0.081142,-0.435414,-0.126698,0.023644,0.254140,0.587021,0.617735,0.731271
10162.280552,0.129148,-0.373210,0.167434,0.229478,0.510181,0.538437,0.573248,0.439591
10162.284552,-0.040448,-0.020120,0.229103,0.339147,0.495583,0.760116,0.790267,0.580104
10162.288552,0.186791,0.189221,0.509275,0.687599,0.718516,0.765927,0.732778,0.504468
10162.292552,0.035756,0.580139,0.718612,0.854053,0.995064,0.668188,0.664729,0.127309
10162.296552,-0.026602,0.456416,0.856826,1.029287,0.731452,0.599824,0.313189,-0.029961
10162.300552,-0.104786,0.830133,1.093043,0.853109,0.755872,0.473154,0.060800,-0.237657
10162.304552,-0.038084,1.002805,0.964258,0.693125,0.389266,0.004195,-0.207393,-0.442348
10162.308552,-0.073006,1.002721,0.862803,0.604156,0.562691,-0.134730,-0.579139,-0.854821
10162.312552,0.007476,0.956529,0.832452,0.398433,0.008492,-0.417863,-0.717837,-0.891020
10162.316552,0.081919,1.055974,0.471422,0.094390,-0.327986,-0.635009,-1.044317,-1.164848
10162.320552,0.068446,0.840526,0.405491,-0.080269,-0.609993,-0.890237,-0.991071,-1.083516
10162.324552,0.088465,0.573424,-0.010258,-0.373338,-0.867454,-1.036446,-1.072926,-0.957831
10162.328552,0.059470,0.205815,-0.176051,-0.834602,-0.922983,-1.211390,-1.181141,-1.028595
10162.332552,-0.117321,-0.032470,-0.608550,-1.056394,-1.199796,-1.295796,-1.267795,-0.783253
10162.336552,-0.140696,-0.509074,-0.793004,-1.289592,-1.233664,-1.264192,-0.906967,-0.559678
10162.340552,0.061932,-0.729564,-1.176407,-1.291510,-1.236336,-1.062854,-0.497525,-0.174652
10162.344552,-0.157239,-1.237098,-1.296018,-1.402237,-1.152627,-0.807237,-0.267506,0.365008
10162.348552,0.152554,-1.446150,-1.326471,-1.254327,-1.056688,-0.403065,0.283125,0.560275
10162.352552,-0.022871,-1.616910,-1.383422,-1.062317,-0.423378,-0.162108,0.590251,1.011277
10162.356552,0.223408,-1.435299,-1.217588,-0.702822,-0.193747,0.432719,0.925431,1.119569
10162.360552,0.052213,-1.284066,-1.023647,-0.391869,-0.011494,0.764344,1.261532,1.561617
10162.364552,0.070075,-1.192989,-0.746863,0.089228,0.631779,1.146765,1.604659,1.396194
10162.368552,0.180307,-0.834313,-0.106631,0.427325,0.946583,1.233395,1.509437,1.575738
10162.372552,0.035504,-0.282520,0.183954,0.920099,1.315633,1.636608,1.649431,1.332451
10162.376552,0.025220,0.113339,0.770557,1.361747,1.482717,1.529053,1.623352,0.987493
10162.380552,0.103358,0.431705,1.028894,1.486960,1.525159,1.494437,1.102978,0.822689
10162.384552,-0.001159,0.953675,1.413483,1.669064,1.619500,1.506317,0.762579,0.179908
10162.388552,0.135823,1.347597,1.444136,1.753576,1.375610,1.243909,0.615605,0.063340
10162.392552,-0.029898,1.475639,1.697693,1.587704,1.316154,0.538070,0.054516,-0.720949
10162.396552,-0.051297,1.895244,1.823479,1.500108,0.977430,0.234878,-0.435772,-1.214822
10162.400552,-0.123386,1.796581,1.447715,1.167008,0.464235,-0.260812,-0.956826,-1.379719
10162.404552,0.067782,1.584746,1.218371,0.656556,0.009225,-0.686814,-1.313378,-1.619457
10162.408552,-0.013577,1.289429,1.010219,0.288460,-0.662276,-1.141887,-1.488293,-1.861005
10162.412552,0.077164,1.180308,0.432468,-0.105407,-0.931413,-1.511186,-1.831474,-1.836587
10162.416552,-0.056446,0.507944,-0.196027,-0.829611,-1.320150,-1.739736,-1.857563,-1.479138
10162.420552,0.168286,0.021745,-0.548748,-1.375840,-1.676873,-2.028132,-1.850832,-1.354527
10162.424552,-0.045446,-0.518626,-1.161944,-1.703591,-1.839009,-1.744762,-1.585587,-0.925394
10162.428552,-0.057326,-0.921104,-1.311795,-1.860302,-1.807345,-1.766729,-1.219114,-0.640003
10162.432552,0.006647,-1.324153,-1.702178,-1.994843,-1.817855,-1.272262,-0.890238,-0.277946
10162.436552,-0.065346,-1.625894,-1.923823,-1.978788,-1.540389,-1.012961,-0.412983,0.468446
10162.440552,0.074469,-1.927453,-2.090581,-1.511081,-1.271042,-0.444108,0.365732,1.045041
10162.444552,-0.023239,-2.149978,-1.679970,-1.469122,-0.604609,0.166757,0.682551,1.307548
10162.448552,-0.039312,-1.794240,-1.575357,-0.904853,-0.223916,0.671838,1.206438,1.681174
10162.452552,-0.103246,-1.764764,-1.008899,-0.438158,0.276709,0.922283,1.614071,1.860919
10162.456552,-0.101060,-1.379232,-0.614614,0.027564,0.861621,1.593543,1.833267,1.878300
10162.460552,0.105526,-0.852277,-0.105150,0.733551,1.338185,1.814160,1.835291,1.790336
10162.464552,0.186244,-0.422697,0.467063,1.343197,1.768519,2.000931,1.863577,1.557340
10162.468552,-0.030917,0.265594,1.101449,1.579947,1.866362,1.976213,1.798039,1.273947
10162.471545,0.000000,0.653339,1.521916,1.821575,2.024536,1.780092,1.343988,0.815104
10162.475545,48.175369,1.123912,1.896844,2.068494,1.965126,1.460941,0.996256,0.224514
10162.479545,84.432793,1.610708,1.800648,1.764955,1.729535,1.185162,0.485385,-0.241711
10162.483545,99.802673,2.022761,2.110333,1.813018,1.362650,0.703900,-0.241068,-0.751466
10162.487545,90.482704,1.818956,2.043564,1.462171,0.879815,0.129320,-0.643980,-1.062351
10162.491545,58.778526,1.910558,1.643065,1.004549,0.400992,-0.484493,-1.065223,-1.762729
10162.495545,12.533323,1.652759,1.216723,0.414609,-0.418231,-0.946449,-1.669189,-1.712819
10162.499545,-36.812454,1.502050,0.835593,-0.050600,-0.743885,-1.278397,-1.729656,-1.881704
10162.503545,-77.051323,1.061281,0.221731,-0.380306,-1.073720,-1.821067,-1.911687,-2.009202
10162.507545,-98.228722,0.389656,-0.224168,-0.902421,-1.540804,-1.797005,-1.902790,-1.530246
10162.511545,-95.105652,-0.068823,-0.961306,-1.420790,-1.919832,-2.075613,-1.933387,-1.395407
10162.515545,-68.454712,-0.506380,-1.116906,-1.600303,-2.027208,-1.916777,-1.470906,-0.890137
10162.519545,0.138009,-1.057139,-1.489124,-1.879323,-1.844477,-1.570381,-1.095422,-0.508338
10162.523545,0.027667,-1.352596,-1.779435,-2.167108,-1.721310,-1.189259,-0.717170,0.219601
10162.527545,-0.061272,-1.723149,-1.853850,-1.864518,-1.309294,-0.688931,-0.216122,0.600741
10162.531545,0.189330,-1.721922,-1.976119,-1.404690,-1.338500,-0.258248,0.319970,1.115247
10162.535545,0.024686,-1.817196,-1.559782,-1.209336,-0.584457,0.283519,0.877070,1.372138
10162.539545,-0.017808,-1.716752,-1.337742,-0.673330,-0.109899,0.827453,1.293193,1.489156
10162.543545,0.027506,-1.517829,-0.898892,-0.246304,0.536983,1.164671,1.581833,1.974869
10162.547545,-0.072480,-0.920998,-0.291582,0.295057,0.959662,1.522203,1.691631,1.706332
10162.551545,-0.045404,-0.590262,0.008142,0.649005,1.174018,1.541089,1.687778,1.535646
10162.555545,0.010728,-0.224009,0.572767,1.310647,1.659518,1.615532,1.616687,1.193823
10162.559545,0.019507,0.349472,0.956292,1.305742,1.602751,1.766411,1.459279,0.865424
10162.563545,-0.128394,0.748492,1.258043,1.462815,1.639470,1.446408,1.033124,0.479826
10162.567545,0.027431,1.125084,1.620208,1.665473,1.626637,1.078879,0.707090,0.030007
10162.571545,0.072389,1.405011,1.755623,1.480142,1.237887,0.879543,0.240139,-0.472078
10162.575545,0.037326,1.479509,1.621732,1.214297,0.951810,0.444333,-0.172193,-0.708194
10162.579545,-0.024447,1.601681,1.429586,1.170777,0.437513,-0.265322,-0.474959,-1.161219
10162.583545,-0.170337,1.449590,1.141197,0.775721,0.221318,-0.462572,-0.856783,-1.455045
10162.587545,-0.235051,1.281877,0.843510,0.149698,-0.181703,-0.957319,-1.223691,-1.376127
10162.591545,0.025680,1.001256,0.446438,-0.051829,-0.569905,-1.142795,-1.484830,-1.377489
10162.595545,0.185171,0.783554,-0.164363,-0.327350,-0.997799,-1.093932,-1.523528,-1.462044
10162.599545,-0.005006,0.215503,-0.320799,-0.689071,-1.038249,-1.457931,-1.193560,-1.268022
10162.603545,-0.060441,0.130460,-0.591295,-1.103700,-1.263310,-1.274507,-1.161916,-0.736169
10162.607545,-0.086522,-0.537264,-0.993944,-1.283267,-1.308514,-1.331832,-0.922529,-0.469583
10162.611545,-0.122261,-0.828448,-1.148361,-1.284060,-1.251259,-0.928942,-0.550979,-0.260470
10162.615545,0.069169,-0.846012,-1.073989,-1.203974,-1.073001,-0.888507,-0.356135,0.017027
10162.619545,0.114012,-1.139588,-1.204240,-1.157708,-0.970507,-0.365458,0.072741,0.571718
10162.623545,-0.175222,-1.017794,-1.117703,-0.814629,-0.807289,-0.071300,0.328838,0.711451
10162.627545,-0.009828,-1.155552,-1.077831,-0.761110,-0.233441,0.329517,0.713360,0.938254
10162.631545,-0.048872,-0.756068,-0.640607,-0.287663,-0.065957,0.497016,0.680075,1.222041
10162.635545,-0.084099,-0.826005,-0.508843,-0.091940,0.409472,0.687956,0.932420,1.099323
10162.639545,-0.151737,-0.450602,-0.152912,0.147712,0.582349,0.845032,0.708920,1.098522
10162.643545,0.120874,-0.396091,0.024784,0.586294,0.799298,0.942081,0.979630,0.863781
10162.647545,-0.106482,-0.064916,0.435093,0.693731,0.853633,0.831932,0.930624,0.543395
10162.651545,0.148084,0.152167,0.434772,0.742709,0.866106,0.831082,0.540583,0.464067
10162.655545,0.097935,0.408602,0.494312,0.761220,0.683381,0.496531,0.422910,0.355446
10162.659545,-0.008254,0.528020,0.782366,0.820215,0.544697,0.705119,0.286029,0.064425
10162.663545,-0.059503,0.438591,0.698759,0.568394,0.660601,0.183909,0.060816,-0.158204
10162.667545,0.042516,0.602548,0.475044,0.403339,0.294954,-0.010128,-0.136380,-0.445192
10162.712887,-0.129279,0.473861,0.391478,0.395739,0.117594,-0.045917,-0.288319,-0.490288
10162.716887,0.064729,0.387163,0.483253,0.277095,0.001707,-0.278938,-0.383647,-0.473190
10162.720887,-0.140008,0.482069,0.445062,0.073492,0.006946,-0.260467,-0.419313,-0.585586
10162.724887,-0.034104,0.192995,0.220569,-0.132262,-0.056857,-0.328995,-0.416435,-0.601806
10162.728887,0.066549,0.137766,-0.059073,-0.230313,-0.425822,-0.391761,-0.440703,-0.522071
10162.732887,0.051476,0.253973,-0.246957,-0.245641,-0.162575,-0.450237,-0.315915,-0.253226
10162.736887,0.065825,0.129354,-0.351547,-0.245855,-0.367087,-0.324753,-0.271224,-0.218117
10162.740887,-0.108729,-0.220037,0.008152,-0.397738,-0.152568,-0.352486,-0.175290,0.104283
10162.744887,0.079483,-0.292545,-0.236086,-0.227809,-0.110715,-0.165052,-0.115823,0.157117
10162.748887,0.158034,-0.077590,-0.235405,-0.436951,-0.272603,-0.249921,-0.037957,0.130502
10162.752887,0.197582,0.007331,-0.195994,-0.085588,-0.039816,-0.192873,-0.075545,0.015689
10162.756887,0.212994,-0.036717,-0.201719,-0.096945,0.014509,-0.026771,-0.008307,0.125316
10162.760887,0.140148,0.097293,-0.050074,-0.029232,-0.034376,0.111926,-0.023738,-0.170672
10162.764887,0.048249,0.074603,-0.025379,0.191644,-0.057687,0.129044,-0.153952,0.003315
10162.768887,-0.080866,0.044810,0.103463,-0.058630,-0.100161,-0.076720,0.305702,-0.055136
10162.772887,0.014310,0.102250,-0.159788,0.055161,-0.008913,-0.289371,0.115417,-0.119726
10162.776887,-0.111677,0.068072,-0.122723,-0.256578,-0.171952,-0.194579,-0.330250,-0.225485
10162.780887,-0.103306,-0.050615,-0.035167,-0.155642,-0.217040,-0.407735,-0.205192,-0.257525
10162.784887,-0.171786,-0.004775,-0.317925,-0.239572,-0.323951,-0.354934,-0.082422,-0.178165
10162.788887,-0.053253,-0.262204,-0.258139,-0.336727,-0.387169,-0.357205,-0.176695,-0.118950
10162.792887,0.172451,-0.345014,-0.326464,-0.381596,-0.357317,-0.144386,-0.046536,0.097221
10162.796887,0.054990,-0.552148,-0.379938,-0.417491,-0.352991,0.181311,-0.150028,0.150743
10162.800887,-0.017128,-0.477640,-0.557240,-0.350327,-0.345434,-0.029455,0.141907,0.266659
10162.804887,-0.007266,-0.357101,-0.387848,-0.290662,-0.080922,0.084012,0.326396,0.360496
10162.808887,0.221069,-0.499263,-0.104967,0.023538,-0.028895,0.261791,0.454541,0.627870
10162.812887,0.013126,-0.349267,-0.456494,-0.109488,0.171893,0.334717,0.377477,0.704515
10162.816887,-0.110698,-0.436371,-0.053349,0.253323,0.314125,0.450366,0.571725,0.764113
10162.820887,0.117130,-0.184493,0.082862,0.193739,0.589996,0.757196,0.726992,0.654298
10162.824887,-0.103174,0.090602,0.130330,0.516552,0.737032,0.873205,0.816730,0.669244
10162.828887,-0.030212,0.425425,0.586513,0.654417,0.767830,0.858393,0.602185,0.288967
10162.832887,0.008256,0.194676,0.708698,0.885173,0.818242,0.854687,0.607130,0.122811
10162.836887,0.004424,0.588120,0.799392,1.011357,0.887775,0.556350,0.357772,-0.084022
10162.840887,-0.048475,0.980301,1.190733,1.081100,0.760590,0.469329,0.202304,-0.255331
10162.844887,-0.142586,1.142936,0.852533,0.954485,0.645152,0.403971,-0.080125,-0.584201
10162.848887,0.108534,0.991077,0.830439,0.504503,0.330065,-0.223786,-0.300260,-0.922418
10162.852887,-0.038007,0.980146,0.821030,0.384732,0.180766,-0.330818,-0.710465,-1.027403
10162.856887,0.054966,1.054950,0.872172,0.104264,-0.249773,-0.825383,-0.868620,-1.232467
10162.860887,0.027545,0.857006,0.294993,-0.205535,-0.411920,-0.821294,-1.218120,-1.135699
10162.864887,-0.085371,0.584415,0.034834,-0.283943,-0.922633,-1.073253,-1.196822,-1.087744
10162.868887,-0.056633,-0.058676,-0.246918,-0.742783,-1.150695,-1.274642,-1.311870,-1.169338
10162.872887,0.103872,-0.122470,-0.784082,-0.767004,-1.347478,-1.190672,-1.096941,-0.891740
10162.876887,0.034968,-0.551303,-1.015291,-1.093543,-1.250368,-1.128280,-0.926452,-0.436667
10162.880887,-0.002688,-0.814291,-1.292805,-1.582481,-1.154089,-1.039471,-0.571091,-0.191329
10162.884887,-0.022376,-0.992928,-1.321205,-1.143073,-1.072749,-0.850198,-0.241431,0.423904
10162.888887,0.022027,-1.284675,-1.278396,-1.508543,-0.864239,-0.317808,0.021523,0.738611
10162.892887,-0.000519,-1.625529,-1.292683,-1.079291,-0.628195,-0.004067,0.398940,1.058391
10162.896887,-0.091226,-1.301533,-1.098539,-0.633704,-0.196211,0.296780,0.797219,1.189058
10162.900887,-0.017259,-1.402584,-0.917194,-0.501365,0.109875,0.700725,1.115440,1.431447
10162.904887,0.058383,-1.192755,-0.720701,-0.022714,0.477368,1.231109,1.366666,1.561726
10162.908887,0.045399,-0.904307,-0.273596,0.365640,1.059398,1.567441,1.762272,1.656366
10162.871911,-0.124000,-0.465366,0.391863,0.997976,1.388589,1.653907,1.555207,1.551214
10162.875911,-0.073104,-0.093805,0.772038,1.152954,1.416299,1.733492,1.311858,1.161561
10162.879911,-0.044662,0.682759,1.137587,1.602251,1.561859,1.422032,1.234070,0.816939
10162.883911,0.007128,1.067309,1.474235,1.565889,1.714167,1.427875,1.065978,0.231569
10162.887911,-0.066325,1.360580,1.787981,1.701701,1.594217,1.117392,0.519354,-0.031197
10162.891911,0.010986,1.553082,1.701580,1.608763,1.208396,0.697434,0.060935,-0.590830
10162.895911,-0.098521,1.714888,1.686044,1.350797,0.855844,0.351397,-0.294524,-1.088866
10162.899911,-0.071101,1.775783,1.568125,1.167240,0.429567,-0.285259,-0.650980,-1.554154
10162.903911,0.090112,1.821742,1.245427,0.719371,-0.190555,-0.715154,-1.187206,-1.678228
10162.907911,0.003822,1.602520,0.958408,0.261289,-0.605625,-1.404226,-1.581044,-1.830028
10162.911911,0.076253,1.081720,0.410087,-0.316645,-1.107369,-1.705896,-1.903332,-1.942126
10162.915911,-0.004580,0.455991,-0.153701,-0.622416,-1.407938,-1.767581,-1.872916,-1.669980
10162.919911,-0.052644,0.096483,-0.673388,-1.406405,-1.586352,-1.979040,-1.630075,-1.493393
10162.923911,-0.135856,-0.217148,-1.241155,-1.835677,-2.024889,-1.878824,-1.699664,-1.084605
10162.927911,-0.203344,-0.802242,-1.448200,-1.969103,-2.145893,-1.785100,-1.152082,-0.446512
10162.931911,-0.023560,-1.398244,-1.835701,-1.906492,-1.712980,-1.405445,-0.806729,0.047647
10162.935911,0.149437,-1.715570,-1.923620,-1.958313,-1.539500,-1.068948,-0.114240,0.591094
10162.939911,0.173703,-1.955665,-1.732246,-1.659206,-1.185100,-0.355585,0.180167,1.006218
10162.943911,-0.015639,-1.926586,-1.841575,-1.406405,-0.739893,0.026620,0.812548,1.559992
10162.947911,-0.215649,-1.809562,-1.562810,-0.932131,-0.282380,0.597885,1.230791,1.730757
10162.951911,0.058313,-1.594897,-0.973305,-0.461605,0.440043,1.152737,1.649894,2.111547
10162.955911,-0.063828,-1.286726,-0.596298,0.023871,1.018733,1.494324,1.932335,2.142683
10162.959911,0.021501,-0.839430,-0.081045,0.580950,1.308771,1.792028,2.002209,2.012148
10162.963911,0.092913,-0.377433,0.457849,1.309081,1.527441,1.949142,1.813123,1.864016
10162.967911,0.077229,0.182257,0.970615,1.486015,2.122584,1.756554,1.778718,1.233144
10162.971911,-0.102876,0.740238,1.252141,2.004741,2.002562,1.939265,1.365754,0.899826
10162.975911,0.003477,1.347554,1.802716,1.982513,2.023416,1.986731,0.861075,0.219794
10162.979911,-0.129367,1.661142,1.966316,2.166155,1.674177,1.264189,0.252230,-0.303492
10162.983911,-0.086981,1.933511,2.107522,1.747177,1.400885,0.645751,-0.082955,-0.802333
10162.987911,-0.100399,1.884802,1.975335,1.437247,1.020208,-0.033850,-0.533258,-1.300995
10162.991911,-0.009357,1.957740,1.496529,1.201594,0.328778,-0.485803,-0.898848,-1.693321
10162.995911,-0.086364,1.834543,1.296276,0.694262,-0.165367,-0.818728,-1.310344,-1.961988
10162.999911,-0.045888,1.270929,0.842681,0.068181,-0.575545,-1.355325,-1.805628,-1.948768
10163.003911,-0.023417,1.039672,0.304865,-0.427500,-1.194507,-1.628655,-1.877571,-1.932299
10163.007911,-0.008167,0.484889,-0.379128,-1.024874,-1.471467,-1.798552,-1.898257,-1.788232
10163.011911,0.097875,0.154773,-0.710003,-1.391408,-1.887525,-1.938323,-1.827329,-1.368007
10163.015911,0.128920,-0.465871,-1.251394,-1.685939,-1.914826,-1.885849,-1.624536,-0.828186
10163.019911,0.118190,-1.089087,-1.631198,-1.774258,-1.946845,-1.747882,-1.137593,-0.275137
10163.023911,-0.052339,-1.481746,-1.837233,-2.005905,-1.835406,-1.283346,-0.759467,0.073155
10163.027911,0.026348,-1.653495,-1.888533,-1.892221,-1.441614,-0.780837,-0.044044,0.591995
10163.031911,-0.070390,-1.823554,-1.850142,-1.623236,-0.965701,-0.317867,0.294893,1.006129
10163.035911,-0.018969,-1.982984,-1.691042,-1.096558,-0.573556,0.110618,0.984771,1.464047
10163.039911,0.069538,-1.768805,-1.331597,-0.718721,-0.000192,0.903955,1.279222,1.781152
10163.043911,0.228830,-1.253184,-0.880400,-0.116295,0.481959,1.094137,1.643801,1.872270
10163.047911,0.050712,-1.074317,-0.479215,0.140644,0.930016,1.450784,1.806252,1.611027
10163.051911,0.010413,-0.639755,0.049301,0.845750,1.405763,1.741037,1.761124,1.578397
10163.055911,0.120400,0.024639,0.683480,1.162787,1.538560,1.790803,1.722119,1.280879
10163.059911,-0.019232,0.628912,0.898853,1.495873,1.616263,1.658397,1.327402,0.860287
10163.063911,0.061743,0.805596,1.454338,1.594041,1.685849,1.490580,0.994587,0.581556
10163.067911,-0.016918,0.972569,1.605418,1.588243,1.579215,1.247843,0.712928,-0.033185
10163.181700,0.139618,1.306734,1.352495,1.658181,1.390596,0.725937,0.252554,-0.269719
10163.185700,0.141194,1.590284,1.659368,1.455973,0.967432,0.319743,-0.215244,-0.665672
10163.189700,0.111480,1.577260,1.403189,1.270918,0.603688,0.058846,-0.720979,-1.109969
10163.193700,0.108621,1.328722,1.189187,0.779706,0.314943,-0.323226,-0.780365,-1.250770
10163.197700,0.088962,1.171583,0.770893,0.507213,-0.287983,-0.841668,-1.443202,-1.346798
10163.201700,-0.111902,0.899181,0.603290,-0.289556,-0.484886,-1.161260,-1.386436,-1.533903
10163.205700,-0.132992,0.558194,0.015548,-0.575587,-0.780119,-1.370952,-1.608379,-1.555661
10163.209700,0.043565,0.082267,-0.303413,-0.586426,-1.143717,-1.331135,-1.410558,-1.146298
10163.213700,-0.021579,-0.092012,-0.462549,-1.080700,-1.368493,-1.352617,-1.099637,-0.898053
10163.217700,0.026654,-0.420746,-0.689664,-1.107948,-1.400029,-1.444579,-0.936556,-0.603373
10163.221700,-0.048579,-0.865044,-1.147842,-1.314652,-1.246366,-1.086752,-0.720662,-0.126626
10163.225700,-0.000255,-0.983057,-1.199881,-1.313966,-0.923886,-0.544914,-0.190974,-0.009998
10163.229700,-0.066163,-1.042414,-1.270609,-1.166069,-0.966610,-0.472943,-0.059616,0.239260
10163.233700,0.115145,-1.108002,-1.238704,-0.805571,-0.531042,0.003604,0.409616,0.655985
10163.237700,0.066890,-1.024820,-0.831049,-0.534931,-0.028294,0.293636,0.524222,0.932951
10163.241700,-0.104905,-0.841436,-0.794325,-0.124012,0.038047,0.467069,0.757391,0.942184
10163.245700,-0.053035,-0.742159,-0.442151,-0.097622,0.373080,0.633370,0.927688,1.203993
10163.249700,-0.057308,-0.555755,-0.281861,0.184156,0.606630,0.780841,0.857889,0.997191
10163.253700,0.046728,-0.204085,-0.023546,0.587987,0.684063,0.802428,1.038497,0.959910
10163.257700,-0.031533,-0.091724,0.379585,0.494859,1.080391,0.793514,0.867318,0.623984
10163.261700,-0.091975,0.131124,0.634699,0.776416,0.775233,0.765384,0.591498,0.510016
10163.265700,0.092232,0.469445,0.674303,0.845015,0.631772,0.717215,0.584576,0.216132
10163.269700,0.005296,0.491725,0.654423,0.706776,0.713580,0.469703,0.083911,0.053531
10163.273700,0.052222,0.669637,0.616762,0.629397,0.595386,0.328252,-0.011634,-0.088180
10163.277700,-0.084711,0.354139,0.661784,0.567029,0.376476,0.171066,-0.184532,-0.266328
10163.171458,-0.136618,0.613987,0.488092,0.502056,0.111533,-0.041396,-0.272068,-0.450375
10163.175458,-0.072989,0.571063,0.420845,0.272179,0.178926,-0.186536,-0.487107,-0.321948
10163.179458,0.097910,0.486488,0.252915,0.153960,-0.329116,-0.153337,-0.356029,-0.533221
10163.183458,0.087094,0.352960,0.025307,-0.039916,-0.195557,-0.386214,-0.477763,-0.379327
10163.187458,0.017600,0.347581,-0.067984,-0.123776,-0.393747,-0.325001,-0.535442,-0.361890
10163.191458,0.118063,0.046322,-0.203622,-0.139810,-0.292387,-0.381022,-0.456659,-0.453513
10163.195458,0.225160,-0.111228,-0.271856,-0.233477,-0.418798,-0.270961,-0.140622,-0.294490
10163.199458,-0.029875,-0.075035,-0.326222,-0.350668,-0.286908,-0.052908,-0.270107,-0.120814
10163.203458,0.247958,-0.069219,-0.371809,-0.248575,-0.155276,-0.025110,0.039350,0.041127
10163.207458,0.071692,-0.277360,-0.242050,-0.301553,-0.041646,-0.057878,-0.021207,0.191064
10163.211458,0.053817,-0.006218,-0.049390,-0.025599,-0.184314,0.060498,0.059132,0.017873
10163.215458,0.068448,0.053222,-0.080078,-0.129418,-0.100714,-0.141182,0.010447,0.111138
10163.219458,0.173371,-0.104901,0.015874,-0.010460,-0.004323,-0.146654,-0.085932,0.203136
10163.223458,0.100927,0.049958,0.061339,0.080671,-0.048286,-0.053436,-0.081635,-0.007434
10163.227458,-0.115060,-0.014284,0.077914,-0.036951,-0.205429,-0.092383,-0.015711,-0.063761
10163.231458,-0.168977,0.161993,-0.012830,-0.003021,0.024424,-0.123363,-0.315930,0.055523
10163.235458,-0.220767,0.003455,0.097729,-0.165268,-0.208510,-0.193497,-0.190859,-0.233484
10163.239458,-0.063586,0.092593,-0.153056,-0.119530,-0.305055,-0.086777,-0.108620,-0.157695
10163.243458,0.064134,0.059653,-0.285011,-0.354573,-0.237838,-0.388860,-0.359631,-0.278441
10163.247458,0.014845,-0.392251,-0.316066,-0.663807,-0.273202,-0.214454,-0.193806,0.064255
10163.251458,0.079550,-0.371615,-0.447626,-0.284136,-0.259930,-0.261223,-0.280509,0.134051
10163.255458,0.006675,-0.396506,-0.707922,-0.339469,-0.307805,-0.218737,-0.086317,0.170883
10163.259458,0.046797,-0.507666,-0.399908,-0.488059,-0.298293,0.010820,0.085798,0.462757
10163.263458,0.027694,-0.632316,-0.602564,-0.229522,-0.184093,0.171666,0.217152,0.445283
10163.267458,-0.033543,-0.492503,-0.314665,-0.196227,0.087585,0.067977,0.459546,0.536796
10163.271458,-0.026211,-0.709067,-0.447444,-0.025755,0.226334,0.442316,0.549949,0.496272
10163.275458,-0.102804,-0.579853,-0.116372,0.321453,0.361488,0.478016,0.655614,0.639077
10163.279458,-0.173630,-0.192727,0.047299,0.308551,0.742317,0.668497,0.892706,0.551398
10163.283458,-0.151010,-0.107227,0.383579,0.442354,0.548670,0.793132,0.673016,0.612771
10163.287458,-0.067161,0.100701,0.643670,0.606435,0.713121,0.828518,0.370266,0.489990
10163.291458,0.178847,0.508437,0.568754,0.749048,0.851278,0.776206,0.683323,0.381593
10163.295458,-0.021524,0.586928,0.753540,0.961174,0.933223,0.634933,0.335232,0.202855
10163.299458,0.067999,0.621093,0.932615,0.923345,0.705907,0.577108,0.067387,-0.363950
10163.303458,-0.071018,1.028491,0.835819,0.784405,0.653891,0.081955,-0.270105,-0.694926
10163.307458,-0.089555,0.975167,0.904461,0.595981,0.304211,0.043044,-0.410524,-0.551885
10163.311458,-0.067301,0.968956,0.819277,0.420015,0.064631,-0.538895,-0.745767,-0.874602
10163.315458,0.190367,1.060100,0.615262,0.246495,-0.203073,-0.690105,-1.032519,-1.071114
10163.319458,-0.011012,0.817446,0.098132,-0.129675,-0.422809,-0.834724,-1.203443,-1.280575
10163.323458,-0.004614,0.556877,0.074168,-0.425165,-0.765272,-1.070217,-1.135663,-1.019472
10163.327458,-0.044487,0.077843,-0.241934,-0.799221,-1.262210,-1.081722,-1.169538,-0.962562
10163.331458,-0.018490,-0.095907,-0.777272,-1.019122,-1.206568,-1.207029,-1.268166,-0.706060
10163.335458,-0.041867,-0.598013,-1.107748,-1.002200,-1.325572,-1.175634,-1.010107,-0.624821
10163.339458,0.081463,-0.999209,-1.065293,-1.165011,-1.367248,-1.084118,-0.882580,-0.297186
10163.343458,0.063189,-1.019507,-1.435769,-1.426592,-1.320027,-0.896402,-0.152730,0.286676
10163.347458,-0.179513,-1.292567,-1.182555,-1.313400,-1.001002,-0.394328,0.198920,0.716242
10163.351458,-0.031710,-1.498370,-1.544173,-1.201313,-0.584688,-0.122134,0.518501,0.957348
10163.355458,0.006177,-1.450882,-1.137833,-0.702614,-0.244352,0.318724,0.865717,1.188714
10163.359458,0.108626,-1.390159,-0.965665,-0.403206,0.203096,0.765704,1.179390,1.630149
10163.363458,0.007528,-1.129493,-0.420570,-0.082664,0.770773,0.897908,1.396360,1.389945
10163.367458,-0.136212,-0.732811,-0.160572,0.367809,1.144519,1.497723,1.571520,1.348177
10163.397618,0.095886,-0.425991,0.282338,0.925191,1.268892,1.701205,1.560163,1.433482
10163.401618,0.075517,0.158480,0.866330,1.129014,1.432873,1.613552,1.799049,1.251185
10163.405618,-0.055011,0.487852,1.090346,1.522167,1.734414,1.659728,1.389968,0.956053
10163.409618,-0.013354,0.930861,1.383166,1.643148,1.704596,1.474239,1.111513,0.253273
10163.413618,0.035862,1.236823,1.687090,1.988894,1.520884,1.359117,0.439903,-0.192414
10163.417618,-0.034262,1.614823,1.736336,1.715868,1.002830,0.623240,0.244498,-0.760266
10163.421618,-0.035663,1.818195,1.718661,1.342145,0.958296,0.344907,-0.490619,-1.016824
10163.425618,0.086079,1.891955,1.596703,1.268980,0.473937,-0.329359,-0.917989,-1.303589
10163.429618,-0.089344,1.448579,1.316783,0.630990,0.201939,-0.690994,-1.179439,-1.739328
10163.433618,0.059391,1.466247,1.014444,0.209599,-0.576932,-1.055876,-1.689770,-1.912316
10163.437618,-0.004405,1.036640,0.407321,-0.386505,-0.884400,-1.410842,-1.731705,-1.758677
10163.441618,-0.184805,0.630923,-0.020331,-0.681293,-1.420869,-1.642038,-1.843731,-1.949473
10163.445618,-0.009922,0.028983,-0.680403,-1.151909,-1.673904,-1.942664,-1.857798,-1.373111
10163.449618,-0.018436,-0.341079,-1.175823,-1.647272,-1.992207,-1.920387,-1.348109,-1.101990
10163.453618,-0.047344,-0.993396,-1.508512,-1.849756,-1.792509,-1.735292,-1.205680,-0.741593
10163.457618,-0.086477,-1.239526,-1.863424,-1.860167,-1.893695,-1.408423,-0.597852,0.044078
10163.461618,-0.195216,-1.364772,-2.035973,-1.696540,-1.592153,-1.099175,-0.301538,0.437149
10163.465618,-0.054816,-1.893690,-1.891478,-1.541621,-1.150280,-0.473645,0.209959,0.974841
10163.469618,-0.050412,-2.105662,-1.542117,-1.328224,-0.676318,0.177436,0.546528,1.655064
10163.473618,-0.085890,-1.974537,-1.569876,-0.815810,0.040727,0.757225,1.221736,1.573425
10163.477618,-0.041435,-1.722387,-1.279786,-0.344091,0.372250,1.139443,1.714286,2.011475
10163.481618,-0.006439,-1.137824,-0.675792,0.079806,0.869062,1.558783,1.956836,1.950681
10163.485618,-0.031946,-0.712991,-0.218452,0.956150,1.316762,1.786728,2.029367,1.927483
10163.489618,-0.065491,-0.284832,0.366831,1.109116,1.539361,1.985965,1.926108,1.418298
10163.493618,-0.068098,0.229007,1.060125,1.440005,1.893350,1.875859,1.818490,1.173433
10163.497618,0.051880,0.729532,1.243824,1.840763,1.881558,1.959699,1.596035,0.829137
10163.501618,-0.064061,1.242490,1.774985,2.094338,1.904613,1.609008,0.806276,0.256058
10163.505618,-0.086036,1.623953,1.839924,2.013036,1.763641,1.145703,0.373595,-0.261280
10163.509618,0.155726,2.066447,2.031978,1.834993,1.215306,0.812831,-0.319970,-0.724303
10163.513618,0.002663,1.741515,1.922270,1.489338,0.847366,0.116672,-0.628690,-1.304013
10163.517618,-0.147566,1.983293,1.603154,1.248074,0.457814,-0.305118,-0.929142,-1.584833
10163.521618,-0.014628,1.497400,1.294018,0.766346,-0.084245,-0.964995,-1.509603,-1.941786
10163.525618,0.030573,1.380151,0.948619,0.067701,-0.676061,-1.435289,-1.838979,-2.083897
10163.529618,0.141714,0.951539,0.298190,-0.636291,-1.294912,-1.708697,-1.970416,-1.875190
10163.533618,0.201111,0.300753,-0.158580,-0.926474,-1.609342,-1.926533,-1.820105,-1.693138
10163.537618,-0.032196,-0.135293,-0.852949,-1.512762,-1.712682,-2.015346,-1.897248,-1.330631
10163.541618,-0.081623,-0.399510,-1.212990,-1.674217,-1.893560,-1.785425,-1.419146,-0.908059
10163.545618,-0.101593,-1.043710,-1.559953,-2.028251,-2.090727,-1.730485,-1.288285,-0.459384
10163.549618,-0.077288,-1.408050,-1.719212,-1.861888,-1.660206,-1.162518,-0.651802,-0.147683
10163.553618,-0.174442,-1.641335,-1.854849,-1.702875,-1.116231,-0.793422,-0.115662,0.653904
10163.557618,-0.119021,-1.756374,-1.831903,-1.353117,-1.156451,-0.319257,0.342891,0.962606
10163.561618,0.062266,-1.862336,-1.485296,-1.212826,-0.563827,0.391928,0.741411,1.350732
10163.565618,-0.308984,-1.734963,-1.234079,-0.676663,-0.008451,0.587750,1.251770,1.633015
10163.569618,-0.000548,-1.407375,-0.931220,-0.228674,0.459424,1.030536,1.567647,1.656199
10163.573618,0.018137,-1.168641,-0.433475,0.307866,0.821195,1.530416,1.902035,1.691940
10163.577618,-0.014475,-0.498312,-0.124760,0.724564,1.247395,1.729518,1.727235,1.642534
10163.581618,-0.082316,-0.051226,0.411439,1.200951,1.542183,1.486191,1.652906,1.381586
10163.585618,-0.122936,0.239472,0.947778,1.359525,1.700661,1.649907,1.287622,1.185071
10163.589618,-0.033984,0.768194,1.447539,1.677728,1.725048,1.600647,1.147003,0.577764
10163.593618,0.056714,1.099253,1.602165,1.713136,1.316192,1.296314,0.612565,0.091541
10163.584365,-0.167227,1.321271,1.561679,1.626994,1.250247,0.628833,0.204085,-0.415779
10163.588365,0.063307,1.543843,1.500013,1.411991,1.164516,0.545676,-0.380073,-0.530585
10163.592365,0.118381,1.715456,1.284545,1.056022,0.650138,-0.117049,-0.547542,-0.941039
10163.596365,-0.033319,1.636003,1.263306,0.552945,0.085203,-0.310001,-1.052901,-1.226031
10163.600365,0.061158,1.298363,0.811578,0.369265,-0.074389,-0.826488,-1.151433,-1.252190
10163.604365,0.026231,0.932147,0.443707,-0.277050,-0.741903,-1.044509,-1.274762,-1.498929
10163.608365,0.095697,0.723491,0.021199,-0.512067,-1.068982,-1.199604,-1.419299,-1.260448
10163.612365,-0.005970,0.161616,-0.207620,-0.981534,-1.195620,-1.440978,-1.205037,-0.969983
10163.616365,0.042315,-0.180766,-0.456147,-1.107834,-1.428109,-1.543776,-1.185417,-1.035710
10163.620365,0.141887,-0.529927,-1.033563,-1.088635,-1.225170,-1.059116,-1.121546,-0.723871
10163.624365,0.156070,-1.046067,-1.218864,-1.256597,-1.367741,-0.998347,-0.763817,-0.050620
10163.628365,0.071781,-0.955996,-1.230441,-1.327809,-1.081037,-0.871331,-0.123129,0.198351
10163.632365,-0.087011,-0.956627,-1.200214,-0.956086,-0.692629,-0.393064,-0.104401,0.420309
10163.636365,0.358910,-1.204789,-1.130877,-0.939552,-0.637693,-0.041926,0.202299,0.650438
10163.640365,0.030868,-1.121002,-0.920294,-0.637777,-0.353345,0.344834,0.716976,0.819661
10163.644365,0.047676,-1.011434,-0.600361,-0.261233,0.192896,0.376734,0.668380,0.828027
10163.648365,0.267519,-0.674713,-0.319420,-0.198299,0.405980,0.515489,0.973699,1.029459
10163.652365,-0.029829,-0.579624,-0.048799,0.165697,0.704508,0.828966,1.008675,1.016069
10163.656365,0.045967,-0.242637,0.315625,0.563812,0.477183,0.882377,1.084649,0.745072
10163.660365,0.000465,-0.000518,0.494562,0.523434,0.734906,0.947278,0.866172,0.692264
10163.664365,0.032226,0.212853,0.577956,0.760226,0.819934,0.815037,0.618900,0.351119
10163.668365,0.055758,0.286027,0.717816,0.755968,0.786352,0.671974,0.528055,0.341049
10163.672365,0.180355,0.660087,0.719217,0.839044,0.489083,0.579000,0.305219,-0.180714
10163.676365,-0.058110,0.661871,0.748615,0.774344,0.710457,0.310690,-0.055638,-0.135950
10163.680365,0.128786,0.779397,0.700128,0.754023,0.343287,0.290818,-0.244858,-0.595553
10163.684365,-0.117686,0.558675,0.550742,0.308117,0.203760,0.016191,-0.245314,-0.483733
10163.688365,0.120262,0.454450,0.393864,0.182841,0.086763,-0.240688,-0.347583,-0.436418
10163.692365,-0.050687,0.261251,0.248657,0.000428,-0.187617,-0.555079,-0.607703,-0.435516
10163.696365,-0.093742,0.406670,0.054682,-0.009177,-0.258379,-0.307866,-0.481186,-0.448126
10163.700365,0.123083,0.206905,-0.071485,-0.352039,-0.312596,-0.349720,-0.408608,-0.478495
10163.704365,0.015167,0.107108,0.034799,-0.256914,-0.082712,-0.227174,-0.343054,-0.266314
10163.708365,0.138893,-0.150235,-0.252794,-0.393738,-0.342503,-0.406778,-0.311223,-0.192171
10163.712365,-0.137845,0.018504,-0.085221,-0.305573,-0.127047,-0.210136,-0.074913,-0.228188
10163.716365,-0.033635,-0.085912,-0.218776,-0.242809,-0.224839,-0.132432,-0.088790,0.140928
10163.720365,-0.098942,-0.138004,-0.102402,-0.296192,-0.179066,-0.078154,0.118451,0.050350
10163.724365,0.075799,-0.037684,-0.400604,-0.102946,-0.123618,0.113390,0.081684,0.146237
10163.728365,0.051963,-0.064884,0.013296,-0.056594,0.098056,-0.108559,0.131095,0.015842
10163.732365,0.067946,-0.181496,0.006919,-0.027837,-0.007997,-0.170427,0.018441,0.034641
10163.736365,-0.178161,-0.093397,0.030922,0.047017,-0.008525,-0.008232,-0.017360,-0.078808
10163.740365,-0.017824,-0.088041,-0.031157,-0.005900,0.093223,-0.066626,0.135884,0.117634
10163.744365,0.006970,0.017387,0.238421,0.037674,-0.036186,-0.183134,-0.167774,-0.220078
10163.748365,0.148799,0.086865,-0.062868,-0.142768,-0.243825,-0.178808,-0.155723,-0.375007
10163.752365,-0.096419,-0.082536,0.008612,-0.225155,-0.393209,-0.335317,-0.029939,-0.186012
10163.756365,-0.103846,-0.259892,-0.182387,-0.236009,-0.231122,0.013095,-0.328035,-0.155042
10163.760365,0.029243,-0.232460,-0.482292,-0.269643,-0.380124,-0.371339,-0.261907,0.101207
10163.764365,0.129903,-0.401592,-0.533061,-0.282663,-0.122586,-0.001048,-0.246151,0.176909
10163.768365,-0.000536,-0.583690,-0.509966,-0.471327,-0.254153,-0.301412,0.091737,0.207345
10163.772365,0.102008,-0.535472,-0.416188,-0.476417,-0.165389,-0.081539,0.112326,0.287804
10163.776365,-0.174138,-0.396531,-0.437376,-0.188576,-0.011363,-0.001339,0.244194,0.266004
10163.780365,0.122596,-0.485589,-0.367483,-0.225746,-0.075491,0.366109,0.618532,0.666650
10163.778053,-0.016738,-0.430940,-0.173589,-0.039081,0.385443,0.526219,0.829221,0.635552
10163.782053,-0.241483,-0.361754,-0.166799,0.148159,0.548983,0.499855,0.569893,0.587960
10163.786053,0.215414,-0.264220,0.084105,0.510256,0.609848,0.453174,0.662129,0.568829
10163.790053,-0.174274,-0.073872,-0.005965,0.550715,0.692023,0.688290,0.530420,0.694774
10163.794053,-0.056835,0.302791,0.465153,0.835633,0.855113,0.793500,0.564958,0.546615
10163.798053,-0.020543,0.340421,0.657137,0.816761,0.932257,0.551481,0.760237,0.271038
10163.802053,-0.001589,0.684458,0.678555,0.909130,0.890268,0.598647,0.387713,0.070858
10163.806053,-0.072845,0.951260,0.930017,1.093851,0.863793,0.491576,0.019183,-0.276636
10163.810053,0.100784,0.905079,1.014655,0.888348,0.557926,0.135823,-0.006619,-0.477910
10163.814053,-0.030185,0.948394,1.018039,0.680713,0.440177,-0.147139,-0.413655,-0.813306
10163.818053,0.174149,1.050698,0.704281,0.564959,0.190761,-0.380831,-0.789676,-1.182665
10163.822053,0.110079,0.739921,0.597840,0.025856,-0.056023,-0.501219,-0.906589,-0.991172
10163.826053,-0.013220,0.651043,0.168544,-0.033121,-0.644670,-0.639709,-1.216378,-1.048464
10163.830053,0.127600,0.344380,-0.022427,-0.459704,-0.481217,-1.120498,-1.309416,-1.064039
10163.834053,-0.104752,0.160270,-0.360319,-0.696344,-1.123688,-1.294074,-1.087038,-0.954598
10163.838053,0.002824,-0.372123,-0.586767,-1.066543,-1.206955,-1.446559,-1.069593,-0.746133
10163.842053,-0.022954,-0.621461,-0.834989,-1.300112,-1.221737,-1.095485,-0.988147,-0.397077
10163.846053,-0.042971,-0.800359,-1.289241,-1.356574,-1.281997,-1.040936,-0.590143,-0.203763
10163.850053,-0.055236,-1.073575,-1.398826,-1.413271,-1.246090,-0.829387,-0.388300,0.328603
10163.854053,-0.044906,-1.457584,-1.439991,-1.413647,-1.019946,-0.317040,-0.010536,0.619739
10163.858053,0.220639,-1.431393,-1.422824,-1.277102,-0.604067,-0.145448,0.549639,0.913585
10163.862053,0.027716,-1.308183,-1.145317,-0.919317,-0.233739,0.435499,0.717344,1.435838
10163.866053,0.014092,-1.276307,-0.984063,-0.416195,0.082648,0.893521,1.372361,1.680333
10163.870053,-0.176574,-1.071411,-0.557113,-0.075447,0.628569,0.953787,1.583691,1.403600
10163.874053,0.025043,-0.699177,-0.249074,0.565901,0.798649,1.381223,1.408015,1.451707
10163.878053,-0.049382,-0.433207,0.380206,0.728181,1.153589,1.530221,1.609447,1.429920
10163.882053,0.115382,-0.147753,0.860772,1.129389,1.518309,1.648009,1.277648,1.072885
10163.886053,0.099205,0.585766,1.041813,1.516171,1.716450,1.565561,1.319548,0.675723
10163.890053,-0.094534,0.922534,1.178164,1.740159,1.676017,1.388463,1.018550,0.362883
10163.894053,0.106380,1.478874,1.679658,1.649660,1.607053,1.042226,0.447373,-0.175652
10163.898053,0.115813,1.672356,1.840333,1.651761,1.334541,0.781314,-0.013779,-0.560676
10163.902053,-0.000394,1.716448,1.687511,1.371889,0.885692,0.260512,-0.364421,-0.906635
10163.906053,0.056850,1.795625,1.359683,1.339926,0.398409,-0.298619,-0.769723,-1.534917
10163.910053,0.037178,1.626481,1.245540,0.680349,-0.142238,-0.729990,-1.200561,-1.697738
10163.914053,0.349857,1.438256,0.756841,0.138309,-0.718018,-1.051977,-1.457803,-1.746287
10163.918053,-0.084013,0.982008,0.479313,-0.371806,-1.082464,-1.618639,-1.627864,-1.878276
10163.922053,0.083169,0.674250,-0.190978,-0.811307,-1.500595,-1.627594,-1.965546,-1.654647
10163.926053,-0.049420,0.020508,-0.511459,-1.309230,-1.886612,-1.848392,-1.860885,-1.401156
10163.930053,0.085612,-0.375074,-1.004310,-1.739030,-1.760405,-1.894781,-1.708551,-1.273803
10163.934053,-0.030839,-0.989610,-1.567257,-1.809081,-1.742314,-1.784889,-1.207897,-0.610962
10163.938053,-0.098695,-1.449692,-1.613615,-1.935600,-1.820140,-1.459659,-0.762618,-0.094230
10163.942053,0.193004,-1.661727,-1.918166,-1.871488,-1.416749,-0.978501,-0.304073,0.518586
10163.946053,0.079134,-1.781368,-1.917781,-1.660725,-1.072447,-0.754810,0.291040,0.944425
10163.950053,0.005804,-1.932771,-1.672707,-1.490915,-0.773747,-0.033277,0.743997,1.294170
10163.954053,0.213744,-1.799129,-1.593128,-0.912692,-0.217183,0.608882,1.193155,1.600948
10163.958053,-0.057224,-1.520301,-1.263801,-0.292664,0.427802,1.049424,1.716124,1.963864
10163.962053,-0.213745,-1.342274,-0.664316,0.288158,0.852156,1.483897,1.772485,1.978380
10163.966053,-0.118889,-0.734862,-0.129740,0.562314,1.469379,1.676568,2.017924,1.725555
10163.970053,0.029302,-0.211915,0.395376,1.051024,1.584972,1.966354,2.136539,1.726467
10163.974053,0.117048,0.124890,1.083884,1.666898,1.953948,1.922721,1.843192,1.172476
10163.977289,0.065722,0.727296,1.315662,1.807233,2.196790,1.731170,1.513366,0.849393
10163.981289,-0.018438,1.185052,1.621139,2.114738,1.804482,1.289356,1.004987,0.096805
10163.985289,-0.010973,1.485291,1.885607,1.978831,1.726993,1.302880,0.460337,-0.307953
10163.989289,-0.023982,1.966679,1.879286,1.763415,1.346700,0.590826,0.051891,-0.811615
10163.993289,-0.122566,2.025544,2.019618,1.433016,1.028401,0.169348,-0.606624,-1.181980
10163.997289,0.020371,1.982032,1.650347,0.914008,0.412960,-0.377161,-1.153306,-1.913388
10164.001289,0.062208,1.667216,1.157253,0.471083,-0.369611,-0.868070,-1.279987,-1.944192
10164.005289,0.082101,1.421830,0.832257,0.049007,-0.623590,-1.473280,-1.787251,-1.854860
10164.009289,0.070116,1.035502,0.291971,-0.517482,-1.206994,-1.838993,-1.888964,-1.763181
10164.013289,0.029404,0.504143,-0.196518,-1.188140,-1.598248,-1.890554,-2.102789,-1.670860
10164.017289,-0.185075,0.038685,-0.746756,-1.410216,-1.724988,-1.922224,-1.730304,-1.319744
10164.021289,-0.086001,-0.397358,-1.092526,-1.651853,-1.899304,-1.767484,-1.364171,-0.720583
10164.025289,-0.054151,-0.923763,-1.574607,-2.025952,-1.796445,-1.462481,-0.995888,-0.427646
10164.029289,0.038753,-1.347030,-1.732839,-1.767815,-1.609352,-1.314995,-0.616542,0.062521
10164.033289,0.016123,-1.878060,-1.681641,-1.850357,-1.451796,-0.807087,-0.243881,0.585755
10164.037289,0.016860,-1.666998,-1.800560,-1.561957,-1.108962,-0.105881,0.413318,1.077495
10164.041289,-0.137148,-1.778108,-1.677157,-1.012571,-0.478129,0.202965,0.744219,1.419276
10164.045289,-0.021382,-1.677980,-1.500160,-0.808598,-0.072461,0.725399,1.077769,1.810943
10164.049289,0.124197,-1.524236,-0.649238,-0.207222,0.458309,1.157442,1.601505,1.795630
10164.053289,-0.108452,-1.101282,-0.395193,0.344735,1.057742,1.381410,1.731133,1.690914
10164.057289,0.109384,-0.650639,-0.003741,0.727421,1.110297,1.693576,1.720768,1.874094
10164.061289,-0.061820,-0.173119,0.625322,1.192070,1.638155,1.693661,1.531905,1.587707
10164.065289,0.051633,0.346742,1.019478,1.280359,1.622059,1.566532,1.436283,0.814420
10164.069289,0.067377,0.874121,1.384972,1.635481,1.689520,1.453069,1.136713,0.511642
10164.073289,-0.186964,1.054453,1.573916,1.533118,1.431617,1.191262,0.475018,0.140208
10164.077289,0.064118,1.474318,1.620237,1.488039,1.186011,0.900516,0.324660,-0.489399
10164.081289,-0.125068,1.527132,1.590339,1.477773,1.047387,0.420638,-0.085573,-0.813051
10164.085289,-0.030855,1.641743,1.532288,1.195821,0.573338,0.002270,-0.686961,-1.014370
10164.089289,-0.059131,1.266010,1.148950,0.653235,-0.098605,-0.478175,-0.871434,-1.292584
10164.093289,0.041181,1.409684,0.811420,0.224612,-0.193240,-0.751776,-1.339067,-1.470432
10164.097289,0.053850,1.008690,0.567046,-0.135896,-0.762602,-1.169667,-1.285310,-1.352753
10164.101289,-0.016753,0.785342,0.082067,-0.503735,-1.075461,-1.281569,-1.313624,-1.222365
10164.105289,0.106927,0.305622,-0.125921,-0.880252,-1.043406,-1.335420,-1.336535,-1.287264
10164.109289,0.034134,-0.007482,-0.841135,-0.958441,-1.518210,-1.486803,-1.205082,-0.705941
10164.113289,-0.012809,-0.424886,-0.995910,-1.219628,-1.318245,-1.062536,-1.026323,-0.598776
10164.117289,0.107683,-0.790126,-1.085998,-1.218611,-1.298447,-1.224710,-0.541435,-0.168013
10164.121289,-0.127698,-0.905695,-0.994019,-1.105201,-0.859473,-0.870923,-0.289871,0.201908
10164.125289,-0.011676,-1.145988,-1.491551,-0.926713,-0.991156,-0.346341,0.023636,0.475310
10164.129289,-0.020548,-1.129770,-1.041064,-0.797194,-0.556322,-0.232870,0.212208,0.837411
10164.133289,-0.027131,-1.198420,-1.010778,-0.644065,-0.364460,0.195262,0.727981,0.903352
10164.137289,-0.176757,-0.875597,-0.597678,-0.230835,0.073189,0.704610,0.877456,1.312856
10164.141289,0.135159,-0.645475,-0.506181,-0.149724,0.353982,0.668401,0.874429,1.014397
10164.145289,-0.019804,-0.589430,-0.100659,0.142823,0.564857,0.712262,0.981317,0.981174
10164.149289,-0.096133,-0.258436,0.090583,0.404857,0.687719,0.947978,0.938876,0.922147
10164.153289,-0.103636,-0.027208,0.273913,0.634152,0.852151,0.778535,0.891003,0.856337
10164.157289,0.017062,0.137922,0.492727,0.707273,0.778115,0.893649,0.490548,0.449159
10164.161289,0.129048,0.539311,0.751378,0.716340,0.942423,0.726363,0.620058,0.301189
10164.165289,0.031439,0.530853,0.947775,0.581117,0.673932,0.377670,0.277950,0.009428
10164.169289,-0.064293,0.577339,0.578386,0.723816,0.496854,0.367850,0.005783,-0.193427
10164.173289,0.073958,0.700494,0.674117,0.543698,0.418397,0.070615,-0.148392,-0.334281
10164.178858,0.153720,0.554931,0.462151,0.429902,0.311696,0.032686,-0.278396,-0.347394
10164.182858,-0.181015,0.635639,0.386565,0.300838,0.122283,-0.178768,-0.380586,-0.557200
10164.186858,0.169150,0.455532,0.293414,0.230934,-0.173628,-0.332939,-0.351919,-0.338079
10164.190858,0.004453,0.329735,-0.032599,0.070413,-0.341375,-0.426773,-0.436999,-0.534356
10164.194858,-0.193952,0.036228,0.007180,-0.015093,-0.160121,-0.354548,-0.408334,-0.310946
10164.198858,0.132566,0.052830,-0.089414,-0.213963,-0.227447,-0.509347,-0.358243,-0.252416
10164.202858,-0.189327,0.037804,-0.064943,-0.459554,-0.358324,-0.358784,-0.364613,-0.263798
10164.206858,-0.052241,-0.057125,-0.079666,-0.204398,-0.366618,-0.169880,-0.124428,-0.385846
10164.210858,0.123991,-0.135381,-0.185318,-0.399513,-0.052380,-0.136081,-0.022425,-0.147259
10164.214858,0.051178,-0.094286,-0.188350,-0.301142,-0.150842,-0.191046,-0.101660,0.152714
10164.218858,0.008675,-0.128117,-0.242569,-0.115564,-0.095067,-0.135090,0.120319,0.162476
10164.222858,-0.077449,-0.035779,-0.255532,-0.022637,0.047763,-0.113935,0.028810,0.064878
10164.226858,0.288913,0.233758,0.012142,-0.079095,0.020983,0.118953,-0.152243,-0.187472
10164.230858,-0.114596,0.097907,0.097217,0.050556,0.107613,-0.030884,-0.047145,0.014187
10164.234858,0.171129,0.093232,0.017734,0.038626,0.111916,-0.090443,-0.115053,-0.122766
10164.238858,0.081527,-0.019162,0.075885,-0.184036,-0.106018,-0.116810,0.053764,-0.023000
10164.242858,-0.035595,-0.015148,-0.099259,-0.207763,0.016876,-0.247431,-0.000708,-0.137528
10164.246858,-0.008249,-0.005121,0.021062,-0.255218,-0.162953,-0.229102,-0.162054,-0.169179
10164.250858,-0.036098,-0.040010,-0.322886,-0.109590,-0.264437,-0.314529,-0.167550,-0.187570
10164.254858,0.007884,-0.180201,-0.149913,-0.292892,-0.428948,-0.206823,-0.100460,-0.215135
10164.258858,-0.118819,-0.091493,-0.393052,-0.403320,-0.331902,-0.298400,-0.281809,-0.071100
10164.262858,-0.063895,-0.441008,-0.500946,-0.541940,-0.357055,-0.053195,-0.069857,0.141568
10164.266858,0.144385,-0.538192,-0.150128,-0.283633,-0.225333,-0.082614,0.260453,0.221757
10164.270858,-0.043269,-0.354787,-0.483213,-0.354631,-0.189618,-0.113247,0.372663,0.416786
10164.274858,0.106966,-0.534940,-0.429808,-0.264482,0.089882,0.157418,0.456434,0.538307
10164.278858,-0.104262,-0.514783,-0.279575,-0.079540,0.380510,0.424882,0.531063,0.579818
10164.282858,-0.022925,-0.429720,-0.211144,0.190746,0.524678,0.508968,0.695990,0.586217
10164.286858,0.010377,-0.348993,-0.027190,0.236691,0.528965,0.561638,0.486396,0.497104
10164.290858,-0.017455,-0.105497,0.208340,0.544659,0.609172,0.751097,0.925031,0.517225
10164.294858,-0.020552,0.231079,0.395960,0.630526,0.787127,0.801760,0.555881,0.472525
10164.298858,0.154665,0.230609,0.712017,0.812243,0.815136,0.772318,0.659853,0.250415
10164.302858,0.095918,0.636159,0.868210,0.842338,0.829023,0.600909,0.346036,-0.173975
10164.306858,-0.111511,0.945194,1.075450,0.730052,0.676149,0.376148,0.125699,-0.273860
10164.310858,0.068024,0.825916,1.006303,0.800316,0.495447,0.262162,-0.191093,-0.535488
10164.314858,0.133634,1.034502,1.122684,0.454677,0.341474,-0.166084,-0.536725,-0.830885
10164.318858,0.092258,0.973209,0.689702,0.537435,-0.050948,-0.179926,-0.837801,-0.991106
10164.322858,0.192441,0.882760,0.645038,0.187423,-0.236255,-0.716524,-0.891284,-0.963208
10164.326858,-0.194209,0.641083,0.280927,-0.201052,-0.479464,-0.952962,-1.097046,-1.000561
10164.330858,-0.179482,0.510059,0.010266,-0.448690,-0.919984,-1.134022,-1.196391,-1.131622
10164.334858,0.069712,0.057026,-0.454509,-0.948765,-1.053434,-1.148816,-1.312277,-1.109760
10164.338858,0.188856,-0.051890,-0.515575,-0.984556,-1.164257,-1.290834,-1.239689,-0.902763
10164.342858,0.000319,-0.440358,-0.968342,-1.164557,-1.321728,-1.169763,-0.827840,-0.338797
10164.346858,0.028535,-0.670274,-1.218961,-1.212694,-1.231452,-1.221056,-0.486900,-0.214702
10164.350858,-0.024885,-1.057644,-1.432045,-1.370651,-1.096187,-0.865604,-0.309179,0.220330
10164.354858,0.096396,-1.192385,-1.529679,-1.266226,-0.986781,-0.449387,0.274950,0.672065
10164.358858,-0.056304,-1.593144,-1.271836,-1.124254,-0.698359,-0.038279,0.551759,0.944358
10164.362858,-0.094593,-1.315965,-1.144090,-0.688758,-0.278332,0.256185,0.816031,1.114751
10164.366858,-0.033452,-1.401488,-0.957450,-0.415924,0.181164,0.680278,1.074231,1.321447
10164.370858,0.019537,-1.090829,-0.739532,0.137755,0.674763,0.995299,1.463080,1.543231
10164.374858,0.026359,-0.760897,-0.121957,0.576560,1.011067,1.437582,1.723161,1.475251
10164.381151,-0.093307,-0.310527,0.130827,0.764659,1.459515,1.401539,1.628399,1.235380
10164.385151,0.041052,0.250489,0.590635,1.000900,1.581816,1.582934,1.476277,1.152599
10164.389151,0.056294,0.579900,1.089112,1.538440,1.651499,1.558542,1.268671,0.813493
10164.393151,-0.064703,0.973715,1.373690,1.597236,1.772844,1.447793,0.976930,0.229636
10164.397151,-0.024660,1.380964,1.683823,1.978095,1.556553,1.047372,0.480083,-0.232037
10164.401151,-0.064637,1.607310,1.705372,1.773080,1.365701,0.807632,0.029862,-0.528123
10164.405151,0.102313,1.916530,1.669096,1.428292,0.838702,0.525252,-0.451109,-0.929983
10164.409151,0.015660,1.871852,1.558247,1.190349,0.496836,-0.060540,-0.865521,-1.497042
10164.413151,0.051811,1.673696,1.172150,0.713302,-0.084553,-0.741219,-1.299047,-1.893010
10164.417151,-0.043133,1.521476,0.857271,0.000286,-0.532736,-1.111442,-1.648132,-1.857130
10164.421151,-0.044630,1.131314,0.323442,-0.265085,-1.023190,-1.396079,-1.863300,-1.942938
10164.425151,0.061884,0.668569,-0.064924,-0.730714,-1.500664,-1.851227,-1.742498,-1.647623
10164.429151,-0.045566,-0.063363,-0.743615,-1.352857,-1.759773,-1.860274,-1.926718,-1.469697
10164.433151,-0.126347,-0.452874,-0.854725,-1.490289,-1.822896,-1.917261,-1.673579,-1.037012
10164.437151,-0.155346,-0.846177,-1.510009,-1.845271,-2.080761,-1.689742,-1.241005,-0.649849
10164.441151,0.022446,-1.387950,-1.748374,-1.875096,-1.909615,-1.380429,-0.760526,0.093939
10164.445151,0.084099,-1.721742,-1.974684,-1.868204,-1.659893,-1.073656,-0.303215,0.264316
10164.449151,-0.098966,-1.932890,-1.663683,-1.748076,-1.105698,-0.501203,0.326215,0.894617
10164.453151,-0.154563,-1.830607,-1.930215,-1.204102,-0.738921,-0.027038,0.753042,1.591409
10164.457151,-0.069850,-1.924412,-1.418065,-0.866866,0.034039,0.709801,1.200301,1.883509
10164.461151,-0.192221,-1.581410,-1.180769,-0.342815,0.568160,0.922347,1.733409,2.027016
10164.465151,0.066025,-1.399838,-0.635743,0.047353,0.935239,1.374552,1.844881,2.047719
10164.469151,-0.073275,-0.883093,-0.178338,0.707113,1.333063,1.733907,1.929320,1.890093
10164.473151,-0.105822,-0.323099,0.463516,1.184616,1.646811,2.032399,2.039900,1.684403
10164.477151,0.020982,0.089239,1.141751,1.574052,1.954631,1.915374,1.724495,1.358200
10164.481151,0.000000,0.734239,1.566981,1.746832,1.831915,1.654843,1.493708,0.695760
10164.485151,48.175369,1.349699,1.778848,1.867264,2.085867,1.539092,0.967898,0.160599
10164.489151,84.432793,1.642707,1.799600,1.963582,1.858379,1.244129,0.480495,-0.428501
10164.493151,99.802673,1.794678,2.136611,1.759777,1.268231,0.659672,-0.165858,-0.819901
10164.497151,90.482704,1.985427,1.796331,1.489181,0.765149,0.431008,-0.446703,-1.177118
10164.501151,58.778526,1.926454,1.626776,1.067349,0.609493,-0.421591,-1.171711,-1.668888
10164.505151,12.533323,1.405015,1.309261,0.339019,-0.026501,-1.086655,-1.595907,-2.077907
10164.509151,-36.812454,1.429963,1.027341,0.254459,-0.576893,-1.492635,-1.780659,-1.831721
10164.513151,-77.051323,0.965884,0.317373,-0.436624,-1.319443,-1.740348,-1.873968,-1.812225
10164.517151,-98.228722,0.461692,-0.275623,-1.051726,-1.557936,-1.798161,-1.689293,-1.807333
10164.521151,-95.105652,0.007853,-0.929465,-1.400900,-1.819331,-1.937089,-1.673065,-1.150611
10164.525151,-68.454712,-0.532903,-1.184709,-1.486828,-2.020212,-1.718309,-1.604915,-1.063537
10164.529151,0.063117,-1.194108,-1.605168,-1.727610,-1.971640,-1.429537,-1.318945,-0.306311
10164.533151,-0.138412,-1.436348,-1.768561,-1.919053,-1.729376,-1.402192,-0.477692,-0.009983
10164.537151,-0.123071,-1.700898,-1.944149,-1.688530,-1.453837,-0.815479,-0.094662,0.716673
10164.541151,-0.052769,-1.999042,-1.895732,-1.407662,-0.961592,-0.356752,0.411761,1.042690
10164.545151,0.078769,-1.796834,-1.646238,-1.067973,-0.406887,0.098530,0.786393,1.669195
10164.549151,0.062608,-1.523343,-1.213919,-0.671699,-0.236542,0.553262,1.335841,1.582278
10164.553151,-0.014826,-1.333761,-0.882577,-0.191178,0.608000,1.246731,1.554064,1.911304
10164.557151,-0.096083,-1.034885,-0.374321,0.250783,0.891580,1.315190,1.719653,1.596097
10164.561151,-0.013318,-0.613474,0.129574,0.603596,1.311588,1.696442,1.749543,1.642080
10164.565151,0.026988,-0.406454,0.431386,1.328145,1.600167,1.661474,1.683265,1.391988
10164.569151,0.154112,0.285240,0.879293,1.360905,1.610563,1.610331,1.438331,0.910128
10164.573151,-0.006208,0.943003,1.174509,1.625122,1.556737,1.587569,1.203756,0.435856
10164.577151,-0.069587,1.182799,1.467237,1.787407,1.425973,1.318937,0.915661,0.106457
10164.571827,-0.063689,1.301890,1.581911,1.640934,1.159659,0.814442,0.266278,-0.222306
10164.575827,0.186170,1.515875,1.465842,1.398301,0.998745,0.547254,-0.233493,-0.876997
10164.579827,-0.001165,1.522906,1.399868,1.010618,0.465741,0.056145,-0.573924,-1.184719
10164.583827,0.081994,1.281407,1.152257,0.760349,0.282878,-0.476377,-0.837276,-1.399125
10164.587827,0.082146,1.435332,0.769311,0.354295,-0.188574,-0.911909,-1.169195,-1.509463
10164.591827,-0.084292,0.938878,0.444250,0.011391,-0.620850,-0.847263,-1.425354,-1.408930
10164.595827,-0.015067,0.506464,0.257321,-0.440532,-1.012464,-1.234013,-1.316333,-1.434103
10164.599827,0.005035,0.359707,-0.269087,-0.727966,-1.188314,-1.520832,-1.382771,-1.201022
10164.603827,-0.010901,-0.177851,-0.611234,-1.072667,-1.208818,-1.283497,-1.288095,-0.738556
10164.607827,-0.072326,-0.584314,-0.799389,-1.259431,-1.302974,-1.354240,-0.988197,-0.544395
10164.611827,-0.039255,-0.816825,-1.093218,-1.163126,-1.328958,-1.272223,-0.524998,-0.245459
10164.615827,-0.057313,-1.038042,-1.327778,-1.263952,-1.095548,-0.704620,-0.369593,-0.077713
10164.619827,-0.133736,-1.001665,-1.279613,-1.041381,-0.900823,-0.355429,0.032448,0.333226
10164.623827,-0.117094,-1.298649,-1.013895,-1.018241,-0.580658,-0.120347,0.358389,0.687414
10164.627827,-0.157552,-1.216622,-1.041800,-0.899498,-0.192965,0.248919,0.495494,1.045674
10164.631827,-0.010640,-0.877626,-0.631107,-0.360543,-0.135642,0.491367,0.856500,0.948620
10164.635827,0.016082,-0.768194,-0.539244,-0.064912,0.291510,0.725160,0.869186,0.956245
10164.639827,-0.163774,-0.304772,-0.211635,0.104939,0.629523,0.852394,1.026128,1.026451
10164.643827,0.109706,-0.371959,0.115022,0.293029,0.702178,0.970264,0.846521,1.049470
10164.647827,0.001803,-0.189484,0.405878,0.850124,0.601591,0.968171,0.732767,0.634654
10164.651827,-0.130917,0.310053,0.490084,0.855729,0.741882,0.800719,0.441487,0.681683
10164.655827,0.191966,0.634638,0.802238,0.723260,0.792254,0.718844,0.515177,0.083482
10164.659827,-0.114581,0.421617,0.668711,0.727110,0.646011,0.543334,0.127963,-0.111681
10164.663827,-0.076032,0.716006,0.730196,0.712444,0.450093,0.329658,-0.019282,-0.292162
10164.667827,0.036958,0.587955,0.642501,0.527050,0.253255,0.073135,-0.184984,-0.407108
10164.671827,-0.180291,0.543200,0.641858,0.445120,0.151037,-0.166465,-0.270542,-0.373189
10164.675827,0.151704,0.482095,0.311975,0.286015,0.057396,-0.197096,-0.451120,-0.648935
10164.679827,0.067460,0.510739,0.235182,0.251044,-0.099755,-0.325458,-0.563949,-0.685561
10164.683827,-0.051196,0.327952,0.359602,-0.051052,-0.173833,-0.455554,-0.434974,-0.461654
10164.687827,-0.094547,0.293617,-0.016069,-0.054185,-0.300736,-0.425890,-0.502134,-0.425747
10164.691827,0.146470,-0.048743,-0.037923,-0.265436,-0.269458,-0.351812,-0.493211,-0.275907
10164.695827,0.216574,-0.023162,-0.079855,-0.235220,-0.238166,-0.392579,-0.287871,-0.100695
10164.699827,-0.035016,-0.010903,-0.304764,-0.253699,-0.301120,0.014845,-0.223806,-0.050512
10164.703827,-0.199140,-0.265516,-0.171807,-0.251611,-0.238237,-0.202275,-0.118439,-0.186030
10164.707827,-0.008677,-0.169387,-0.066146,-0.088310,-0.427570,-0.169004,0.148372,0.127302
10164.711827,0.049086,-0.170303,-0.051014,-0.262515,-0.136642,-0.002442,0.072579,0.080403
10164.715827,0.039357,-0.058944,-0.101785,0.079609,0.154764,-0.006737,-0.090218,0.028625
10164.719827,0.008685,-0.245321,0.113797,-0.076554,-0.086141,-0.027629,-0.032122,0.027340
10164.723827,0.078966,0.149227,0.094206,-0.087951,-0.014367,-0.002258,0.010670,0.024605
10164.727827,0.007779,0.043474,0.118382,-0.014937,0.065323,0.026884,0.075014,-0.053587
10164.731827,0.144369,0.028413,0.046380,0.039575,-0.181115,-0.150261,-0.191811,-0.125789
10164.735827,-0.053270,0.047365,-0.039632,-0.123484,-0.129616,-0.240063,-0.259013,-0.266781
10164.739827,-0.178797,-0.082850,-0.046054,-0.189549,-0.212554,-0.265691,-0.009161,-0.132179
10164.743827,-0.056869,-0.198219,-0.013508,-0.389173,-0.354708,-0.338997,-0.207880,-0.082614
10164.747827,0.006844,-0.225168,-0.415446,-0.135114,-0.290497,-0.208182,-0.240163,-0.083620
10164.751827,0.117285,-0.512996,-0.283532,-0.397202,-0.286809,-0.067827,-0.152336,-0.229077
10164.755827,-0.109137,-0.389419,-0.259096,-0.431567,-0.146897,-0.397182,-0.053022,0.263588
10164.759827,0.094387,-0.664874,-0.539843,-0.386669,-0.299469,0.059121,0.127532,0.146640
10164.763827,0.046069,-0.464146,-0.560587,-0.397062,-0.194546,0.216649,0.262352,0.200150
10164.767827,-0.120341,-0.446464,-0.428421,-0.320879,-0.016360,0.335970,0.635596,0.528698
10164.776586,0.048959,-0.479976,-0.258687,-0.140991,0.335485,0.355541,0.440727,0.539215
10164.780586,0.066497,-0.438829,0.022834,0.194841,0.456830,0.512168,0.590908,0.655937
10164.784586,-0.118715,-0.170903,0.149886,0.256407,0.612464,0.704090,0.822072,0.798472
10164.788586,0.078175,-0.031871,0.386828,0.522942,0.664723,0.698128,0.721140,0.655840
10164.792586,-0.103148,0.069017,0.355702,0.791888,0.836492,0.929798,0.597028,0.294440
10164.796586,0.155698,0.348367,0.740450,0.687955,0.862921,0.723377,0.379531,0.413898
10164.800586,-0.088834,0.546538,0.766266,0.678816,0.792517,0.562696,0.434585,0.023142
10164.804586,-0.126780,0.761046,1.151615,0.812011,0.815204,0.382922,0.000060,-0.319670
10164.808586,0.147040,0.814306,1.036966,0.955645,0.513973,0.317693,-0.082238,-0.606074
10164.812586,-0.094981,1.012016,0.939004,0.650679,0.398936,-0.132301,-0.535078,-0.764932
10164.816586,0.022849,1.145068,0.849292,0.542404,0.032788,-0.380952,-0.772252,-0.944094
10164.820586,0.014559,0.924905,0.582414,0.194112,-0.070437,-0.607242,-0.878262,-1.049055
10164.824586,-0.017423,0.787205,0.338270,-0.237350,-0.601795,-0.693014,-0.988459,-1.179558
10164.828586,0.067493,0.500228,0.196817,-0.449671,-0.807030,-1.175669,-1.209037,-1.387330
10164.832586,0.025971,0.266777,-0.145602,-0.700048,-1.104106,-1.306605,-1.242473,-1.143353
10164.836586,-0.025183,-0.302192,-0.708673,-1.039911,-1.201859,-1.427243,-1.131626,-0.696842
10164.840586,0.139975,-0.540292,-0.731874,-1.155429,-1.306590,-1.075858,-0.955634,-0.576669
10164.844586,0.092887,-0.811145,-1.091228,-1.242950,-1.088672,-1.183139,-0.663713,-0.151672
10164.848586,0.116671,-1.107684,-1.240533,-1.335230,-1.163756,-0.715311,-0.259466,0.294649
10164.852586,0.065189,-1.305842,-1.321399,-1.268818,-0.917408,-0.552580,0.196585,0.805213
10164.856586,-0.180211,-1.392222,-1.386342,-1.096771,-0.557993,-0.071650,0.533113,0.945242
10164.860586,0.150478,-1.476120,-1.288567,-0.752787,-0.326129,0.362634,1.034014,1.262634
10164.864586,-0.135434,-1.375464,-0.868435,-0.410138,0.242222,0.675546,1.151860,1.529031
10164.868586,0.161090,-1.143093,-0.596585,0.105099,0.604392,1.161225,1.362517,1.557272
10164.872586,-0.062138,-0.946654,-0.277571,0.473462,1.036332,1.461146,1.627575,1.506835
10164.876586,-0.183310,-0.492133,0.363591,0.761206,1.301567,1.579603,1.459593,1.412822
10164.880586,0.152778,0.065373,0.664980,1.095393,1.518767,1.699818,1.494049,1.072157
10164.884586,0.100590,0.496466,1.049074,1.508988,1.800996,1.575985,1.181745,0.810349
10164.888586,-0.033176,1.007717,1.214721,1.674514,1.642841,1.314722,0.817600,0.296166
10164.892586,-0.106943,1.024306,1.529073,1.599775,1.537490,0.994988,0.523532,-0.241700
10164.896586,0.078250,1.634803,1.721737,1.653865,1.335075,0.727340,0.069168,-0.830237
10164.900586,-0.051836,1.679087,1.828293,1.388090,0.846311,0.319414,-0.582822,-1.066182
10164.904586,-0.197638,1.711882,1.513403,1.243740,0.454313,-0.320105,-0.909489,-1.280732
10164.908586,-0.205455,1.750029,1.308741,0.663712,-0.053932,-0.573931,-1.231317,-1.794041
10164.912586,0.002234,1.553618,0.930288,0.216700,-0.654878,-0.928403,-1.546206,-1.652236
10164.916586,0.030128,1.067429,0.341211,-0.222189,-0.846639,-1.417260,-1.589202,-1.818757
10164.920586,-0.062088,0.645022,-0.025704,-0.841639,-1.404824,-1.751005,-1.825109,-1.677694
10164.924586,0.021092,0.176589,-0.542325,-1.306613,-1.887280,-1.994646,-1.744031,-1.489998
10164.928586,0.026555,-0.416462,-1.086496,-1.560079,-1.761252,-1.866701,-1.670098,-0.997247
10164.932586,0.071295,-1.136355,-1.562420,-1.839593,-1.962371,-1.681278,-1.279508,-0.460476
10164.936586,0.005139,-1.528076,-1.704705,-1.857437,-1.804865,-1.575067,-0.679146,-0.132629
10164.940586,-0.036130,-1.744325,-2.076064,-1.882555,-1.527255,-0.964954,-0.277359,0.427983
10164.944586,0.146910,-1.881130,-2.032831,-1.639617,-1.135278,-0.419861,0.278998,0.940605
10164.948586,-0.136944,-2.021371,-1.962840,-1.322384,-0.862437,0.020123,0.877579,1.406983
10164.952586,-0.005909,-1.841855,-1.464259,-0.810451,-0.117375,0.629052,1.073783,1.777418
10164.956586,0.165857,-1.593693,-1.018338,-0.469804,0.364921,1.145844,1.685420,2.022013
10164.960586,-0.113432,-1.381130,-0.756172,0.169524,0.873510,1.485526,1.820543,1.900364
10164.964586,0.000185,-0.732730,0.069054,0.838535,1.299986,1.688869,2.080759,2.001745
10164.968586,0.041761,-0.320966,0.397510,1.229558,1.757411,2.000189,1.833094,1.520313
10164.972586,-0.009391,0.336069,1.065160,1.528282,1.740760,2.119402,1.870064,1.252654
10165.005386,-0.042999,0.734647,1.507327,1.901448,1.957199,2.067921,1.261215,0.705208
10165.009386,-0.057923,1.250868,1.859211,2.068743,1.936117,1.435480,1.069708,0.118358
10165.013386,-0.040182,1.612116,1.862992,1.889195,1.788519,1.314424,0.452799,-0.496573
10165.017386,0.028054,1.804670,2.028448,1.836720,1.158668,0.642405,-0.026051,-0.852785
10165.021386,-0.109637,2.050339,1.722061,1.528387,0.838334,0.187064,-0.649605,-1.253202
10165.025386,0.136112,2.012424,1.708726,1.147679,0.200131,-0.394324,-1.088331,-1.603146
10165.029386,-0.008452,1.824808,1.174049,0.792550,-0.117885,-1.006274,-1.380042,-1.997800
10165.033386,0.000945,1.442726,0.763692,0.043459,-0.695496,-1.459796,-1.769871,-1.968042
10165.037386,0.194393,1.151258,0.208902,-0.495497,-1.241085,-1.709164,-1.853333,-1.909924
10165.041386,-0.049899,0.563022,-0.450092,-1.014932,-1.410532,-1.741410,-1.801578,-1.810035
10165.045386,-0.123876,-0.079799,-0.768088,-1.464435,-1.969193,-1.844144,-1.701726,-1.407172
10165.049386,0.071198,-0.459837,-1.455089,-1.630378,-1.920428,-2.093838,-1.388369,-0.903046
10165.053386,-0.159619,-0.988595,-1.547786,-1.810952,-2.073665,-1.639263,-1.191267,-0.427034
10165.057386,-0.169821,-1.528630,-1.636185,-1.774671,-1.606488,-1.110040,-0.806147,0.107336
10165.061386,0.024394,-1.729915,-2.060551,-1.684025,-1.338698,-0.877428,-0.021553,0.631726
10165.065386,0.063382,-1.923303,-1.790903,-1.496469,-1.019550,-0.587103,0.422825,1.093236
10165.069386,-0.094563,-1.773355,-1.593883,-1.118788,-0.562314,0.019589,0.707839,1.497845
10165.073386,-0.109388,-1.770078,-1.219194,-0.931284,-0.183526,0.754291,1.279238,1.473421
10165.077386,-0.043960,-1.407197,-1.006333,-0.375654,0.300343,1.182669,1.664026,1.859379
10165.081386,0.123230,-0.929522,-0.582526,0.361453,0.925006,1.617086,2.061801,1.737382
10165.085386,-0.030499,-0.657875,0.062243,0.744422,1.541408,1.653789,1.708786,1.598647
10165.089386,-0.082496,-0.314195,0.508799,1.347211,1.623401,1.673666,1.681693,1.572307
10165.093386,0.019891,0.235157,0.945746,1.474870,1.709367,1.816107,1.429573,0.717931
10165.097386,0.047178,0.796148,1.304170,1.506583,1.869628,1.386120,0.993735,0.499739
10165.101386,0.132639,1.253101,1.558706,1.735027,1.415906,1.041252,0.654710,0.155812
10165.105386,0.091166,1.292690,1.500395,1.690191,1.328039,0.638251,0.140701,-0.329209
10165.109386,-0.118632,1.430602,1.481883,1.471779,0.980196,0.596277,-0.232020,-0.799188
10165.113386,0.033457,1.494450,1.276683,1.062192,0.516423,-0.017569,-0.660142,-1.059294
10165.117386,-0.035193,1.304070,1.130793,0.618588,0.364256,-0.416222,-0.882963,-1.343540
10165.121386,0.183388,1.141023,0.790146,0.450439,-0.294402,-0.862307,-1.268589,-1.259639
10165.125386,0.204456,1.022183,0.513529,0.009667,-0.581510,-1.060764,-1.416806,-1.517886
10165.129386,0.049615,0.647995,0.245128,-0.478390,-1.026886,-1.420109,-1.496490,-1.493019
10165.133386,0.114759,0.213160,-0.362376,-0.735406,-0.967002,-1.406224,-1.470996,-1.184520
10165.137386,-0.185876,-0.071416,-0.570571,-1.081938,-1.401745,-1.105034,-1.318590,-0.939231
10165.141386,0.003412,-0.385801,-0.919993,-1.196664,-1.251558,-0.904888,-1.009512,-0.583850
10165.145386,-0.010763,-0.697544,-0.844796,-1.273201,-1.179329,-1.235388,-0.642489,-0.181038
10165.149386,0.101912,-1.035236,-1.317182,-1.201492,-1.223474,-0.828516,-0.309325,-0.073248
10165.153386,-0.025570,-0.955164,-1.356694,-1.164304,-0.770631,-0.355169,0.028334,0.459729
10165.157386,0.165345,-1.128398,-1.210910,-0.880349,-0.557222,-0.156186,0.168069,0.732809
10165.161386,0.058251,-1.020895,-0.935491,-0.631120,-0.292118,0.295173,0.483765,0.863118
10165.165386,-0.080587,-0.973545,-0.577419,-0.465899,0.095215,0.501616,0.707453,0.994617
10165.169386,-0.089676,-0.755256,-0.455740,0.095558,0.265900,0.670457,0.890825,1.163084
10165.173386,-0.049233,-0.614533,-0.243973,0.138741,0.511048,0.748125,0.972856,0.831180
10165.177386,0.057660,-0.261365,0.262542,0.497620,0.769440,1.104154,0.979486,0.804906
10165.181386,-0.086921,0.136837,0.234517,0.514151,0.711726,0.821481,0.836044,0.613848
10165.185386,0.052538,0.115700,0.434748,0.755045,0.748426,0.685161,0.519879,0.417060
10165.189386,-0.006883,0.405115,0.770623,0.812571,0.796703,0.824502,0.575233,0.120041
10165.193386,0.083455,0.732620,0.889030,0.856778,0.730077,0.547234,0.411971,-0.160011
10165.197386,0.126762,0.647152,0.618178,0.560425,0.372925,0.382058,0.250405,-0.268062
10165.201386,-0.085398,0.773491,0.664402,0.679475,0.273094,0.196143,0.052684,-0.473932
10165.176650,-0.032076,0.579970,0.625625,0.527446,0.122806,0.201315,-0.274934,-0.526722
10165.180651,0.142767,0.548501,0.380362,0.183603,0.231706,-0.297529,-0.275017,-0.599214
10165.184651,-0.062273,0.412891,0.317722,-0.084483,-0.177821,-0.205053,-0.343206,-0.544547
10165.188651,-0.117530,0.312630,0.209597,-0.039652,-0.092521,-0.399805,-0.587637,-0.528931
10165.192651,0.000153,0.089454,-0.054624,-0.068550,-0.382935,-0.526061,-0.343009,-0.326172
10165.196651,-0.103718,0.111868,-0.217616,-0.306671,-0.438849,-0.418339,-0.303476,-0.265490
10165.200651,-0.081373,-0.034965,-0.134352,-0.169398,-0.281061,-0.247006,-0.269247,-0.270189
10165.204651,0.016182,0.003442,-0.077627,-0.517726,-0.212339,-0.298405,-0.144767,-0.229125
10165.208651,-0.043015,-0.309149,-0.245648,-0.164464,-0.169268,0.044814,-0.151440,-0.102711
10165.212651,0.138592,-0.319088,-0.153474,-0.121537,-0.375717,-0.204569,-0.168364,0.120028
10165.216651,-0.064247,-0.146066,-0.286379,-0.191972,-0.159059,-0.058740,-0.018774,0.205783
10165.220651,0.069168,-0.253003,0.031493,0.033546,-0.023558,0.096916,0.147564,0.003537
10165.224651,-0.121976,0.032162,-0.101600,0.013706,-0.107264,0.103730,-0.060790,0.000577
10165.228651,-0.027518,-0.119954,0.123105,0.134838,-0.017807,-0.088680,-0.043451,-0.074925
10165.232651,-0.002273,0.020946,-0.063412,0.111483,-0.051781,0.138704,-0.059835,-0.115842
10165.236651,-0.028213,0.022038,0.001204,-0.014527,-0.192245,-0.213120,-0.047006,-0.068763
10165.240651,-0.157506,0.088968,0.052200,-0.070296,-0.310105,-0.305534,-0.177494,0.040778
10165.244651,-0.053838,0.045667,-0.164334,0.000216,-0.209624,-0.346486,-0.283938,-0.238362
10165.248651,0.011634,-0.162167,-0.234348,-0.054353,-0.333871,-0.241935,-0.231706,-0.123039
10165.252651,0.066685,-0.408524,-0.260697,-0.358392,-0.299436,-0.285281,-0.192002,-0.024354
10165.256651,-0.055019,-0.095767,-0.456090,-0.228585,-0.452532,-0.260676,-0.073479,-0.052155
10165.260651,-0.100177,-0.418798,-0.334428,-0.384553,-0.112227,-0.108254,-0.048396,-0.109611
10165.264651,-0.155085,-0.495988,-0.612332,-0.392091,-0.210727,-0.087072,0.099114,0.486840
10165.268651,0.006575,-0.529290,-0.545092,-0.308287,-0.171229,0.260162,0.328117,0.563125
10165.272651,0.020847,-0.393464,-0.487670,-0.173179,-0.065438,0.193876,0.422147,0.438777
10165.276651,-0.146215,-0.371588,-0.448642,0.120518,0.109417,0.458032,0.613180,0.505566
10165.280651,0.046011,-0.351775,-0.065708,0.251843,0.452047,0.467202,0.639450,0.570242
10165.284651,-0.057583,-0.169348,0.118669,0.383812,0.572267,0.722687,0.664975,0.769225
10165.288651,0.066804,-0.028346,0.378877,0.466694,0.703236,0.848594,0.589556,0.777593
10165.292651,-0.058886,0.147781,0.479742,0.763703,0.880229,0.932266,0.642542,0.449718
10165.296651,-0.153818,0.314835,0.663731,0.857163,0.840228,0.792116,0.516249,0.201307
10165.300651,0.240025,0.613738,0.932946,0.766155,0.837560,0.560652,0.533355,-0.064211
10165.304651,-0.003090,0.744034,0.847678,0.895581,0.769106,0.556695,0.042458,-0.325062
10165.308651,0.128512,1.120432,0.962893,0.880272,0.736129,0.482873,-0.124492,-0.450085
10165.312651,0.013288,0.879398,0.962838,0.824772,0.267116,-0.240371,-0.384832,-0.940955
10165.316651,-0.157209,0.850420,0.603570,0.577199,0.081120,-0.141459,-0.635229,-0.756231
10165.320651,-0.064399,0.951463,0.475260,0.170644,-0.092665,-0.638728,-0.960086,-1.098158
10165.324651,0.014356,0.748000,0.469495,-0.184425,-0.564403,-0.882570,-1.195490,-1.194343
10165.328651,0.076642,0.395949,0.299916,-0.273051,-0.811786,-1.038400,-1.118544,-1.057211
10165.332651,0.009543,0.441610,-0.386660,-0.786845,-1.060301,-1.159958,-0.993763,-0.983669
10165.336651,0.057854,-0.141068,-0.657218,-0.895301,-1.191955,-1.163266,-1.126626,-0.819513
10165.340651,-0.034318,-0.502962,-0.839825,-1.015788,-1.295258,-1.013872,-0.842303,-0.538722
10165.344651,0.011890,-0.787285,-1.110989,-1.393026,-1.325310,-1.071513,-0.648026,-0.092347
10165.348651,0.188807,-1.187075,-1.521550,-1.533937,-1.080227,-0.837896,-0.258633,0.184917
10165.352651,-0.014823,-1.381722,-1.488356,-1.150362,-0.803380,-0.388509,0.302663,0.502525
10165.356651,-0.021096,-1.491235,-1.300807,-1.204396,-0.554016,-0.212974,0.568645,1.096700
10165.360651,-0.113192,-1.489537,-1.093421,-0.648295,-0.385402,0.376813,0.934668,1.266191
10165.364651,0.143608,-1.388646,-0.991169,-0.486744,0.196649,0.711952,1.280285,1.430914
10165.368651,-0.016578,-1.079080,-0.678072,0.102060,0.665184,1.168084,1.339824,1.716837
10165.372651,-0.179798,-0.698675,-0.169713,0.500840,0.965106,1.398253,1.652188,1.534489
10165.376908,0.027117,-0.347353,0.478129,0.691273,1.444269,1.624218,1.636590,1.258034
10165.380908,0.120885,-0.040481,0.844788,1.162468,1.699031,1.580346,1.406908,1.111882
10165.384908,-0.068832,0.504364,1.265855,1.444864,1.693043,1.755941,1.299465,0.873673
10165.388908,0.060960,1.057450,1.418177,1.734307,1.853802,1.382878,0.986003,0.261571
10165.392908,0.108935,1.159089,1.622190,1.827467,1.524497,0.939952,0.451692,-0.209683
10165.396908,0.162465,1.681462,1.846082,1.521355,1.282976,0.881794,0.149592,-0.665363
10165.400908,0.083502,1.633433,1.642396,1.243720,0.907461,0.329566,-0.522401,-1.061857
10165.404908,-0.079052,1.729664,1.459948,1.227034,0.404965,-0.251113,-0.943793,-1.388402
10165.408908,0.253922,1.956267,1.253812,0.722067,0.078304,-0.587039,-1.234497,-1.574571
10165.412908,0.046366,1.371275,0.991584,0.209484,-0.485924,-1.290022,-1.690032,-1.863777
10165.416908,0.057996,1.254095,0.488825,-0.332707,-1.089957,-1.391402,-1.777653,-2.146679
10165.420908,0.109453,0.661881,-0.315851,-0.747953,-1.386832,-1.898808,-1.665420,-1.642157
10165.424908,-0.043326,0.039747,-0.633296,-1.267956,-1.641016,-1.909773,-1.826516,-1.396132
10165.428908,-0.038712,-0.417400,-0.950107,-1.652685,-1.892884,-1.941395,-1.455368,-1.197299
10165.432908,-0.083052,-0.839610,-1.505226,-1.754236,-1.933655,-1.761937,-1.229332,-0.683351
10165.436908,-0.082576,-1.256844,-1.803720,-1.939950,-1.788670,-1.547973,-0.925215,0.007731
10165.440908,-0.041040,-1.708924,-1.870583,-1.976633,-1.604206,-1.011555,-0.222767,0.466535
10165.444908,-0.063284,-1.730308,-1.935288,-1.618188,-1.352653,-0.610208,0.340790,0.978775
10165.448908,-0.038632,-2.063385,-1.699780,-1.287024,-0.708341,0.080251,0.774186,1.362805
10165.452908,-0.051879,-1.809761,-1.555049,-0.908501,-0.216662,0.687238,1.204913,1.905961
10165.456908,-0.057345,-1.715662,-0.914961,-0.509030,0.368071,1.190554,1.486772,1.968822
10165.460908,-0.153902,-1.298156,-0.423201,-0.091455,0.884685,1.459503,1.787879,1.831712
10165.464908,0.109900,-0.823691,-0.273573,0.587293,1.291947,1.650042,2.001157,1.899791
10165.468908,0.024086,-0.116596,0.366116,1.121705,1.647133,2.057353,2.018255,1.506600
10165.472908,0.144517,0.141081,1.059582,1.647549,1.963247,1.952938,1.714879,1.288388
10165.476908,0.052634,0.836322,1.485207,1.882002,2.141335,1.787738,1.418460,0.709543
10165.480908,0.244361,1.316692,1.847310,2.030512,1.917803,1.835267,1.095742,0.199807
10165.484908,-0.027202,1.641870,1.889656,1.937128,1.547867,0.929463,0.657889,-0.369300
10165.488908,-0.030400,1.881187,2.061989,1.884761,1.449740,0.738931,-0.114484,-0.717005
10165.492908,-0.017856,2.087873,1.734625,1.635122,0.803084,-0.001344,-0.756699,-1.281534
10165.496908,0.228593,1.923395,1.629887,1.166229,0.314228,-0.417339,-1.150156,-1.461706
10165.500908,0.007563,1.828116,1.198708,0.479374,-0.107319,-0.888958,-1.412581,-1.974880
10165.504908,-0.009244,1.302360,0.755239,-0.088868,-0.730257,-1.221680,-1.883023,-2.055415
10165.508908,-0.016697,0.984458,0.359227,-0.611296,-1.422101,-1.677311,-1.770216,-1.919052
10165.512908,0.039599,0.494526,-0.181872,-1.005732,-1.554899,-1.719353,-1.817705,-1.756084
10165.516908,-0.066564,-0.090032,-0.881727,-1.446362,-1.813281,-2.014270,-1.726699,-1.515455
10165.520908,-0.117991,-0.488272,-1.027008,-1.669436,-1.997762,-1.953828,-1.527712,-0.784332
10165.524908,0.051423,-1.152048,-1.529652,-1.721565,-1.762168,-1.476160,-1.013163,-0.538959
10165.528908,-0.080737,-1.242961,-1.824145,-2.080476,-1.643013,-1.150905,-0.627230,0.167974
10165.532908,-0.082819,-1.737605,-2.055356,-1.879743,-1.256810,-1.146841,-0.144847,0.565917
10165.536908,0.059448,-2.045198,-1.891114,-1.580236,-0.955873,-0.320677,0.240046,1.035376
10165.540908,-0.077743,-1.784231,-1.642965,-0.984881,-0.590961,0.133677,0.823292,1.409794
10165.544908,0.084179,-1.734497,-1.342702,-0.681938,-0.117508,0.738449,1.233016,1.582490
10165.548908,-0.183915,-1.535003,-0.916803,-0.240295,0.440786,0.950047,1.538514,1.628605
10165.552908,-0.126990,-0.949053,-0.444437,0.303521,1.053809,1.418190,1.816075,1.792459
10165.556908,-0.075162,-0.637194,-0.023340,0.779093,1.374032,1.499459,1.660522,1.558257
10165.560908,-0.084847,-0.173152,0.556565,1.239146,1.480671,1.663077,1.680458,1.312356
10165.564908,-0.159283,0.234496,0.900389,1.484839,1.775047,1.561017,1.338815,1.034716
10165.568908,-0.050030,0.787620,1.247298,1.590668,1.624882,1.602521,0.932689,0.478927
10165.572908,0.098346,1.090736,1.478987,1.736852,1.587622,1.290818,0.806574,-0.082172
10165.578971,-0.050903,1.291973,1.625096,1.671755,1.053329,0.681404,0.040013,-0.470113
10165.582971,-0.003310,1.682980,1.437635,1.615164,1.024884,0.476028,-0.126548,-0.928477
10165.586971,-0.068227,1.445458,1.491653,0.997235,0.560057,-0.081424,-0.467432,-1.175277
10165.590971,-0.120119,1.503702,1.176697,0.869093,0.192729,-0.403531,-0.871876,-1.297970
10165.594971,0.069197,1.327932,0.826515,0.209066,-0.270324,-0.998112,-1.296126,-1.502283
10165.598971,0.119830,0.956117,0.659322,-0.031454,-0.793644,-0.973497,-1.277296,-1.633890
10165.602971,0.062775,0.768723,-0.125805,-0.569981,-0.849056,-1.301328,-1.280932,-1.263498
10165.606971,0.074522,0.364083,-0.375824,-0.822685,-0.975605,-1.406880,-1.256463,-1.173040
10165.610971,-0.084911,-0.229877,-0.581237,-0.915852,-1.249029,-1.327869,-1.318716,-0.872325
10165.614971,0.009843,-0.568066,-0.869696,-1.277272,-1.360170,-1.156245,-0.799813,-0.389790
10165.618971,-0.022201,-0.718551,-1.041768,-1.207171,-1.229875,-0.897622,-0.717964,-0.301409
10165.622971,0.027748,-1.022265,-1.010840,-1.278577,-0.971735,-0.708341,-0.462270,0.218271
10165.626971,-0.072661,-0.880423,-1.281988,-1.195672,-1.055140,-0.520722,0.087754,0.367795
10165.630971,0.044074,-1.131272,-1.210104,-0.911663,-0.645286,-0.033826,0.146599,0.799832
10165.634971,-0.079590,-1.091686,-0.897417,-0.627963,-0.037347,0.149201,0.458416,1.125105
10165.638971,0.029742,-0.954352,-0.491743,-0.484978,0.052066,0.356124,0.786244,0.864119
10165.642971,0.002530,-0.770001,-0.453667,-0.288043,0.413070,0.658525,1.185023,0.974502
10165.646971,-0.069383,-0.514991,-0.295413,0.334964,0.470269,0.745602,1.050253,0.982226
10165.650971,0.019273,-0.401458,0.197496,0.347805,0.560346,0.940166,0.914555,0.802465
10165.654971,0.066914,-0.040422,0.160434,0.594135,0.854019,0.914551,0.813793,0.881162
10165.658971,0.165966,0.104623,0.384986,0.872293,0.951381,0.969330,0.628447,0.405876
10165.662971,-0.177828,0.431104,0.585054,0.704286,0.889043,0.674108,0.560212,0.182241
10165.666971,0.054817,0.424073,0.612666,0.804441,0.860526,0.564844,0.267794,0.123987
10165.670971,-0.021808,0.554455,0.711136,0.715900,0.416863,0.338518,-0.114269,-0.248194
10165.674971,-0.015662,0.649420,0.457251,0.564089,0.458070,0.271692,0.016460,-0.366401
10165.678971,0.247855,0.540121,0.477835,0.403190,0.273702,0.015837,-0.517414,-0.566384
10165.682971,0.076719,0.445631,0.405110,0.273749,0.069850,-0.112072,-0.260488,-0.454794
10165.686971,-0.122746,0.479729,0.379355,0.125339,0.005595,-0.284207,-0.458361,-0.600216
10165.690971,0.203434,0.186546,0.125766,-0.093437,-0.366479,-0.284012,-0.405944,-0.445054
10165.694971,-0.062738,0.216137,-0.028775,-0.116619,-0.158087,-0.637108,-0.323793,-0.153364
10165.698971,0.172084,0.118423,0.017788,-0.319278,-0.304374,-0.387498,-0.406598,-0.193646
10165.702971,-0.019749,-0.239341,-0.128715,-0.267716,-0.247675,-0.361747,-0.448009,-0.286139
10165.706971,-0.091533,-0.220883,-0.260676,-0.186856,-0.413356,-0.160679,-0.311801,-0.130647
10165.710971,-0.003564,-0.178702,-0.140196,-0.236062,-0.229462,-0.407416,-0.059861,0.172985
10165.714971,-0.049193,-0.081408,-0.255175,-0.073284,-0.092802,-0.132199,-0.075084,0.101245
10165.718971,0.004092,-0.243167,-0.277829,-0.052160,-0.156357,-0.033398,0.070628,-0.061483
10165.722971,-0.101421,0.086901,-0.111489,0.047439,0.220356,0.022262,-0.058895,0.064820
10165.726971,-0.018878,-0.017609,0.051659,0.070436,-0.203939,0.125322,0.042517,-0.035684
10165.730971,0.073415,-0.083374,-0.085234,0.112224,0.003240,0.144044,-0.088664,0.004811
10165.734971,0.038741,0.092706,0.089384,0.044304,-0.028453,-0.248622,0.016157,-0.312743
10165.738971,-0.123371,-0.011706,0.102137,-0.059148,0.107447,-0.249664,-0.234989,-0.345074
10165.742971,-0.114677,-0.026552,0.114655,0.009038,-0.120852,-0.202949,-0.096321,-0.020181
10165.746971,-0.064674,-0.069603,-0.143083,-0.343227,-0.092679,-0.283563,-0.231318,-0.003136
10165.750971,-0.053960,0.034073,-0.359646,-0.192838,-0.319779,-0.417520,-0.317961,-0.104079
10165.754971,-0.095996,-0.150402,-0.350261,-0.482719,-0.220008,-0.235503,-0.352863,0.011395
10165.758971,0.012219,-0.335634,-0.399075,-0.238457,-0.296495,-0.095402,-0.056978,0.064608
10165.762971,-0.075729,-0.374932,-0.321906,-0.384628,-0.108062,-0.062771,-0.122488,0.111308
10165.766971,0.067333,-0.622147,-0.467485,-0.466094,-0.228989,-0.150272,0.231586,0.240157
10165.770971,0.066464,-0.664868,-0.476130,-0.435917,-0.004040,0.002551,0.262454,0.456276
10165.774971,-0.074646,-0.638083,-0.369040,-0.391367,0.155664,0.224171,0.270568,0.508030
10165.797326,0.057780,-0.551663,-0.474781,-0.060827,0.267101,0.424685,0.590950,0.711801
10165.801326,0.158295,-0.638281,-0.261308,0.147673,0.398384,0.399154,0.574834,0.824851
10165.805326,-0.035407,-0.197111,0.237243,0.335027,0.622225,0.735729,0.676853,0.594802
10165.809326,0.118161,-0.027049,0.165367,0.626443,0.405796,0.916934,0.692709,0.556123
10165.813326,0.008303,0.326102,0.495149,0.687432,0.701435,0.710988,0.713134,0.438979
10165.817326,0.168712,0.340429,0.557476,0.851355,0.836302,0.619838,0.470024,0.295180
10165.821326,-0.132024,0.526302,0.758876,0.825956,0.904538,0.572584,0.498494,-0.112754
10165.825326,0.036485,0.822370,0.936363,0.657015,0.623108,0.434191,-0.096592,-0.557795
10165.829326,-0.123470,0.994774,1.019031,0.711344,0.549036,0.260360,-0.033870,-0.396799
10165.833326,0.091129,0.973484,0.923259,0.694781,0.320773,-0.192578,-0.299807,-0.722048
10165.837326,0.087002,1.079925,0.760516,0.321557,0.142366,-0.278486,-0.679730,-0.747131
10165.841326,-0.056626,0.883755,0.623342,0.148654,-0.259599,-0.531420,-1.001352,-1.153877
10165.845326,0.057757,0.601541,0.327997,-0.125756,-0.481066,-0.812034,-1.121127,-1.158263
10165.849326,-0.003519,0.447563,0.151737,-0.386535,-0.702855,-1.183641,-1.070477,-1.101261
10165.853326,0.068419,-0.024477,-0.152189,-0.704097,-0.881192,-1.113279,-1.399670,-0.831346
10165.857326,0.018689,-0.115436,-0.594759,-1.029348,-1.275242,-1.191566,-1.180536,-0.762619
10165.861326,0.140185,-0.654806,-0.971485,-1.108647,-1.394567,-1.391012,-1.103110,-0.518900
10165.865326,0.168419,-0.940486,-1.224448,-1.339756,-1.179091,-0.952294,-0.643604,-0.062937
10165.869326,0.106096,-1.309506,-1.395272,-1.483611,-1.234568,-0.718374,-0.405622,0.486616
10165.873326,0.065903,-1.407678,-1.432824,-1.402822,-1.081823,-0.491032,0.229130,0.493395
10165.877326,0.123302,-1.474888,-1.347880,-1.071032,-0.543314,0.041089,0.472403,1.032194
10165.881326,0.130076,-1.371413,-1.253761,-0.806992,-0.341287,0.520926,0.899953,1.126774
10165.885326,-0.083982,-1.349309,-0.815473,-0.439927,0.232488,0.667352,1.257491,1.595788
10165.889326,0.078970,-1.350061,-0.615582,-0.110663,0.658412,1.104473,1.607699,1.523681
10165.893326,0.007283,-0.790415,-0.117253,0.331481,0.881138,1.327957,1.635155,1.632947
10165.897326,-0.009303,-0.318568,0.303912,0.839668,1.300888,1.649581,1.789675,1.478403
10165.901326,0.120287,0.271159,0.622101,1.281377,1.691783,1.739612,1.434779,1.036447
10165.905326,0.163305,0.564192,1.122415,1.496817,1.821305,1.688851,1.251695,0.846909
10165.909326,0.017820,1.039417,1.555213,1.794469,1.495128,1.462047,1.086705,0.252290
10165.913326,0.198925,1.382959,1.742450,1.817392,1.400119,1.213411,0.572916,-0.191182
10165.917326,0.162351,1.407856,1.690495,1.784814,1.378503,0.667463,-0.016161,-0.635693
10165.921326,0.039172,1.722592,1.724604,1.446400,0.891563,0.228553,-0.535871,-1.047483
10165.925326,0.008096,1.702940,1.600626,1.228483,0.488253,-0.175420,-0.784731,-1.415601
10165.929326,0.101891,1.455077,1.212626,0.577802,0.130740,-0.641880,-1.411491,-1.775329
10165.933326,-0.124600,1.474342,0.908390,0.160702,-0.599744,-1.150375,-1.348184,-1.856486
10165.937326,0.126833,1.051753,0.514947,-0.247062,-0.987378,-1.445201,-1.682652,-1.812852
10165.941326,-0.005861,0.698053,0.069207,-0.942178,-1.514983,-1.618698,-1.916384,-1.554493
10165.945326,-0.055151,0.078360,-0.502975,-1.171513,-1.804855,-1.818934,-1.844734,-1.361120
10165.949326,0.018332,-0.415607,-1.142631,-1.764022,-1.931058,-1.783281,-1.507958,-1.099303
10165.953326,0.123005,-0.861780,-1.415335,-1.932951,-1.720291,-1.632855,-1.049338,-0.602956
10165.957326,-0.168562,-1.428132,-1.659194,-2.035351,-1.637323,-1.448916,-0.715878,0.007715
10165.961326,-0.016339,-1.702643,-2.015992,-1.672607,-1.481172,-1.124175,-0.377559,0.570099
10165.965326,0.013406,-2.066767,-1.670935,-1.948089,-1.203606,-0.465161,0.228360,1.102529
10165.969326,0.065614,-1.939828,-1.790057,-1.284411,-0.708444,-0.081129,0.915770,1.620538
10165.973326,0.022791,-1.861345,-1.504788,-1.031656,-0.213655,0.687327,1.309828,1.939436
10165.977326,0.089303,-1.684497,-1.033157,-0.407264,0.222077,1.208932,1.706889,2.252182
10165.981326,-0.038559,-1.213314,-0.685704,0.072084,1.140544,1.313873,1.899784,2.173518
10165.985326,-0.139869,-0.879957,0.017454,0.575493,1.394051,1.742387,2.140500,2.018827
10165.989326,-0.033723,-0.591593,0.526025,1.285536,1.766520,2.025864,1.984413,1.599674
10165.993326,-0.062413,0.249448,0.963764,1.649587,1.850492,1.954811,1.765778,1.175406
10165.977469,-0.128371,0.840355,1.294071,1.876831,2.063611,2.000169,1.655061,0.907340
10165.981469,-0.060527,1.220613,1.786250,1.989741,1.948835,1.702802,0.997013,0.333141
10165.985469,-0.103363,1.677444,1.785897,2.093176,1.690550,1.040162,0.441443,-0.262110
10165.989469,-0.114890,1.795377,1.961795,1.899510,1.154547,0.736275,-0.104141,-0.727309
10165.993469,0.049106,2.129613,1.938664,1.392784,0.944101,0.201823,-0.687718,-1.347722
10165.997469,-0.232508,2.024399,1.634562,1.039521,0.278182,-0.445189,-1.064793,-1.633779
10166.001469,-0.026901,1.637140,1.241848,0.515731,-0.190022,-0.846772,-1.564350,-1.713982
10166.005469,-0.052235,1.264380,0.786942,-0.000301,-0.356148,-1.394438,-1.945825,-1.964224
10166.009469,-0.016323,0.886302,0.318177,-0.424779,-1.163610,-1.710343,-1.976112,-1.962000
10166.013469,-0.128137,0.650979,-0.012667,-1.078989,-1.607792,-1.991333,-1.843046,-1.788420
10166.017469,0.069843,0.012364,-0.784664,-1.255142,-1.836112,-1.936697,-1.899518,-1.592233
10166.021469,0.106007,-0.616015,-1.101454,-1.729955,-1.925226,-1.821912,-1.544128,-1.072519
10166.025469,-0.087134,-1.123348,-1.569240,-1.753336,-1.952814,-1.619173,-1.069310,-0.490155
10166.029469,0.038534,-1.306867,-1.750781,-1.895846,-1.787746,-1.268979,-0.694475,0.054332
10166.033469,-0.012210,-1.711990,-1.771157,-1.831182,-1.361616,-0.861820,-0.197210,0.679956
10166.037469,0.041890,-1.891875,-2.127285,-1.409332,-0.918679,-0.204288,0.526430,1.070726
10166.041469,-0.041641,-2.009737,-1.604792,-1.204673,-0.602852,0.054587,0.773467,1.294504
10166.045469,0.099294,-1.578713,-1.377384,-0.595179,-0.012600,0.822203,1.330458,1.735987
10166.049469,0.024501,-1.496968,-1.028172,-0.210570,0.459670,1.357979,1.634465,1.699459
10166.053469,-0.008439,-1.094400,-0.434855,0.130177,1.004536,1.387610,1.788641,1.696583
10166.057469,-0.039751,-0.560176,-0.152063,0.819954,1.424584,1.784508,1.681654,1.627511
10166.061469,-0.044625,-0.295003,0.532471,0.968207,1.594509,1.803513,1.775726,1.372133
10166.065469,-0.041366,0.305278,0.951176,1.556967,1.815042,1.662421,1.517881,0.900630
10166.069469,0.043626,0.720822,1.294692,1.509250,1.528257,1.370242,1.150166,0.411197
10166.073469,-0.034118,1.205168,1.606721,1.547751,1.306122,1.130874,0.711962,0.134365
10166.077469,-0.117976,1.202932,1.507334,1.521410,1.517779,0.856404,0.317980,-0.267709
10166.081469,-0.044954,1.539082,1.601978,1.444917,0.968291,0.533038,-0.078774,-0.806440
10166.085469,0.075908,1.595838,1.702712,1.187067,0.629912,-0.061820,-0.703773,-1.051590
10166.089469,-0.170828,1.628060,0.987118,0.635897,0.272095,-0.424368,-0.931377,-1.402701
10166.093469,-0.012760,1.335537,0.786080,0.312945,-0.242106,-0.814563,-1.137359,-1.406877
10166.097469,-0.010462,0.810610,0.612042,-0.161053,-0.443154,-1.162820,-1.346331,-1.392726
10166.101469,-0.019661,0.665277,0.070025,-0.263571,-0.914148,-1.285639,-1.395252,-1.235994
10166.105469,0.039042,0.274014,-0.429059,-0.667848,-1.126880,-1.408081,-1.324920,-1.005870
10166.109469,0.071506,0.073971,-0.540828,-1.230935,-1.163609,-1.519385,-1.060557,-0.775701
10166.113469,0.167996,-0.427593,-0.876303,-1.076335,-1.430437,-1.221427,-0.974595,-0.575807
10166.117469,-0.057070,-0.749639,-1.025485,-1.113399,-1.263276,-1.056229,-0.931049,-0.033177
10166.121469,-0.135803,-0.935462,-1.165685,-1.125426,-1.155525,-0.690731,-0.151976,0.189675
10166.125469,-0.087617,-1.259932,-1.046703,-1.139881,-0.853530,-0.183861,0.114833,0.592925
10166.129469,0.164160,-1.305669,-0.951669,-0.725275,-0.588347,-0.037121,0.432943,0.662734
10166.133469,0.091452,-1.159465,-0.677398,-0.618509,-0.179414,0.035618,0.642274,1.037220
10166.137469,-0.089460,-1.014599,-0.779784,-0.462549,-0.062246,0.574388,0.677291,0.835511
10166.141469,-0.053215,-0.760309,-0.385883,-0.143662,0.283607,0.741746,1.018638,1.151761
10166.145469,0.047953,-0.691190,-0.253896,0.343387,0.746250,0.824933,0.953740,0.860946
10166.149469,0.142032,-0.371317,0.296537,0.442767,0.646859,0.724887,0.908997,0.813758
10166.153469,-0.031879,-0.007947,0.473915,0.689988,0.844712,1.010895,0.740074,0.711394
10166.157469,0.069435,0.374673,0.384864,0.653073,0.763828,0.869196,0.695262,0.478688
10166.161469,-0.210687,0.563930,0.672428,0.837607,0.833700,0.626918,0.529534,0.200655
10166.165469,0.006295,0.604644,0.701112,0.623036,0.673128,0.680713,0.210909,-0.016835
10166.169469,0.083435,0.846042,0.684873,0.555906,0.610739,0.244382,0.087691,-0.157541
10166.173469,-0.047937,0.625438,0.734974,0.663301,0.375100,0.147745,-0.241228,-0.357132
10166.178804,-0.039165,0.623994,0.692494,0.288765,0.308518,-0.029015,-0.283276,-0.556830
10166.182804,0.027953,0.751642,0.163227,0.042286,0.003806,-0.165439,-0.293647,-0.472840
10166.186804,-0.163598,0.482696,0.253925,0.168521,-0.195086,-0.461145,-0.490766,-0.466411
10166.190804,0.038295,0.292766,0.065088,-0.071004,-0.084883,-0.117615,-0.413281,-0.366935
10166.194804,-0.072737,0.295126,-0.037584,-0.291399,-0.186473,-0.383786,-0.284628,-0.308074
10166.198804,-0.129365,0.059585,-0.194235,-0.107939,-0.319787,-0.438326,-0.562901,-0.175857
10166.202804,-0.034265,-0.080090,-0.124181,-0.353387,-0.468804,-0.301474,-0.368832,-0.196384
10166.206804,-0.086538,-0.254043,-0.368548,-0.249480,-0.165582,-0.151186,-0.182342,0.049941
10166.210804,-0.053565,-0.066851,-0.251594,-0.297812,-0.132810,-0.126515,-0.036980,-0.163731
10166.214804,0.102900,-0.079740,-0.213076,-0.113528,-0.035078,-0.169133,-0.104776,0.007860
10166.218804,-0.222142,-0.087019,-0.033941,-0.053978,-0.032123,0.065423,0.001795,-0.098403
10166.222804,0.012943,0.054778,-0.034136,-0.091653,0.048044,0.036955,0.005730,0.064025
10166.226804,-0.031738,0.037161,-0.110040,0.020270,0.083464,0.030119,0.040080,0.028674
10166.230804,0.053460,-0.014255,0.002099,-0.083773,-0.030454,-0.213180,-0.017197,0.037278
10166.234804,-0.006700,0.144238,0.160846,-0.003265,-0.130021,0.054685,0.018662,-0.030467
10166.238804,-0.052446,0.096557,-0.019325,-0.110295,-0.044133,-0.208301,-0.049436,-0.091873
10166.242804,-0.011148,0.032551,-0.139155,-0.196856,0.028587,-0.186915,-0.315191,-0.055604
10166.246804,-0.102434,0.042781,0.047482,-0.191488,-0.097997,-0.151838,-0.045055,-0.090549
10166.250804,-0.052866,-0.300833,-0.264034,-0.299206,-0.175966,-0.138164,-0.314012,0.004173
10166.254804,-0.077340,-0.272039,-0.414088,-0.287000,-0.375557,-0.133641,-0.263374,0.019311
10166.258804,-0.121233,-0.189288,-0.348170,-0.343203,-0.364249,-0.275824,-0.054878,0.221975
10166.262804,-0.104966,-0.424774,-0.485266,-0.543925,-0.454136,-0.237973,-0.042257,0.301408
10166.266804,0.098931,-0.551494,-0.378555,-0.452764,-0.241841,-0.025429,0.337244,0.317957
10166.270804,-0.147801,-0.441094,-0.331943,-0.219103,-0.222800,0.092423,0.269388,0.598037
10166.274804,0.061674,-0.346379,-0.458535,-0.219812,-0.032272,0.335709,0.531942,0.573575
10166.278804,0.009477,-0.428175,-0.418836,-0.089613,0.157899,0.400021,0.485472,0.531198
10166.282804,-0.159799,-0.325731,-0.266006,0.230831,0.403072,0.642682,0.563876,0.839023
10166.286804,0.221970,-0.215139,0.097502,0.324329,0.644220,0.757891,0.532910,0.551447
10166.290804,0.039275,0.051129,0.281187,0.348540,0.746936,0.941589,0.481752,0.649254
10166.294804,0.183209,0.287388,0.469661,0.779388,0.788007,0.836554,0.657260,0.427841
10166.298804,-0.076187,0.375580,0.835334,0.759396,0.649266,1.091230,0.478271,0.197851
10166.302804,-0.040207,0.641651,0.755788,1.045671,0.805275,0.523551,0.048480,0.101036
10166.306804,-0.044069,0.863952,0.843142,0.912578,0.730123,0.543021,0.116919,-0.377775
10166.310804,0.240242,1.004498,0.876820,0.852613,0.608280,0.266400,-0.130049,-0.500882
10166.314804,0.091769,1.100199,1.002833,0.509998,0.169001,-0.134243,-0.468760,-0.841321
10166.318804,-0.101581,1.037763,0.716579,0.231107,-0.068533,-0.408102,-0.734524,-0.872505
10166.322804,0.043454,0.714702,0.747932,0.178444,-0.229207,-0.622552,-1.021871,-1.039600
10166.326804,-0.194830,0.867528,0.354942,-0.075997,-0.491070,-0.936509,-0.978026,-1.222193
10166.330804,-0.100058,0.493260,-0.115239,-0.493342,-0.803400,-1.022458,-1.199339,-1.203640
10166.334804,-0.033720,0.099618,-0.324590,-0.810171,-1.165298,-1.334642,-1.378776,-0.875377
10166.338804,0.071579,-0.302479,-0.583874,-1.015238,-1.363994,-1.367180,-1.112220,-0.691326
10166.342804,0.059414,-0.586726,-0.905666,-1.241725,-1.386249,-1.104146,-0.889350,-0.420798
10166.346804,-0.109773,-0.916178,-1.113637,-1.373133,-1.311992,-1.144107,-0.608577,-0.230799
10166.350804,0.036577,-1.244245,-1.378532,-1.206041,-1.125330,-0.818028,-0.199912,0.183323
10166.354804,-0.098622,-1.385687,-1.309806,-1.169749,-0.984035,-0.480883,0.140309,0.876899
10166.358804,-0.023759,-1.318066,-1.346798,-0.993009,-0.519403,-0.051081,0.491025,0.960491
10166.362804,0.035063,-1.334038,-1.080171,-0.666427,-0.289230,0.282334,0.786497,1.282519
10166.366804,0.093291,-1.390455,-0.967978,-0.356160,0.139977,0.719778,1.304490,1.468036
10166.370804,-0.072026,-1.094730,-0.556991,0.245562,0.743196,1.416684,1.329998,1.696040
10166.374804,0.155291,-0.775048,-0.228366,0.502368,0.948563,1.269894,1.434955,1.379360
10166.390103,0.023310,-0.310597,0.155654,0.893785,1.356677,1.608002,1.666104,1.401155
10166.394103,0.133288,0.129625,0.566452,1.395236,1.450078,1.644072,1.749898,1.165099
10166.398103,-0.082254,0.556300,1.144093,1.514984,1.619620,1.463456,1.153834,0.677834
10166.402103,0.129492,0.830339,1.435167,1.810665,1.732779,1.552819,0.880261,0.386986
10166.406103,0.115091,1.415007,1.735593,1.602171,1.601270,1.162645,0.508566,-0.206877
10166.410103,0.045044,1.498604,1.708619,1.733686,1.381800,0.769435,0.009072,-0.730658
10166.414103,-0.077944,1.885506,1.742664,1.416939,0.930132,0.329780,-0.533581,-1.106200
10166.418103,0.064607,1.807887,1.670307,1.173373,0.391997,-0.564810,-0.875713,-1.529324
10166.422103,0.050760,1.831820,1.167844,0.740024,0.064151,-0.683070,-1.270368,-1.897919
10166.426103,0.006554,1.428228,0.981472,0.286459,-0.575602,-1.349733,-1.777951,-1.689710
10166.430103,-0.007729,0.924589,0.273415,-0.296631,-0.984302,-1.355803,-1.822790,-1.793246
10166.434103,-0.004192,0.701186,0.069894,-0.720917,-1.203378,-1.718293,-2.033071,-1.773577
10166.438103,0.082086,0.088870,-0.619005,-1.338126,-1.559208,-1.737681,-1.813035,-1.438838
10166.442103,0.127542,-0.306129,-1.256285,-1.541266,-1.830671,-1.846369,-1.653646,-1.113926
10166.446103,-0.309851,-0.976631,-1.687257,-1.896606,-1.874125,-1.811491,-1.083908,-0.358590
10166.450103,0.023692,-1.287244,-1.939690,-1.918587,-1.941647,-1.563531,-0.895944,-0.045863
10166.454103,-0.004069,-1.694189,-2.048488,-1.872553,-1.617068,-0.963424,-0.280023,0.322215
10166.458103,-0.067936,-1.845238,-1.855415,-1.806847,-1.248134,-0.526120,0.399372,1.049783
10166.462103,-0.127995,-1.919132,-1.670333,-1.330824,-0.779322,0.140486,0.823182,1.406224
10166.466103,0.089311,-1.886593,-1.507521,-0.828221,-0.223806,0.477637,1.302454,1.908934
10166.470103,-0.227452,-1.585094,-1.111825,-0.455790,0.307174,1.179683,1.709106,1.839293
10166.474103,0.030462,-1.164589,-0.557051,-0.023130,0.956839,1.380239,1.910417,1.909942
10166.478103,0.040250,-0.910439,-0.192324,0.712933,1.358367,1.889333,1.939363,1.722889
10166.482103,0.067605,-0.173980,0.402415,1.217617,1.668668,2.165145,1.891147,1.615062
10166.486103,-0.202205,0.389190,0.920756,1.698039,1.856435,1.978004,1.667838,1.146798
10166.490103,0.000000,0.751518,1.377730,1.695570,2.028367,1.652081,1.380425,0.607321
10166.494103,48.175369,1.363474,1.805161,1.938252,1.849293,1.542823,0.968709,0.280145
10166.498103,84.432793,1.415840,2.009953,2.010451,1.621657,1.072253,0.466360,-0.300662
10166.502103,99.802673,1.880111,2.010840,1.892976,1.335726,0.478642,-0.062483,-1.012533
10166.506103,90.482704,1.849633,1.937995,1.396367,0.992171,0.027866,-0.828147,-1.336612
10166.510103,58.778526,2.074661,1.573163,1.204808,0.341217,-0.366758,-1.168238,-1.420719
10166.514103,12.533323,1.448031,1.295948,0.490776,-0.153278,-0.921172,-1.568530,-1.926897
10166.518103,-36.812454,1.395064,0.789407,0.005887,-0.538983,-1.221504,-1.944450,-1.968087
10166.522103,-77.051323,0.878344,-0.037616,-0.513940,-1.196586,-1.548072,-1.834539,-1.850481
10166.526103,-98.228722,0.587652,-0.207666,-0.837818,-1.674488,-1.931910,-1.994975,-1.742055
10166.530103,-95.105652,0.132830,-0.679807,-1.268818,-1.808925,-1.949248,-1.720006,-1.304894
10166.534103,-68.454712,-0.322344,-1.158514,-1.773435,-1.984732,-1.758331,-1.413809,-0.813116
10166.538103,0.052088,-1.132354,-1.412218,-1.730748,-1.918813,-1.572565,-1.074610,-0.447892
10166.542103,-0.115918,-1.359468,-1.939334,-1.950361,-1.532468,-1.215478,-0.580875,0.083545
10166.546103,-0.156136,-1.649746,-1.824576,-1.692971,-1.439742,-0.856230,-0.049303,0.493508
10166.550103,0.081307,-1.847889,-1.785465,-1.290623,-1.023590,-0.305780,0.408645,0.871367
10166.554103,0.061147,-2.064364,-1.542603,-1.228900,-0.598392,0.186619,0.743918,1.417893
10166.558103,-0.109588,-1.819210,-1.325000,-0.595290,0.049351,0.621000,1.254437,1.618472
10166.562103,-0.119423,-1.529516,-0.869672,-0.304086,0.463141,0.995966,1.638873,1.847809
10166.566103,0.155663,-0.921404,-0.523087,0.175328,0.948922,1.338499,1.746734,1.722323
10166.570103,0.091664,-0.524979,0.024411,0.538281,1.378637,1.578362,1.749401,1.583666
10166.574103,0.038412,-0.208624,0.411732,1.129024,1.617213,1.709314,1.633977,1.202238
10166.578103,0.051407,0.382808,0.928170,1.313245,1.675886,1.687421,1.415494,0.843920
10166.582103,0.025366,0.772034,1.312175,1.577812,1.798653,1.494678,1.231359,0.544909
10166.586103,-0.115831,1.199709,1.458266,1.601281,1.649965,1.086291,0.516730,0.045337
10166.575950,0.030145,1.466356,1.612598,1.348260,1.211918,0.719453,0.064597,-0.394738
10166.579950,0.051091,1.626157,1.626320,1.328479,1.089385,0.407603,-0.183078,-0.844323
10166.583950,-0.024504,1.514798,1.298381,1.161151,0.608055,0.074598,-0.670722,-1.033818
10166.587950,-0.156878,1.519811,1.260636,0.634964,0.283768,-0.264978,-1.007163,-1.189013
10166.591950,-0.170171,1.253489,0.607893,0.432116,-0.395670,-0.982605,-1.186211,-1.349193
10166.595950,-0.040449,0.994841,0.670049,-0.163746,-0.718903,-0.969773,-1.349312,-1.313835
10166.599950,-0.129574,0.455194,-0.045133,-0.381818,-0.814312,-1.166930,-1.364133,-1.223935
10166.603950,-0.060739,0.057089,-0.447283,-0.928705,-1.355421,-1.499595,-1.450140,-1.084281
10166.607950,0.029430,0.027964,-0.752225,-1.000683,-1.158096,-1.396153,-1.240173,-0.726038
10166.611950,-0.035589,-0.328559,-1.053073,-1.038285,-1.187015,-1.321097,-0.982416,-0.656965
10166.615950,-0.049357,-0.921828,-1.275328,-1.387520,-1.131112,-1.205490,-0.511674,-0.088173
10166.619950,0.131741,-0.949032,-1.030028,-1.367890,-0.930733,-0.444001,-0.341176,0.160889
10166.623950,-0.092141,-1.106575,-1.176983,-1.332263,-0.768274,-0.325752,-0.065578,0.435917
10166.627950,0.084820,-1.242592,-1.030815,-0.863757,-0.310243,-0.125140,0.282808,0.758231
10166.631950,0.011567,-0.932747,-0.778657,-0.707632,-0.255345,0.128915,0.515500,0.589147
10166.635950,0.168883,-1.029408,-0.753308,-0.070112,0.003270,0.453155,0.830574,1.047685
10166.639950,-0.061867,-0.652998,-0.427857,-0.043690,0.275057,0.674595,1.025658,1.125213
10166.643950,-0.042910,-0.602817,-0.078525,0.248122,0.656856,0.736810,0.969162,1.048974
10166.647950,-0.071212,-0.076757,0.263387,0.430548,0.713179,0.935316,0.953040,0.947843
10166.651950,-0.088083,-0.095474,0.362453,0.677599,0.821644,0.986277,0.968437,0.714772
10166.655950,0.037122,0.203048,0.529428,0.603064,0.725888,0.947249,0.848225,0.285291
10166.659950,0.054651,0.264253,0.813724,0.780683,1.048596,0.626038,0.426758,0.232991
10166.663950,0.090371,0.636449,0.808764,0.736503,0.789830,0.740566,0.346373,-0.108042
10166.667950,0.042696,0.438339,0.780683,0.511881,0.615316,0.321576,0.158640,-0.213292
10166.671950,0.141330,0.709894,0.763215,0.515630,0.327004,-0.008497,-0.242591,-0.359246
10166.675950,0.006552,0.656333,0.481769,0.418401,0.325643,-0.005109,-0.276573,-0.441347
10166.679950,0.124399,0.551902,0.366052,0.186901,-0.032928,-0.255059,-0.308630,-0.347994
10166.683950,-0.040859,0.330868,0.144149,0.252633,-0.026731,-0.376063,-0.431633,-0.375216
10166.687950,-0.006369,0.377340,0.110632,-0.087352,-0.497941,-0.413287,-0.509452,-0.417411
10166.691950,0.024974,0.179576,0.092587,-0.398465,-0.306652,-0.509728,-0.549162,-0.419769
10166.695950,0.002164,0.091360,-0.060956,-0.316967,-0.348109,-0.228793,-0.198491,-0.323166
10166.699950,0.009285,-0.143538,-0.069833,-0.033341,-0.370505,-0.203154,-0.202066,-0.205483
10166.703950,-0.069608,0.129720,-0.127795,-0.163720,-0.296389,-0.242883,-0.306507,-0.016447
10166.707950,-0.037453,-0.251386,-0.287877,0.015839,-0.243520,-0.132957,-0.219433,-0.033788
10166.711950,-0.137052,-0.110273,-0.263846,-0.092010,-0.323668,-0.158748,0.085835,0.190019
10166.715950,0.000598,-0.158863,-0.113375,0.094215,-0.106893,-0.036580,-0.093471,-0.009005
10166.719950,0.044061,0.013949,-0.040021,0.028607,-0.130422,-0.111619,0.106750,0.004501
10166.723950,-0.117452,-0.004039,-0.011465,-0.031710,0.155238,0.193792,0.111131,0.064622
10166.727950,0.138010,0.037451,-0.004223,-0.052035,-0.081687,0.080077,-0.170236,-0.083752
10166.731950,-0.035370,-0.088622,-0.011832,0.007717,0.072355,-0.105064,-0.060191,-0.224786
10166.735950,-0.121649,-0.131597,0.109707,-0.069712,-0.057952,-0.058634,-0.044176,0.080506
10166.739950,-0.004133,-0.034443,0.037996,0.140750,-0.198614,-0.251322,-0.428290,-0.354167
10166.743950,0.141938,-0.032233,-0.213713,-0.169474,0.046358,-0.224803,-0.010914,-0.242427
10166.747950,0.146029,-0.148642,-0.261791,-0.342940,-0.307626,-0.161991,-0.252580,-0.011154
10166.751950,-0.071736,-0.196909,-0.328803,-0.139583,-0.265236,-0.236521,-0.200449,-0.112198
10166.755950,-0.100659,-0.160277,-0.521333,-0.408732,-0.240152,-0.401851,-0.086728,-0.045936
10166.759950,0.002664,-0.407566,-0.649495,-0.328951,-0.400482,-0.219591,0.002405,0.197369
10166.763950,0.044738,-0.390366,-0.702603,-0.324552,-0.231962,-0.113147,0.152503,0.383132
10166.767950,-0.087654,-0.375315,-0.331030,-0.270948,-0.245688,0.295488,0.299622,0.435917
10166.771950,0.011361,-0.462795,-0.294906,-0.200654,-0.102793,0.341332,0.336453,0.434018
10166.775548,-0.006369,-0.515537,-0.242580,0.008521,0.143976,0.413509,0.502140,0.692811
10166.779548,0.049025,-0.297191,-0.157253,0.156718,0.421683,0.628925,0.719337,0.640362
10166.783548,-0.114970,-0.167980,0.103363,0.215623,0.628156,0.694245,0.697558,0.655457
10166.787548,0.093107,0.129609,0.260889,0.495173,0.752057,0.625100,0.797596,0.419848
10166.791548,-0.137436,0.348362,0.269461,0.820424,0.952641,0.816307,0.709501,0.259301
10166.795548,-0.049242,0.457757,0.705796,0.865812,0.877722,0.741792,0.399747,0.259906
10166.799548,-0.113685,0.603578,0.970917,0.740291,0.812803,0.714928,0.399226,0.022111
10166.803548,-0.067728,0.957466,0.813644,0.972492,0.748154,0.372263,0.061453,-0.084370
10166.807548,-0.116213,0.785052,0.907513,0.874997,0.711554,0.220520,-0.329232,-0.515858
10166.811548,0.085594,1.059465,0.977564,0.500454,0.208218,-0.068316,-0.330567,-0.844270
10166.815548,0.020472,1.030500,0.699588,0.397838,0.064770,-0.383689,-0.626638,-1.004453
10166.819548,0.088708,0.879043,0.605068,0.278367,-0.246843,-0.677286,-0.943522,-1.006615
10166.823548,0.033166,0.519055,0.263978,-0.183669,-0.485380,-1.083990,-1.077168,-1.086070
10166.827548,0.063616,0.469891,-0.139051,-0.462433,-0.682096,-1.155550,-0.977514,-1.032098
10166.831548,-0.014302,0.188998,-0.277387,-0.805861,-1.108951,-1.024998,-1.045771,-1.021282
10166.835548,-0.077884,-0.338944,-0.433293,-0.917047,-1.110153,-1.316468,-1.158238,-0.857594
10166.839548,-0.315999,-0.620314,-0.919635,-1.200618,-1.374373,-1.134735,-0.972340,-0.395111
10166.843548,0.075484,-0.782296,-1.188266,-1.426681,-1.408934,-1.254860,-0.552547,-0.291467
10166.847548,-0.013506,-1.123159,-1.464503,-1.375866,-1.130010,-0.810718,-0.239555,0.211212
10166.851548,-0.027779,-1.438094,-1.433235,-1.273391,-1.026753,-0.409594,-0.148270,0.742282
10166.855548,-0.141748,-1.352276,-1.309696,-0.977076,-0.733378,-0.089038,0.523241,1.024006
10166.859548,0.084015,-1.387686,-1.164868,-0.738347,-0.174260,0.341136,0.983893,1.259419
10166.863548,-0.169131,-1.209414,-0.902878,-0.435724,0.183499,0.889517,1.203062,1.617572
10166.867548,0.047167,-1.140649,-0.731299,0.004246,0.722701,1.040598,1.473190,1.710423
10166.871548,-0.177286,-0.738341,-0.133719,0.464250,0.810755,1.308360,1.368096,1.397269
10166.875548,0.084370,-0.410721,0.335041,0.921875,1.196654,1.590255,1.439487,1.407072
10166.879548,0.042373,0.044506,0.523699,1.062462,1.800418,1.707831,1.466802,1.212119
10166.883548,0.147164,0.643676,1.072509,1.461480,1.749885,1.567897,1.390164,0.766976
10166.887548,0.079349,1.056189,1.289699,1.685402,1.782532,1.330010,0.884102,0.444313
10166.891548,0.152790,0.968733,1.766470,1.489149,1.528251,0.975292,0.468843,-0.135889
10166.895548,0.053077,1.740278,1.617221,1.755095,1.249825,0.695579,0.225094,-0.535260
10166.899548,-0.168232,1.749112,1.648439,1.383668,0.900642,0.307647,-0.556455,-1.079739
10166.903548,-0.039471,1.822325,1.554399,1.191809,0.495063,-0.170728,-0.872851,-1.539751
10166.907548,-0.037468,1.605896,1.346698,0.760527,-0.031061,-0.703116,-1.461106,-1.729253
10166.911548,-0.250207,1.510009,1.099393,0.137144,-0.501684,-1.118015,-1.732006,-1.843729
10166.915548,0.046773,1.086152,0.411607,-0.349349,-1.078009,-1.453795,-1.638732,-2.032403
10166.919548,-0.215325,0.497841,-0.150232,-0.841589,-1.387764,-1.765139,-1.888332,-1.563959
10166.923548,-0.092583,0.203724,-0.420679,-1.404169,-1.898627,-1.872262,-1.725453,-1.413294
10166.927548,-0.212580,-0.579418,-1.143994,-1.567640,-1.915704,-1.843699,-1.547360,-0.935230
10166.931548,-0.116083,-0.902173,-1.346315,-1.921517,-1.977030,-1.686097,-1.322822,-0.670615
10166.935548,-0.034714,-1.372504,-1.702697,-2.026599,-1.798084,-1.267699,-0.651860,-0.041447
10166.939548,0.018892,-1.777432,-1.903226,-1.730134,-1.417597,-0.978518,-0.221836,0.428930
10166.943548,-0.092974,-1.936090,-1.912207,-1.611470,-1.179647,-0.437379,0.027039,1.019913
10166.947548,-0.062022,-2.093425,-1.751809,-1.207748,-0.703193,0.143648,0.762912,1.636477
10166.951548,-0.157620,-1.896289,-1.440445,-0.917328,-0.036067,0.385962,1.258809,1.728319
10166.955548,-0.011031,-1.816727,-1.144436,-0.436128,0.396124,1.199213,1.652266,1.984780
10166.959548,0.125752,-1.182899,-0.865233,0.223399,0.971351,1.478763,1.842756,1.871797
10166.963548,-0.194121,-0.758487,-0.011175,0.671446,1.417814,1.909529,1.812811,1.899215
10166.967548,-0.024272,-0.275445,0.478832,1.245992,1.541555,2.103287,1.891373,1.606245
10166.971548,-0.175955,0.221526,0.972375,1.560212,1.849855,1.863914,1.810104,1.066548
10167.073419,0.080459,0.934819,1.635891,1.739403,2.059084,1.791504,1.536666,0.804671
10167.077419,-0.029226,1.149223,1.709017,1.918443,1.921015,1.570911,0.918738,0.167470
10167.081419,0.062743,1.689721,1.862462,1.966437,1.613417,1.429792,0.366135,-0.293340
10167.085419,0.044508,1.807750,1.906357,1.779225,1.260324,0.700284,-0.172658,-0.828804
10167.089419,-0.206439,1.904015,1.846605,1.605051,0.707463,0.245193,-0.560821,-1.480374
10167.093419,0.053806,1.849997,1.698238,1.152444,0.451123,-0.459523,-1.047092,-1.504438
10167.097419,-0.029128,1.736826,1.340968,0.308606,-0.271862,-0.813525,-1.500213,-1.907751
10167.101419,-0.094160,1.433851,0.751593,-0.119018,-0.571559,-1.421952,-1.824390,-2.146655
10167.105419,-0.053512,1.103462,0.375314,-0.478868,-1.234203,-1.681080,-1.888714,-2.049361
10167.109419,0.025060,0.579130,-0.262454,-0.978242,-1.620169,-1.853451,-1.771287,-1.546277
10167.113419,-0.057561,-0.067882,-0.632788,-1.331630,-1.743646,-2.117752,-1.686362,-1.376146
10167.117419,0.023348,-0.624728,-1.052140,-1.792218,-1.719089,-1.839651,-1.506923,-0.999295
10167.121419,-0.052273,-1.048676,-1.552409,-1.811089,-1.901111,-1.555348,-0.974913,-0.304865
10167.125419,0.062670,-1.366884,-1.896162,-1.869930,-1.812124,-1.155414,-0.590332,0.225968
10167.129419,0.117529,-1.647059,-1.942100,-1.996643,-1.346198,-0.832170,-0.026077,0.689121
10167.133419,0.059840,-1.807152,-1.980639,-1.395013,-1.122097,-0.384438,0.372602,1.071088
10167.137419,-0.031912,-1.886159,-1.538093,-1.292898,-0.566007,-0.019199,0.773407,1.272785
10167.141419,0.073402,-1.671597,-1.384043,-1.037519,-0.175455,0.565477,1.234755,1.748554
10167.145419,-0.143869,-1.559872,-1.063735,-0.230778,0.252288,0.921515,1.606835,1.936311
10167.149419,0.006371,-1.088966,-0.213119,0.209164,0.861958,1.373489,1.873275,1.810841
10167.153419,0.052837,-0.586848,0.009385,0.688908,1.181142,1.599859,1.780008,1.577791
10167.157419,0.080925,-0.120133,0.542581,1.027084,1.411914,1.609005,1.755388,1.148175
10167.161419,0.018989,0.343215,0.870470,1.407090,1.684826,1.555317,1.340649,0.938824
10167.165419,-0.010329,0.613575,1.270628,1.595555,1.761877,1.484346,1.043162,0.590995
10167.169419,0.103005,0.969258,1.433770,1.425645,1.441307,1.350922,0.575637,0.104829
10167.070757,0.031973,1.312147,1.543592,1.703462,1.394254,1.060036,-0.011488,-0.333435
10167.074757,-0.247593,1.515741,1.544999,1.260052,0.910985,0.388984,-0.155143,-0.902502
10167.078757,-0.083533,1.599083,1.498642,1.350609,0.598210,0.048536,-0.632666,-0.974031
10167.082757,-0.103186,1.449034,1.208227,0.777722,0.255762,-0.451126,-0.870368,-1.485365
10167.086757,0.015236,1.068386,0.836727,0.579233,-0.225999,-0.845169,-1.170958,-1.467549
10167.090757,-0.122479,0.786752,0.482618,-0.098131,-0.656139,-1.003946,-1.242534,-1.391842
10167.094757,-0.041560,0.639504,0.201576,-0.371345,-0.883437,-1.329123,-1.315973,-1.214685
10167.098757,0.082000,0.549995,-0.210702,-0.668647,-1.097838,-1.376503,-1.475198,-1.221886
10167.102757,-0.075891,-0.243774,-0.656928,-1.037673,-1.170566,-1.465585,-1.106460,-0.837397
10167.106757,0.037652,-0.481501,-0.695734,-1.278825,-1.368592,-1.213685,-0.912035,-0.510367
10167.110757,-0.004994,-0.712802,-1.037154,-1.265990,-1.051122,-0.975313,-0.676505,-0.055282
10167.114757,-0.202927,-1.096026,-1.215336,-1.342254,-0.987236,-0.671219,-0.151715,0.108662
10167.118757,0.056750,-0.985240,-1.179344,-0.997374,-0.839483,-0.305241,-0.053563,0.323206
10167.122757,-0.037888,-1.158458,-1.061386,-0.847261,-0.614673,-0.212174,0.498833,0.719746
10167.126757,-0.047573,-1.064051,-1.033583,-0.706163,-0.156936,0.096927,0.469752,0.879658
10167.130757,0.025904,-0.824904,-0.674646,-0.295516,-0.034977,0.490145,0.691932,1.105417
10167.134757,0.011356,-0.770507,-0.393350,-0.103987,0.293929,0.592561,1.106296,1.004627
10167.138757,-0.031600,-0.456042,-0.165211,-0.014177,0.771448,0.785735,0.887337,0.944775
10167.142757,-0.051612,-0.315178,0.111991,0.264925,0.806330,0.998613,0.767091,0.871940
10167.146757,-0.085600,-0.052235,0.370527,0.714747,0.858339,0.757807,0.838115,0.689003
10167.150757,-0.077270,0.140121,0.514782,0.797054,0.788171,0.845420,0.546808,0.448961
10167.154757,-0.182141,0.447692,0.737067,0.765661,0.852407,0.714230,0.340019,0.074925
10167.158757,-0.036205,0.540467,0.633110,0.637081,0.405647,0.685569,0.436722,-0.110739
10167.162757,-0.144044,0.779610,0.498475,0.781412,0.607164,0.290648,0.197462,-0.284119
10167.166757,0.084050,0.627678,0.531388,0.758328,0.299831,0.087957,-0.047495,-0.244909
10167.170757,-0.131874,0.760214,0.550043,0.392591,0.174240,-0.050162,-0.436514,-0.429300
10167.174757,0.020422,0.497763,0.438552,0.217327,0.014079,-0.156377,-0.410192,-0.595782
10167.178757,0.075885,0.313579,0.376330,0.045620,-0.035802,-0.164178,-0.451595,-0.428304
10167.182757,0.063034,0.309357,0.186515,-0.085795,-0.068870,-0.364401,-0.528874,-0.512852
10167.186757,0.088751,0.067759,0.186535,-0.034160,-0.424818,-0.315417,-0.520783,-0.474065
10167.190757,-0.046894,-0.033110,-0.032011,-0.208957,-0.286142,-0.372198,-0.412669,-0.344540
10167.194757,0.110564,-0.088793,-0.032995,-0.328489,-0.312390,-0.289837,-0.157534,-0.091766
10167.198757,0.030739,-0.110652,-0.295281,-0.278825,-0.048960,-0.344832,-0.241082,-0.230747
10167.202757,-0.074727,-0.267048,-0.324966,-0.192938,-0.140728,-0.134511,-0.202104,-0.183286
10167.206757,-0.204496,-0.269353,-0.275391,-0.217709,-0.118471,-0.134217,0.126606,0.267384
10167.210757,-0.010643,-0.311438,-0.178711,-0.137662,-0.011451,-0.170536,-0.150490,0.084967
10167.214757,-0.054683,-0.131624,-0.158231,-0.094840,-0.010463,-0.241971,0.028945,0.120877
10167.218757,0.044716,0.186400,-0.063801,-0.022017,0.123892,0.011730,0.165701,0.103357
10167.222757,0.014385,0.020525,-0.008319,0.002855,-0.088015,0.055015,0.171380,-0.205506
10167.226757,0.117885,0.076318,0.131751,-0.060361,-0.048508,0.072092,-0.075189,0.007137
10167.230757,-0.058844,0.038931,0.062750,0.003541,0.002640,-0.145080,-0.125026,-0.023114
10167.234757,0.144262,-0.047190,0.086964,-0.172409,-0.123918,-0.143606,-0.221524,-0.165212
10167.238757,-0.176919,0.057597,-0.127695,-0.173964,-0.271008,-0.152417,-0.183854,-0.263650
10167.242757,-0.011245,-0.196040,-0.182793,-0.180706,-0.255965,-0.216145,-0.098699,-0.199986
10167.246757,-0.043864,-0.368685,-0.313677,-0.382106,-0.251587,-0.218808,-0.022475,-0.104051
10167.250757,0.039660,-0.218444,-0.130751,-0.328943,-0.333212,-0.221754,-0.058025,0.178462
10167.254757,-0.042550,-0.461803,-0.161815,-0.505431,-0.216138,-0.123097,0.029534,0.037036
10167.258757,0.270907,-0.451806,-0.507353,-0.505797,-0.434144,0.012607,0.042482,0.264265
10167.262757,-0.060240,-0.461733,-0.406708,-0.232755,-0.044355,0.008392,0.136514,0.406238
10167.266757,0.051734,-0.507224,-0.574530,-0.192391,-0.078573,0.240052,0.514436,0.285162
10167.277890,0.150712,-0.574561,-0.180991,0.035613,0.160865,0.446826,0.480525,0.443539
10167.281890,0.113774,-0.437256,0.051244,0.219187,0.286218,0.612894,0.705840,0.824898
10167.285890,-0.048895,-0.241371,0.101488,0.327425,0.404461,0.780108,0.870265,0.649443
10167.289890,-0.127265,-0.037554,0.175320,0.492298,0.709822,0.824710,0.851880,0.618036
10167.293890,-0.105798,0.261219,0.449158,0.672406,0.795265,0.795858,0.750188,0.466393
10167.297890,-0.118552,0.271702,0.737883,0.875247,0.970956,0.729844,0.549926,0.272446
10167.301890,-0.155439,0.478833,0.905291,0.933649,0.959906,0.812479,0.305314,-0.043701
10167.305890,-0.135657,0.878191,0.730218,0.806166,0.763716,0.385046,0.095639,-0.286185
10167.309890,-0.111198,0.754456,1.041317,0.815917,0.603129,0.212139,-0.174011,-0.509067
10167.313890,-0.019235,0.993558,0.827684,0.935904,0.443128,0.094178,-0.317012,-0.793250
10167.317890,-0.018174,1.014163,0.767442,0.559253,-0.014056,-0.453813,-0.838337,-0.994776
10167.321890,-0.047187,0.853340,0.611049,0.081791,-0.161896,-0.744378,-1.053872,-1.160311
10167.325890,-0.013807,0.819571,0.328725,-0.272789,-0.494978,-0.845532,-1.163178,-1.132587
10167.329890,0.143459,0.391940,0.118589,-0.310157,-0.811894,-1.218861,-1.064906,-1.021614
10167.333890,0.054838,0.161185,-0.199087,-0.833152,-0.981855,-1.256630,-1.362587,-1.083965
10167.337890,0.040393,-0.157408,-0.604625,-1.056182,-1.213694,-1.199583,-0.861321,-0.804658
10167.341890,0.102474,-0.468199,-0.939329,-1.355593,-1.173769,-1.175317,-0.964014,-0.560322
10167.345890,0.026100,-0.958000,-1.252522,-1.404202,-1.285086,-0.977947,-0.660033,-0.144142
10167.349890,0.010826,-1.219812,-1.416315,-1.410276,-1.133106,-0.622504,-0.410164,0.279588
10167.353890,-0.022954,-1.366195,-1.468474,-1.159874,-1.176953,-0.566054,0.207278,0.750565
10167.357890,0.175995,-1.425655,-1.323525,-1.264645,-0.620466,-0.012722,0.445067,0.971989
10167.361890,0.123219,-1.307146,-1.187413,-0.792569,-0.169743,0.302209,0.973711,1.214626
10167.365890,0.075001,-1.335921,-1.011593,-0.384909,0.132864,0.838241,1.093624,1.488135
10167.369890,-0.073209,-0.984251,-0.528858,-0.009370,0.589759,1.265888,1.512443,1.481338
10167.373890,0.093471,-0.834371,-0.173824,0.218817,1.062643,1.317319,1.555917,1.389723
10167.377890,0.018038,-0.370676,0.125678,0.848683,1.282499,1.695722,1.527265,1.427500
10167.381890,-0.147044,0.075248,0.727667,1.251973,1.534277,1.818869,1.458627,1.164301
10167.385890,-0.031483,0.438831,0.973094,1.403427,1.730728,1.724145,1.330426,0.722265
10167.389890,-0.062829,0.968658,1.315459,1.759209,1.704651,1.313905,1.088032,0.203554
10167.393890,0.005176,1.404267,1.720035,1.659135,1.493335,1.018296,0.545477,-0.064377
10167.397890,-0.190935,1.652925,1.702555,1.630173,1.171117,0.659347,0.254283,-0.653336
10167.401890,-0.001089,1.665460,1.981495,1.473722,0.911635,0.353360,-0.395425,-1.074775
10167.405890,-0.012829,1.629986,1.523140,1.047501,0.501310,-0.252230,-0.827561,-1.414823
10167.409890,-0.084124,1.821645,1.232147,0.730802,-0.153981,-0.640628,-1.466749,-1.496567
10167.413890,0.068472,1.407343,0.933638,0.063725,-0.544797,-1.085243,-1.561045,-1.831356
10167.417890,0.031556,1.177319,0.477951,-0.507570,-0.997175,-1.519526,-1.939818,-1.937443
10167.421890,0.149725,0.546693,-0.148455,-0.895332,-1.359151,-1.744453,-1.680622,-1.744827
10167.425890,0.052359,-0.075685,-0.761014,-1.123961,-1.593142,-1.846434,-1.677480,-1.524483
10167.429890,0.165266,-0.514223,-1.060774,-1.332024,-1.968455,-1.730191,-1.469248,-1.081708
10167.433890,0.209003,-1.002155,-1.493850,-1.778363,-1.923898,-1.383875,-1.342912,-0.392391
10167.437890,-0.226234,-1.637205,-1.772550,-1.863222,-1.652124,-1.230294,-0.749343,0.019409
10167.441890,0.024297,-1.534314,-2.055655,-1.949647,-1.461915,-0.871016,-0.121848,0.495429
10167.445890,-0.049811,-1.829284,-2.048960,-1.517035,-1.222013,-0.509063,0.357348,0.930238
10167.449890,-0.114930,-1.853065,-1.901514,-1.326481,-0.699669,-0.134270,0.700009,1.466655
10167.453890,0.123299,-1.962417,-1.604186,-0.851105,-0.093524,0.686672,1.292007,1.700204
10167.457890,0.078370,-1.666824,-1.048202,-0.454255,0.350814,1.142927,1.435407,2.076876
10167.461890,-0.005038,-1.583644,-0.609893,0.100330,0.788007,1.700762,1.972309,1.968914
10167.465890,0.005446,-0.816758,-0.250523,0.944324,1.351276,1.988019,1.907582,1.932959
10167.469890,-0.118353,-0.606841,0.550632,1.188498,1.646813,1.634379,1.896683,1.647032
10167.473890,-0.107730,0.245069,0.910722,1.448022,1.909217,1.768894,1.796116,1.250097
10167.504711,0.060491,0.878227,1.388944,1.578968,1.974327,1.733255,1.557483,0.728285
10167.508712,0.084134,1.386363,1.671201,1.993427,1.927371,1.788818,1.100804,0.125458
10167.512712,-0.061067,1.573280,1.862512,1.940242,1.646841,1.172637,0.448676,-0.203298
10167.516712,-0.076177,1.707367,1.943064,1.745847,1.494159,0.765982,0.042100,-0.747208
10167.520712,-0.197231,1.899455,1.738747,1.661694,0.976240,0.183488,-0.683665,-1.347401
10167.524712,-0.086012,2.007990,1.651485,1.158767,0.413667,-0.319822,-1.063647,-1.548224
10167.528712,0.073974,1.701826,1.318854,0.624198,-0.192761,-0.915968,-1.414905,-1.832112
10167.532712,0.093062,1.435211,0.919665,0.133019,-0.782443,-1.388264,-1.882178,-2.076289
10167.536712,0.267964,1.169679,0.397787,-0.436496,-1.225925,-1.794483,-1.960260,-1.971694
10167.540712,0.071385,0.517686,-0.170797,-0.952055,-1.716594,-1.900408,-1.893356,-1.659420
10167.544712,-0.055463,-0.079429,-0.835847,-1.558128,-1.804039,-1.859012,-1.825417,-1.472295
10167.548712,0.099437,-0.417909,-1.261147,-1.788511,-1.928825,-1.814431,-1.535136,-1.067986
10167.552712,0.096066,-1.004126,-1.411002,-1.860803,-1.733021,-1.631857,-1.153618,-0.460760
10167.556712,0.182426,-1.435675,-1.631976,-1.936963,-1.842111,-1.187218,-0.683331,0.143364
10167.560712,0.020101,-1.672552,-1.709609,-1.747160,-1.388523,-0.850839,-0.052321,0.663894
10167.564712,-0.040145,-1.737645,-1.835232,-1.463377,-1.129013,-0.228352,0.333843,1.136794
10167.568712,0.128086,-1.789580,-1.503090,-1.267580,-0.532839,0.125686,0.810419,1.271288
10167.572712,0.008053,-1.596206,-1.176530,-0.823299,-0.070848,0.601305,1.189898,1.643108
10167.576712,0.001970,-1.453808,-1.035397,-0.134151,0.487006,1.137391,1.604817,1.845555
10167.580712,0.015349,-1.140890,-0.279394,0.325169,0.824014,1.338789,1.922202,1.740701
10167.584712,-0.067754,-0.672542,0.100151,0.673668,1.290936,1.870404,1.594632,1.556741
10167.588712,0.006132,-0.322784,0.575305,1.203398,1.395721,1.713494,1.664914,1.378361
10167.592712,0.266895,0.250042,0.992634,1.397932,1.637886,1.672453,1.460668,0.953195
10167.596712,0.027538,0.747728,1.176599,1.673992,1.772972,1.592994,1.159294,0.445035
10167.600712,-0.095349,1.207722,1.374269,1.577152,1.760769,1.262018,0.707852,-0.117945
10167.604712,-0.067115,1.463205,1.449783,1.613595,1.170804,0.783033,0.095773,-0.368212
10167.608712,-0.170064,1.520657,1.640555,1.404272,1.027631,0.451224,-0.198215,-0.784941
10167.612712,0.029304,1.447736,1.396935,1.300851,0.639760,0.120024,-0.566288,-1.177556
10167.616712,-0.030462,1.291438,1.330498,0.828357,0.088451,-0.344401,-0.882222,-1.326229
10167.620712,0.047615,1.324120,0.907762,0.354266,-0.234060,-0.844213,-1.121608,-1.254678
10167.624712,-0.111995,0.984648,0.428505,-0.013636,-0.578109,-1.064866,-1.430887,-1.503616
10167.628712,-0.076064,0.461925,0.221192,-0.385623,-0.805340,-1.308880,-1.370670,-1.433981
10167.632712,-0.056962,0.460611,-0.322911,-0.688649,-1.136792,-1.503034,-1.371047,-1.107180
10167.636712,0.070973,-0.301587,-0.724799,-1.006948,-1.383787,-1.223171,-1.201876,-0.815557
10167.640712,0.129583,-0.593343,-0.858682,-1.186727,-1.296242,-1.247831,-0.935667,-0.825435
10167.644712,0.124417,-0.899064,-0.919863,-1.357069,-1.334075,-0.978966,-0.621808,-0.134552
10167.648712,0.036185,-0.997559,-1.231704,-1.166233,-1.136732,-0.736217,-0.484289,0.191825
10167.652712,0.009845,-1.117309,-1.024979,-0.946477,-0.738034,-0.347465,0.033107,0.509099
10167.656712,0.043268,-1.089420,-1.098002,-0.838156,-0.537273,-0.070160,0.427951,0.667905
10167.660712,0.013233,-1.088352,-1.038426,-0.495565,-0.318679,0.341637,0.468436,0.765565
10167.664712,-0.033610,-0.922595,-0.669474,-0.217830,-0.009708,0.564066,0.638019,0.917184
10167.668712,-0.026324,-0.875359,-0.389205,-0.120024,0.442738,0.774512,0.860670,0.992193
10167.672712,-0.008934,-0.389979,-0.260623,-0.019382,0.526821,0.741744,0.818148,0.957357
10167.676712,-0.117335,-0.231700,-0.019916,0.746259,0.838772,0.829900,0.858921,0.807377
10167.680712,0.073609,-0.053236,0.219190,0.483000,0.823358,0.824267,0.860017,0.427426
10167.684712,0.047252,0.192611,0.346491,0.775911,0.894700,0.740705,0.737503,0.285315
10167.688712,-0.229499,0.399724,0.560237,0.657758,0.853732,0.711178,0.641753,0.234732
10167.692712,0.055276,0.468000,0.497346,0.956897,0.740552,0.678596,0.148084,0.074407
10167.696712,0.028887,0.740342,0.768489,0.655730,0.571574,0.290300,0.141873,-0.297732
10167.700712,-0.070249,0.636568,0.714561,0.559366,0.337958,0.236514,-0.069980,-0.414874
10167.680329,-0.104240,0.598564,0.488318,0.324164,0.265941,0.064238,-0.286517,-0.470528
10167.684329,-0.073985,0.428165,0.497559,0.110787,-0.040458,-0.263287,-0.345194,-0.537792
10167.688329,-0.056960,0.557010,0.434201,0.118950,-0.109009,-0.358300,-0.447502,-0.636006
10167.692329,0.098874,0.277911,0.057488,-0.090961,-0.162428,-0.398478,-0.534576,-0.678390
10167.696329,-0.007793,0.197356,-0.051704,-0.244126,-0.414233,-0.430363,-0.535429,-0.502785
10167.700329,-0.047904,0.229496,0.128958,-0.116553,-0.263977,-0.566277,-0.092260,-0.253272
10167.704329,-0.109943,0.214723,-0.182409,-0.181517,-0.348439,-0.264014,-0.207099,-0.102695
10167.708329,0.128342,-0.102593,-0.183426,-0.264369,-0.379639,-0.339451,-0.215645,0.033689
10167.712329,0.047075,-0.158052,-0.228752,-0.341920,-0.303654,-0.154295,-0.099108,0.062948
10167.716329,-0.021648,-0.090713,-0.325921,-0.266771,-0.118338,-0.093906,0.041931,0.154274
10167.720329,0.122132,0.038569,0.057062,-0.146607,0.149912,0.252007,-0.118422,-0.000110
10167.724329,0.036019,-0.052157,-0.238913,-0.149427,-0.008695,-0.023425,0.089404,0.247692
10167.728329,-0.124456,0.207096,0.168067,-0.185309,-0.122842,-0.034058,-0.080189,0.079871
10167.732329,0.063498,0.035825,0.052553,-0.007060,0.036201,0.178557,-0.258736,-0.022532
10167.736329,0.046476,0.042242,0.058594,0.118218,-0.081994,0.166435,-0.218743,-0.013310
10167.740329,-0.001355,0.084753,0.087958,-0.098741,0.030185,0.086520,-0.154020,-0.171803
10167.744329,0.126536,0.134951,-0.188401,-0.040278,-0.067156,-0.177302,-0.022739,-0.307870
10167.748329,-0.215024,0.091610,-0.181233,-0.173243,-0.327072,-0.139991,-0.168304,-0.161996
10167.752329,-0.123466,-0.108559,-0.151458,-0.302163,-0.324996,-0.258542,-0.137031,-0.075725
10167.756329,0.117608,-0.197674,-0.174437,-0.437364,-0.277165,-0.230441,0.063196,-0.120925
10167.760329,-0.120103,-0.369504,-0.423094,-0.331509,-0.454462,-0.199773,-0.101131,0.132570
10167.764329,0.061925,-0.307886,-0.374891,-0.275970,-0.450760,-0.310280,-0.004722,0.168230
10167.768329,-0.102403,-0.413431,-0.586276,-0.399632,-0.234856,-0.000600,0.075839,0.412634
10167.772329,0.168019,-0.361715,-0.264879,-0.201351,-0.061859,0.005069,0.214768,0.515964
10167.776329,-0.178092,-0.385694,-0.448220,-0.251550,0.099073,0.265881,0.376031,0.443429
10167.780329,-0.150129,-0.686274,-0.134266,-0.070147,0.102107,0.476533,0.472745,0.540157
10167.784329,0.118968,-0.294786,-0.110519,0.075463,0.394037,0.612088,0.678858,0.774084
10167.788329,-0.100132,-0.243953,0.113853,0.268342,0.638771,0.812900,0.716380,0.672393
10167.792329,-0.020874,-0.055509,0.394584,0.434594,0.773953,0.709817,0.626811,0.656124
10167.796329,0.069640,0.127701,0.460903,0.677249,0.820178,0.733408,0.822583,0.305843
10167.800329,-0.151601,0.410205,0.474115,0.743700,0.781555,0.741207,0.502191,0.248304
10167.804329,-0.078006,0.602215,0.889576,0.669788,0.867305,0.413641,0.336414,0.043540
10167.808329,0.030772,0.764359,0.961735,0.808967,0.871053,0.534061,0.005463,-0.127797
10167.812329,0.019461,0.848076,1.088066,0.998058,0.543597,0.254589,-0.167690,-0.467479
10167.816329,0.079482,1.126018,0.743399,0.635832,0.438964,-0.124741,-0.409197,-0.856967
10167.820329,0.067790,1.017624,0.864258,0.510959,-0.073234,-0.137635,-0.839483,-0.713836
10167.824329,-0.216027,0.922029,0.461917,0.359951,-0.337565,-0.744174,-0.933187,-0.952917
10167.828329,0.123289,0.711246,0.304142,-0.060167,-0.549560,-0.884300,-1.119313,-1.088626
10167.832329,0.045090,0.630501,-0.041148,-0.501319,-0.838747,-1.116185,-1.109311,-1.218703
10167.836329,0.127006,0.137978,-0.196694,-0.495019,-0.964918,-1.161975,-1.083375,-1.012933
10167.840329,0.026300,-0.246851,-0.709817,-0.988637,-1.225225,-1.218989,-1.083894,-0.793681
10167.844329,0.092373,-0.594608,-0.926483,-1.110693,-1.241810,-1.203093,-1.084530,-0.505891
10167.848329,0.212448,-0.889022,-1.196163,-1.328106,-1.246971,-1.103518,-0.552461,-0.082006
10167.852329,-0.172245,-1.399378,-1.411283,-1.484628,-1.130977,-0.820818,-0.238582,0.303994
10167.856329,-0.100575,-1.385643,-1.475002,-1.180693,-0.951937,-0.327392,0.228938,0.620526
10167.860329,-0.059236,-1.543883,-1.300750,-1.088371,-0.693646,0.021030,0.585399,0.886363
10167.864329,0.036154,-1.393951,-1.042287,-0.803986,-0.242616,0.405256,0.996199,1.307178
10167.868329,0.022546,-1.390084,-0.982042,-0.435725,0.242218,0.783689,1.124136,1.550644
10167.872329,-0.016909,-1.119849,-0.523521,0.084384,0.625877,1.284604,1.249055,1.653482
10167.876329,-0.099938,-0.779786,-0.186673,0.423685,0.890890,1.249346,1.385266,1.509110
10167.871934,0.014367,-0.317425,0.370118,0.930314,1.408682,1.474126,1.709400,1.417892
10167.875934,-0.129057,0.175198,0.604567,1.108502,1.701277,1.670482,1.391263,1.063187
10167.879934,0.106637,0.403377,1.078520,1.481471,1.943360,1.446484,1.129477,0.699860
10167.883934,-0.063212,0.956519,1.373222,1.756301,1.677276,1.314920,0.915928,0.297980
10167.887934,0.115228,1.408306,1.718886,1.649875,1.566832,0.999697,0.589843,-0.023763
10167.891934,-0.207686,1.589931,1.744237,1.731670,1.220141,0.662369,0.072924,-0.556817
10167.895934,0.022532,1.847030,1.794090,1.377422,0.918189,0.318341,-0.508029,-1.123380
10167.899934,-0.143726,1.904146,1.778745,1.032622,0.529101,-0.103792,-1.010472,-1.387522
10167.903934,0.135270,1.649090,1.265718,0.816559,-0.062067,-0.771817,-1.318292,-1.504689
10167.907934,0.083473,1.486821,0.933175,0.083018,-0.463877,-1.197343,-1.632358,-1.849714
10167.911934,0.100110,1.258360,0.320612,-0.206113,-1.004450,-1.435220,-1.774368,-1.882827
10167.915934,-0.052478,0.608595,-0.059419,-0.754820,-1.092480,-1.706710,-1.992943,-1.553987
10167.919934,0.071091,0.108277,-0.718423,-1.273363,-1.574915,-1.829280,-1.642738,-1.274825
10167.923934,0.032273,-0.714005,-1.171798,-1.751753,-1.726892,-1.802017,-1.575985,-1.068972
10167.927934,0.119836,-0.989467,-1.607888,-1.968826,-1.892275,-1.764976,-1.106172,-0.544709
10167.931934,-0.129702,-1.362809,-1.866533,-1.941078,-1.684055,-1.398830,-0.828620,0.021203
10167.935934,-0.035621,-1.626508,-1.892499,-1.981816,-1.672175,-1.006771,-0.208927,0.681859
10167.939934,-0.107049,-1.994594,-1.836262,-1.659387,-1.184856,-0.409485,0.410978,1.111240
10167.943934,-0.065668,-1.919875,-1.679560,-1.376838,-0.659870,0.001631,0.714015,1.477333
10167.947934,0.097110,-1.804997,-1.644371,-0.777870,-0.110355,0.711380,1.182523,1.843138
10167.951934,0.069866,-1.778911,-1.065027,-0.499175,0.379726,1.327623,1.676551,1.938116
10167.955934,-0.141926,-1.266298,-0.635407,-0.050797,0.789734,1.600619,2.024361,1.998724
10167.959934,0.107767,-0.833412,-0.156583,0.908270,1.212357,1.856241,1.934058,1.860197
10167.963934,0.165641,-0.307431,0.434581,1.121138,1.762791,1.883956,1.959932,1.612955
10167.967934,-0.071527,0.095408,0.984342,1.537688,1.952554,1.775790,1.706790,1.332263
10167.971934,-0.158208,0.959532,1.457186,1.840222,2.017375,1.769064,1.562693,0.789770
10167.975934,0.013147,1.347066,1.791234,1.924429,1.926600,1.631462,0.986555,0.103657
10167.979934,0.146457,1.642136,1.910614,2.043338,1.656770,1.022130,0.466014,-0.245531
10167.983934,-0.020909,1.857246,1.979841,1.802896,1.367497,0.767188,-0.008118,-0.634300
10167.987934,0.180297,1.904490,1.871616,1.582979,0.718864,0.180873,-0.706675,-1.301430
10167.991934,0.006894,1.771701,1.888629,1.041012,0.521295,-0.560204,-1.175260,-1.574590
10167.995934,-0.020173,1.837147,1.337265,0.514165,-0.047476,-0.852990,-1.656623,-1.872303
10167.999934,0.068691,1.424594,0.812909,0.107662,-0.861919,-1.369179,-1.831313,-1.889449
10168.003934,-0.053057,1.200933,0.226830,-0.590880,-1.045824,-1.621094,-1.898064,-1.921394
10168.007934,-0.032851,0.550787,-0.310818,-0.795978,-1.521400,-1.907926,-1.971189,-1.806380
10168.011934,0.072971,-0.107231,-0.782226,-1.136385,-1.981499,-1.946861,-1.914690,-1.401824
10168.015934,-0.014236,-0.684553,-1.176188,-1.547882,-1.881055,-1.758492,-1.327763,-0.850274
10168.019934,-0.235551,-1.010437,-1.816122,-1.937269,-2.030148,-1.581923,-1.182917,-0.380699
10168.023934,0.078123,-1.512745,-1.765010,-2.152721,-1.852906,-1.130352,-0.707388,0.060486
10168.027934,-0.081780,-1.864498,-1.977860,-1.772967,-1.439009,-0.708036,-0.167969,0.618090
10168.031934,-0.054401,-1.738468,-1.958079,-1.473624,-0.955907,-0.401840,0.395717,1.107949
10168.035934,-0.069178,-1.901849,-1.741323,-0.957504,-0.571261,0.067863,0.699689,1.348818
10168.039934,0.026692,-1.715823,-1.268094,-0.646113,-0.037965,0.662623,1.427381,1.746435
10168.043934,0.038450,-1.459104,-0.828598,-0.195825,0.500669,1.169755,1.592303,1.631985
10168.047934,0.005467,-1.169070,-0.367593,0.104479,0.910678,1.432915,1.608512,1.748837
10168.051934,0.076773,-0.675171,0.084002,0.771989,1.170861,1.643604,1.730664,1.595854
10168.055934,-0.160409,-0.287122,0.645606,1.189498,1.556574,1.811798,1.514013,1.298191
10168.059934,-0.032103,0.247153,0.825527,1.542297,1.604765,1.715896,1.452817,1.056775
10168.063934,0.073417,0.725013,1.143790,1.680673,1.792489,1.741183,1.189659,0.458741
10168.067934,-0.050897,0.908488,1.413515,1.518806,1.604963,1.306984,0.917725,0.375986
10168.085971,0.024881,1.321321,1.559010,1.504093,1.543387,0.568396,0.415141,-0.471056
10168.089971,-0.039122,1.271011,1.682178,1.463601,0.871814,0.539394,-0.097624,-0.831118
10168.093971,-0.205242,1.535009,1.540699,1.005952,0.699416,-0.090954,-0.609380,-1.178016
10168.097971,0.015649,1.547791,1.356131,0.759649,0.016218,-0.357619,-0.979463,-1.365883
10168.101971,0.010580,1.323036,0.827949,0.397247,-0.202161,-0.729314,-1.124459,-1.673449
10168.105971,-0.039276,0.965939,0.468953,-0.155294,-0.686005,-1.026213,-1.325663,-1.453064
10168.109971,-0.100401,0.720037,0.177017,-0.341247,-1.012530,-0.911298,-1.397669,-1.424958
10168.113971,0.237896,0.330435,-0.265318,-0.751030,-1.033670,-1.338321,-1.530062,-1.146760
10168.117971,0.089957,-0.127662,-0.726778,-1.041632,-1.203277,-1.217464,-1.306569,-0.981953
10168.121971,-0.005890,-0.541169,-0.962743,-1.227075,-1.236149,-1.309841,-1.068218,-0.606764
10168.125971,-0.151287,-0.760186,-1.086404,-1.161130,-1.340656,-1.007193,-0.615455,-0.334426
10168.129971,0.021912,-0.957874,-1.207739,-1.352595,-1.075179,-0.943766,-0.282305,0.240588
10168.133971,-0.021896,-0.985271,-1.265312,-1.168764,-0.857331,-0.210354,-0.005879,0.692692
10168.137971,-0.003850,-1.230390,-0.909851,-0.873893,-0.573137,-0.026222,0.460917,0.675392
10168.141971,0.090178,-1.118602,-1.034717,-0.705413,-0.353319,0.207088,0.611748,1.029444
10168.145971,0.086842,-1.002761,-0.728001,-0.412025,0.078262,0.449383,0.808822,1.160094
10168.149971,0.151380,-0.827770,-0.366234,0.010417,0.287504,0.828856,0.780325,1.134970
10168.153971,-0.011691,-0.632551,-0.184783,0.405788,0.820256,0.755835,0.967412,0.942445
10168.157971,-0.001906,-0.102987,0.061276,0.372740,0.688393,0.884467,1.013046,0.838955
10168.161971,0.066536,0.097410,0.307224,0.621112,0.874337,0.835101,0.836136,0.745913
10168.165971,0.012216,0.352239,0.430826,0.773504,0.902647,0.853044,0.644069,0.276023
10168.169971,0.111830,0.275621,0.515340,0.840477,0.759747,0.704067,0.349436,0.222185
10168.173971,0.083621,0.399204,0.736582,0.849336,0.557884,0.532689,0.271396,0.009431
10168.177971,-0.027251,0.488454,0.670723,0.623058,0.536703,0.446121,-0.090481,-0.122078
10168.181971,0.176818,0.823343,0.832115,0.573303,0.377899,-0.049938,-0.150575,-0.255676
10168.185971,-0.142108,0.530125,0.561629,0.235967,0.373325,0.009881,-0.246259,-0.389043
10168.189971,-0.033876,0.562492,0.320288,0.006179,0.018239,-0.039930,-0.220137,-0.536923
10168.193971,-0.027656,0.265538,0.377404,0.122302,-0.142287,-0.505200,-0.625935,-0.502569
10168.197971,-0.154255,0.344893,0.184936,-0.189273,-0.228225,-0.466723,-0.361703,-0.140375
10168.201971,-0.011892,0.307573,0.100119,-0.172479,-0.248495,-0.519309,-0.410233,-0.420712
10168.205971,0.135954,-0.021528,-0.209980,-0.335892,-0.242840,-0.390894,-0.528273,-0.191017
10168.209971,-0.151052,-0.108757,-0.193632,-0.374521,-0.486672,-0.239435,-0.210543,-0.183321
10168.213971,0.036533,-0.288230,-0.152215,-0.218219,-0.230998,-0.205103,-0.085404,-0.104135
10168.217971,0.006296,-0.282219,-0.133815,-0.292089,-0.273443,-0.210675,-0.207165,-0.025532
10168.221971,0.082420,-0.258638,-0.174452,-0.105184,-0.392711,0.089892,-0.078037,-0.056787
10168.225971,0.008154,-0.187522,-0.132089,-0.185887,0.032640,0.231457,0.084116,0.078720
10168.229971,-0.055207,0.030762,-0.147081,-0.022602,-0.082380,-0.127303,0.006005,-0.046413
10168.233971,0.147560,-0.099735,-0.033069,-0.077676,-0.126996,0.074769,0.005693,0.255996
10168.237971,0.104745,0.028677,0.051851,-0.002678,-0.106193,-0.156422,-0.125602,0.109417
10168.241971,0.025710,0.105835,0.106023,-0.021667,-0.090929,0.147510,-0.017177,-0.241798
10168.245971,-0.175518,0.133765,-0.076526,-0.049948,-0.298831,-0.157300,-0.033801,-0.173557
10168.249971,-0.117020,0.012280,-0.028360,-0.130776,-0.302532,-0.132488,-0.230178,-0.130024
10168.253971,-0.097639,0.109709,-0.028684,-0.205745,-0.183350,-0.061648,-0.084877,0.002191
10168.257971,0.060510,-0.146732,-0.125988,-0.079060,-0.214668,-0.342288,-0.197785,-0.042078
10168.261971,0.017197,-0.112371,-0.337670,-0.342271,-0.282868,-0.226085,-0.235850,-0.298878
10168.265971,-0.288109,-0.297154,-0.341577,-0.393203,-0.324892,-0.074212,-0.154203,0.077630
10168.269971,0.168389,-0.494340,-0.246971,-0.295637,-0.332725,-0.418219,0.136397,0.336824
10168.273971,-0.069466,-0.286141,-0.624896,-0.343662,-0.250818,-0.191523,0.101253,0.287992
10168.277971,-0.118969,-0.447996,-0.513826,-0.343884,0.021313,0.014544,0.045011,0.395931
10168.281971,0.010897,-0.542194,-0.301567,-0.158119,-0.038464,0.307487,0.464341,0.577829
10168.299533,-0.015973,-0.441417,-0.269673,-0.078518,0.238902,0.457049,0.606385,0.677830
10168.303533,-0.224972,-0.278507,-0.225243,0.242896,0.234630,0.712233,0.434684,0.684969
10168.307533,-0.036567,-0.171803,0.230707,0.349272,0.637445,0.832084,0.648544,0.670312
10168.311533,0.136807,0.009031,0.207602,0.569718,0.702766,0.810034,0.658521,0.579545
10168.315533,-0.013950,0.143555,0.608709,0.638331,0.721140,0.663703,0.642459,0.401483
10168.319533,0.072213,0.298777,0.504419,0.635896,0.890450,0.843150,0.617235,0.174552
10168.323533,0.013009,0.415374,0.993491,1.012409,0.915629,0.538338,0.298999,-0.027467
10168.327533,0.170029,0.926382,0.917345,0.961658,0.641681,0.312450,0.093485,-0.379219
10168.331533,-0.169184,0.964368,0.944833,0.732835,0.529144,0.255863,-0.188952,-0.511413
10168.335533,-0.016994,1.200417,1.061107,0.699277,0.260492,-0.110964,-0.573054,-0.845076
10168.339533,0.066797,0.954512,0.786364,0.589607,0.122592,-0.340245,-0.720118,-0.982180
10168.343533,0.093114,0.945011,0.577021,0.070996,-0.187853,-0.600425,-1.094830,-1.111397
10168.347533,0.033497,0.707382,0.517602,0.040384,-0.669935,-0.917186,-1.008258,-1.158013
10168.351533,0.073687,0.413565,-0.134450,-0.367389,-0.862702,-0.838140,-1.101580,-1.219217
10168.355533,0.067349,0.159362,-0.262257,-0.820488,-1.036357,-1.118536,-1.112702,-0.874057
10168.359533,0.311570,-0.226309,-0.468408,-0.989912,-1.273511,-1.262861,-1.007032,-0.802270
10168.363533,-0.195993,-0.448884,-0.928846,-1.277361,-1.438852,-1.159520,-0.775829,-0.561546
10168.367533,0.028200,-0.642867,-1.100772,-1.344588,-1.299286,-1.084767,-0.620013,-0.163336
10168.371533,-0.025740,-1.155482,-1.516944,-1.376324,-0.888593,-0.918401,-0.128003,0.365445
10168.375533,0.069741,-1.396767,-1.321434,-1.083479,-0.818171,-0.418940,0.109104,0.579261
10168.379533,0.019946,-1.392262,-1.357707,-1.076040,-0.617094,0.124955,0.521782,1.012863
10168.383533,-0.229467,-1.345849,-1.143369,-0.723141,-0.171536,0.254587,0.850607,1.453648
10168.387533,-0.129771,-1.457645,-1.086283,-0.428955,0.341882,0.776920,1.312074,1.276090
10168.391533,-0.073852,-1.162266,-0.429879,0.019730,0.596654,1.127298,1.423115,1.766172
10168.395533,0.205271,-0.655709,-0.078017,0.387926,1.038393,1.194327,1.544081,1.384094
10168.399533,0.060445,-0.377463,0.340246,0.921316,1.431903,1.507154,1.428802,1.584218
10168.403533,-0.043928,0.073153,0.809544,1.192414,1.442245,1.867815,1.450292,1.311471
10168.407533,0.047601,0.634234,1.201540,1.464810,1.741544,1.800094,1.413697,0.882846
10168.411533,0.080327,0.953814,1.345677,1.842006,1.622559,1.373676,0.952465,0.189541
10168.415533,-0.025410,1.257253,1.514819,1.607904,1.542891,1.227215,0.525404,-0.244924
10168.419533,-0.055037,1.642399,1.877269,1.746229,1.312528,0.883676,0.013014,-0.726150
10168.423533,-0.017657,1.894014,1.804147,1.547158,0.915925,0.286978,-0.440866,-1.132239
10168.427533,0.015117,1.773310,1.523130,1.170394,0.493869,-0.084065,-0.970917,-1.453594
10168.431533,-0.165180,1.585473,1.345570,0.768594,0.058286,-0.575964,-1.236834,-1.671823
10168.435533,0.079104,1.365632,0.724784,0.163833,-0.539303,-1.135807,-1.685322,-1.877863
10168.439533,0.091774,0.960419,0.409065,-0.368426,-1.151927,-1.548737,-1.891008,-1.860342
10168.443533,0.021554,0.415345,0.010636,-0.501184,-1.481284,-1.817729,-1.943007,-1.785897
10168.447533,0.212773,0.095396,-0.536168,-1.125918,-1.585547,-1.765185,-1.908234,-1.312103
10168.451533,-0.025128,-0.232887,-1.167967,-1.715207,-1.872088,-1.792684,-1.737204,-1.061315
10168.455533,-0.102113,-0.811081,-1.539231,-1.722372,-1.978473,-1.656832,-1.347692,-0.557608
10168.459533,-0.102071,-1.187813,-1.663002,-1.907827,-1.691283,-1.433674,-0.700727,-0.030924
10168.463533,0.058999,-1.667127,-1.930241,-2.056691,-1.604610,-0.787331,-0.260443,0.438685
10168.467533,0.012512,-2.044284,-1.978838,-1.657158,-1.114492,-0.438876,0.441465,0.943442
10168.471533,-0.142361,-1.996398,-1.845855,-1.326049,-0.722899,0.077754,0.822707,1.527417
10168.475533,0.006309,-1.858085,-1.329828,-1.070374,-0.147854,0.589262,1.282252,1.818788
10168.479533,-0.075875,-1.707986,-1.034392,-0.410460,0.283320,1.175513,1.711857,1.966093
10168.483533,0.048190,-1.238359,-0.629019,0.181366,0.779764,1.490984,1.991736,2.211150
10168.487533,0.018986,-0.927195,-0.116485,0.542952,1.420611,1.818422,1.903490,1.861837
10168.491533,0.077227,-0.306930,0.398044,1.277974,1.740862,1.902062,1.952963,1.414906
10168.495533,0.032684,0.518073,1.089998,1.557712,1.954664,2.046606,1.813189,1.234821
10168.477205,0.000000,0.736526,1.360503,1.843807,1.931010,1.914400,1.622942,0.868850
10168.481205,48.175369,1.397599,1.846177,2.064631,1.871983,1.559456,1.038431,0.453298
10168.485205,84.432793,1.684650,1.965566,2.053916,1.759049,1.327991,0.356532,-0.309454
10168.489205,99.802673,2.022657,2.193542,1.667342,1.281033,0.680538,-0.205566,-0.670768
10168.493205,90.482704,2.108210,1.877079,1.551994,0.762037,0.043944,-0.724621,-1.466893
10168.497205,58.778526,1.947711,1.753022,1.083935,0.490596,-0.300900,-1.121376,-1.632468
10168.501205,12.533323,1.870929,1.272790,0.635083,-0.315202,-0.996289,-1.582912,-1.828472
10168.505205,-36.812454,1.448600,0.794285,0.061978,-0.609042,-1.330076,-1.816264,-1.922074
10168.509205,-77.051323,1.014051,0.159841,-0.612923,-1.199757,-1.797704,-2.178503,-1.928928
10168.513205,-98.228722,0.640868,-0.258187,-0.945314,-1.495967,-1.874887,-1.998860,-1.469798
10168.517205,-95.105652,0.011213,-0.847334,-1.379841,-1.760183,-1.957134,-1.899195,-1.382837
10168.521205,-68.454712,-0.704397,-1.054011,-1.685237,-1.842865,-1.947917,-1.505091,-0.977590
10168.525205,0.029533,-1.137531,-1.627939,-1.658289,-1.815561,-1.571235,-1.056824,-0.264873
10168.529205,-0.012654,-1.323269,-2.026142,-1.902814,-1.734553,-1.309545,-0.545253,0.099545
10168.533205,-0.016078,-1.769588,-1.913827,-1.973078,-1.432031,-0.956874,0.048354,0.692661
10168.537205,0.091299,-1.963947,-1.730960,-1.588114,-0.968719,-0.338380,0.267785,0.965498
10168.541205,0.065930,-1.767835,-1.755589,-1.046070,-0.562731,0.062256,0.821582,1.293551
10168.545205,-0.072540,-1.738103,-1.251569,-0.636373,0.083431,0.753996,1.080478,1.528281
10168.549205,0.109788,-1.471408,-0.910000,-0.167798,0.598248,1.145037,1.473708,1.661875
10168.553205,-0.107046,-0.935109,-0.344871,0.265925,0.771263,1.516324,1.742139,1.680282
10168.557205,-0.005421,-0.568806,0.010496,0.617605,1.296486,1.664673,1.562381,1.590136
10168.561205,-0.084250,-0.098719,0.353249,0.986494,1.300236,1.763128,1.496719,1.188266
10168.565205,-0.009116,0.308236,1.002586,1.484445,1.780724,1.832296,1.523859,0.985490
10168.569205,0.021737,0.817431,1.068212,1.575972,1.487560,1.421376,0.944269,0.561511
10168.573205,0.060111,1.237738,1.397947,1.579915,1.654434,1.160029,0.620042,0.138507
10168.577205,0.051861,1.475313,1.646346,1.533913,1.446443,0.933745,0.251402,-0.289098
10168.581205,-0.001336,1.436302,1.587747,1.576918,1.085295,0.470234,-0.278787,-0.896375
10168.585205,-0.024440,1.496169,1.438305,1.112537,0.449032,-0.088688,-0.635781,-1.060738
10168.589205,0.047365,1.362327,1.070581,0.644159,0.251744,-0.468206,-0.939039,-1.292246
10168.593205,0.122758,1.145063,0.990592,0.396945,-0.075872,-0.646964,-1.201477,-1.527653
10168.597205,0.066095,0.869267,0.515482,-0.143059,-0.644882,-1.296509,-1.380153,-1.444311
10168.601205,-0.053266,0.625650,-0.010117,-0.374534,-0.931878,-1.050150,-1.390448,-1.310970
10168.605205,-0.046934,0.374890,-0.328433,-0.610511,-0.991932,-1.414770,-1.385287,-1.217515
10168.609205,-0.133679,-0.093509,-0.627810,-0.971868,-1.294718,-1.257838,-1.200434,-0.883710
10168.613205,0.008730,-0.395895,-0.941886,-1.109372,-1.386468,-1.256868,-1.138120,-0.566986
10168.617205,-0.112186,-0.710024,-1.046414,-1.140458,-1.068638,-1.035760,-0.722737,-0.132714
10168.621205,-0.038805,-1.043986,-1.196653,-1.283320,-0.861617,-0.774520,-0.317893,0.247369
10168.625205,0.218998,-1.135763,-1.382800,-1.103619,-1.000071,-0.488337,0.172291,0.398217
10168.629205,-0.104602,-1.063855,-1.126950,-0.771373,-0.571654,-0.047801,0.181940,0.640032
10168.633205,-0.018478,-1.136329,-0.686790,-0.533084,-0.137185,0.181300,0.463373,1.082547
10168.637205,-0.162080,-1.017396,-0.651357,-0.086284,0.241335,0.533756,1.018769,0.964498
10168.641205,0.045082,-0.619419,-0.584166,-0.017305,0.386665,0.728733,0.823847,1.071023
10168.645205,0.029449,-0.580377,-0.088367,0.353053,0.498854,0.883220,1.109389,1.100972
10168.649205,-0.015488,-0.158270,0.076076,0.532694,0.658945,0.751029,0.989320,0.914350
10168.653205,0.070625,-0.090182,0.088050,0.715460,0.971103,0.707255,0.801157,0.546416
10168.657205,0.024612,0.358376,0.498630,0.689069,0.883942,0.608974,0.756641,0.527687
10168.661205,0.000468,0.372733,0.620770,0.754612,0.790919,0.533655,0.519123,0.156308
10168.665205,0.002062,0.497524,0.749447,0.892042,0.712145,0.354531,0.266683,-0.005264
10168.669205,-0.005469,0.557513,0.705874,0.762783,0.513897,0.463597,-0.006871,-0.321255
10168.673205,-0.023177,0.449351,0.652193,0.520844,0.439385,-0.040043,-0.052306,-0.353500
10168.675759,0.158528,0.599135,0.584793,0.464831,-0.012395,0.062596,-0.293485,-0.597060
10168.679759,-0.007535,0.651607,0.383743,0.248248,-0.178637,-0.283696,-0.316820,-0.412191
10168.683759,0.021096,0.479465,0.231139,0.082032,-0.229441,-0.357035,-0.448495,-0.671856
10168.687759,0.239432,0.220628,0.147270,-0.182853,-0.535404,-0.201587,-0.450206,-0.686855
10168.691759,-0.102619,0.366650,0.045565,-0.422761,-0.352905,-0.411042,-0.371483,-0.391619
10168.695759,-0.173441,-0.022256,-0.195275,-0.159465,-0.382707,-0.427993,-0.385961,-0.378682
10168.699759,0.150859,0.058344,-0.055631,-0.388289,-0.281778,-0.241953,-0.378345,-0.306041
10168.703759,-0.099204,-0.264298,-0.099665,-0.164150,-0.307608,-0.255365,-0.252953,0.138892
10168.707759,-0.043563,-0.201636,-0.215188,-0.356705,-0.187015,-0.027176,-0.117352,0.065236
10168.711759,-0.196039,-0.242730,-0.163113,-0.356628,-0.111875,-0.126347,-0.002212,0.013455
10168.715759,-0.016419,-0.380549,-0.234213,-0.060233,-0.221659,-0.135062,-0.031874,0.024282
10168.719759,0.071612,-0.052409,-0.136386,-0.225881,0.275337,0.002122,0.118679,-0.186253
10168.723759,-0.037155,-0.065276,-0.066496,0.065100,-0.029951,-0.036621,0.013813,0.024202
10168.727759,-0.121065,0.120674,-0.042672,-0.003993,0.146220,0.277879,0.026761,-0.198482
10168.731759,-0.028672,0.223676,0.004259,0.081635,0.051481,-0.124846,0.119012,-0.032464
10168.735759,-0.002653,0.042398,-0.105389,-0.115872,-0.182342,0.116414,-0.021323,-0.220980
10168.739759,0.184330,0.173209,-0.096106,-0.042428,-0.212861,-0.069313,-0.123573,-0.189809
10168.743759,-0.123761,-0.021358,-0.050786,-0.039743,-0.150867,-0.132585,-0.277555,-0.346547
10168.747759,-0.169223,-0.121695,-0.262131,-0.261292,-0.201848,-0.196824,-0.438938,0.139866
10168.751759,0.039133,-0.159759,-0.290569,-0.348759,-0.206961,-0.362299,-0.141891,0.097691
10168.755759,0.018989,-0.241152,-0.500350,-0.289843,-0.291471,-0.244343,-0.032371,-0.073222
10168.759759,0.180123,-0.101478,-0.484115,-0.275172,-0.316083,-0.287772,0.127055,0.131409
10168.763759,0.061181,-0.278410,-0.403060,-0.351948,-0.329057,-0.153473,0.112618,0.253175
10168.767759,0.068015,-0.624407,-0.523188,-0.323125,-0.113744,0.085829,0.251637,0.342640
10168.771759,0.057945,-0.399787,-0.356573,-0.256148,-0.170078,0.403849,0.400506,0.666695
10168.775759,0.164189,-0.389589,-0.185109,0.039026,0.168869,0.286546,0.630474,0.463165
10168.779759,-0.039276,-0.432899,-0.071529,0.154165,0.306514,0.511889,0.848880,0.574185
10168.783759,-0.018332,-0.160244,0.065201,0.386514,0.653353,0.822553,0.714959,0.674639
10168.787759,0.021014,-0.115768,0.285753,0.353474,0.728772,0.545898,0.612423,0.640863
10168.791759,0.046518,0.191315,0.432682,0.603253,0.739546,0.850871,0.623528,0.208231
10168.795759,-0.123149,0.340718,0.646432,0.792026,0.739255,0.801180,0.323942,0.150089
10168.799759,0.078464,0.694054,0.804702,0.990601,0.851283,0.635162,0.395431,0.032177
10168.803759,0.133168,0.798809,0.911756,0.922883,0.734983,0.636621,0.152805,-0.337801
10168.807759,-0.149106,1.118146,0.933802,0.866765,0.567315,0.298640,-0.221679,-0.513530
10168.811759,-0.054557,1.305569,0.852917,0.743669,0.626971,0.054938,-0.446043,-0.748631
10168.815759,-0.081274,1.181864,0.781279,0.464113,-0.020535,-0.378361,-0.702164,-0.853426
10168.819759,0.026626,1.024714,0.374203,0.338445,-0.370265,-0.557757,-1.247430,-1.089373
10168.823759,0.094763,0.649384,0.339778,-0.019685,-0.470301,-1.048325,-1.005250,-0.978805
10168.827759,0.121506,0.355320,-0.086014,-0.429102,-0.770927,-1.008871,-1.274787,-1.120652
10168.831759,-0.081822,0.065751,-0.274188,-0.755487,-1.022023,-1.281631,-1.127975,-1.096258
10168.835759,-0.045542,-0.290299,-0.620499,-0.838227,-1.197930,-1.272300,-1.117061,-0.823447
10168.839759,0.110517,-0.491666,-1.118947,-1.116628,-1.399813,-1.265794,-0.864696,-0.531706
10168.843759,0.224283,-0.888064,-1.132336,-1.499513,-1.351331,-1.051087,-0.528582,-0.230505
10168.847759,0.119943,-1.132226,-1.324847,-1.438077,-1.258426,-1.001120,-0.255626,0.318398
10168.851759,-0.036189,-1.507567,-1.475286,-1.236688,-0.915965,-0.385293,-0.063463,0.593582
10168.855759,-0.010016,-1.393004,-1.432083,-1.024846,-0.715698,-0.046979,0.464537,0.946060
10168.859759,0.241314,-1.486110,-1.254725,-0.929947,-0.143626,0.284791,0.866102,1.182687
10168.863759,0.041574,-1.240720,-0.818816,-0.432487,0.112749,0.672957,1.194821,1.491031
10168.867759,0.054429,-1.189049,-0.586885,-0.106817,0.578338,1.237010,1.413730,1.468466
10168.871759,0.035051,-0.688650,-0.266004,0.293140,0.899951,1.340317,1.728492,1.388632
10168.889145,-0.169418,-0.350531,0.181937,0.746278,1.373989,1.582446,1.698647,1.453054
10168.893145,-0.120820,-0.100677,0.803820,1.198802,1.847632,1.742392,1.631810,1.021697
10168.897145,-0.008379,0.603491,1.083441,1.500469,1.694642,1.519044,1.181952,0.737439
10168.901145,-0.041454,0.864480,1.406916,1.540240,1.743943,1.469643,1.007264,0.240307
10168.905145,-0.096534,1.453017,1.627034,1.778647,1.419314,1.085285,0.642779,-0.133020
10168.909145,-0.024979,1.653975,1.783352,1.847923,1.281688,0.785979,0.041568,-0.718376
10168.913145,0.042180,1.610313,1.821867,1.295462,0.825240,0.164433,-0.368832,-1.169526
10168.917145,0.050941,1.716539,1.547992,1.044362,0.701908,-0.397446,-0.847182,-1.425754
10168.921145,-0.077972,1.712250,1.174765,0.568008,-0.137529,-0.709403,-1.363112,-1.776961
10168.925145,0.034300,1.536925,0.734617,0.223556,-0.472191,-1.032367,-1.647294,-1.676105
10168.929145,0.058375,0.881345,0.435679,-0.321460,-0.897993,-1.403413,-1.911930,-1.741236
10168.933145,-0.012918,0.548377,0.038779,-0.862964,-1.397263,-1.779858,-1.822994,-1.559212
10168.937145,0.160945,0.203481,-0.788159,-1.111375,-1.643575,-1.781089,-1.820267,-1.418159
10168.941145,0.094984,-0.209582,-1.073829,-1.734020,-1.820576,-1.883683,-1.671464,-1.041538
10168.945145,0.047709,-0.805712,-1.538486,-1.886530,-1.924506,-1.519121,-1.082881,-0.497729
10168.949145,0.052688,-1.379590,-1.700623,-2.036300,-1.753215,-1.594323,-0.933386,-0.223849
10168.953145,0.188187,-1.702734,-2.067368,-1.639431,-1.625043,-0.923698,-0.334758,0.581861
10168.957145,-0.001493,-1.974346,-2.072852,-1.754596,-1.272224,-0.657545,0.355656,1.114490
10168.961145,-0.068075,-2.176602,-1.760902,-1.336940,-0.801862,0.049745,0.528922,1.432018
10168.965145,-0.015301,-1.753261,-1.490201,-0.905155,0.022705,0.513907,1.120335,1.844547
10168.969145,0.104533,-1.551515,-1.138594,-0.473488,0.247497,1.000649,1.490618,1.899021
10168.973145,0.165923,-1.356295,-0.613951,0.198374,0.856141,1.468110,2.017198,2.003352
10168.977145,0.112924,-0.604685,-0.174677,0.665883,1.330126,1.757614,1.949237,2.014574
10168.981145,0.009925,-0.069724,0.419564,1.319611,1.875734,1.963594,1.988461,1.707955
10168.985145,-0.055691,0.398253,0.893058,1.516126,1.872482,2.008402,1.778757,1.176621
10168.989145,-0.011315,0.653918,1.530667,1.917259,1.965273,1.828538,1.347901,0.672439
10168.993145,-0.108082,1.147675,1.841824,2.089452,1.786502,1.638059,0.852095,0.308334
10168.997145,0.008407,1.567591,1.988325,2.106752,1.512369,1.282799,0.380663,-0.176306
10169.001145,0.086657,1.762151,1.934184,1.855210,1.441517,0.729053,-0.048680,-0.907347
10169.005145,0.003380,1.977373,1.738492,1.538535,0.855538,0.281250,-0.509817,-1.283393
10169.009145,0.110421,2.004528,1.638880,0.947812,0.355852,-0.435754,-1.126363,-1.681317
10169.013145,0.110339,1.874648,1.221115,0.460818,-0.270779,-0.790073,-1.419891,-2.000162
10169.017145,-0.146683,1.372066,0.984264,0.097590,-0.725458,-1.365031,-1.985340,-1.997532
10169.021145,0.124017,0.963431,0.257807,-0.448483,-1.284128,-1.650368,-2.022060,-1.949593
10169.025145,-0.037824,0.464725,-0.246212,-0.983656,-1.565725,-1.870979,-2.022886,-1.902682
10169.029145,-0.000862,-0.099182,-0.723878,-1.446325,-1.990919,-1.948913,-1.672689,-1.316815
10169.033145,-0.142058,-0.616725,-1.266769,-1.713113,-1.973040,-2.018136,-1.503937,-0.767756
10169.037145,-0.065347,-1.152704,-1.423426,-1.672943,-1.921026,-1.585447,-1.071116,-0.321858
10169.041145,-0.111701,-1.419902,-1.899134,-1.856292,-1.552347,-1.223779,-0.704185,0.212567
10169.045145,-0.061106,-1.643829,-1.952111,-1.905241,-1.476456,-1.085621,-0.214492,0.833425
10169.049145,-0.281913,-1.988934,-1.640605,-1.617340,-1.036727,-0.321244,0.240829,1.173628
10169.053145,-0.012055,-1.894076,-1.523949,-1.292816,-0.520728,0.088974,0.750938,1.629347
10169.057145,0.012602,-1.595517,-1.355143,-0.820545,-0.334539,0.643679,1.104976,1.682218
10169.061145,-0.129267,-1.378008,-0.690288,0.051545,0.501261,1.096898,1.489595,1.705755
10169.065145,-0.091862,-0.909309,-0.470118,0.477354,0.820909,1.413045,1.596381,1.810173
10169.069145,-0.020284,-0.622851,0.024063,0.776890,1.344647,1.722577,1.657679,1.629434
10169.073145,-0.049740,-0.013525,0.548336,1.143893,1.506883,1.640286,1.653947,1.443379
10169.077145,-0.076946,0.456150,0.995832,1.207655,1.576141,1.899670,1.407455,0.861831
10169.081145,-0.087210,0.742163,1.362111,1.557670,1.592745,1.268317,1.000871,0.452796
10169.085145,0.032142,1.156679,1.638569,1.526654,1.559505,1.227286,0.591914,0.158535
10169.077860,0.170423,1.381986,1.550371,1.722715,1.352689,0.723912,0.233728,-0.413922
10169.081860,-0.084583,1.449115,1.509736,1.465357,0.951713,0.437244,-0.092367,-0.807979
10169.085860,-0.120267,1.651336,1.398488,1.275614,0.692160,0.048036,-0.577691,-0.992100
10169.089860,0.024928,1.248510,1.182884,0.795975,0.071680,-0.161599,-0.964326,-1.277781
10169.093860,0.117225,1.327536,0.858642,0.379227,-0.261956,-0.796915,-1.327175,-1.478839
10169.097860,-0.120288,0.980729,0.453155,-0.018511,-0.770319,-1.171166,-1.463769,-1.457789
10169.101860,-0.024503,0.743738,0.102460,-0.452479,-1.039884,-1.302881,-1.553119,-1.299847
10169.105860,0.083079,0.104909,-0.281148,-0.793832,-1.041482,-1.463506,-1.433573,-1.118559
10169.109860,-0.048786,-0.166418,-0.673643,-0.985738,-1.176091,-1.353310,-1.222718,-0.797771
10169.113860,0.020667,-0.456000,-0.791559,-1.306870,-1.339084,-1.323545,-1.005229,-0.660348
10169.117860,-0.037816,-0.728432,-1.360427,-1.294773,-1.243778,-1.047037,-0.816517,-0.084070
10169.121860,0.094247,-0.869153,-1.250787,-1.207215,-1.140528,-0.855384,-0.427309,0.186488
10169.125860,0.083595,-0.984578,-1.200552,-1.164181,-0.839145,-0.339585,0.184782,0.596075
10169.129860,0.107882,-1.013522,-1.097782,-0.864185,-0.437721,-0.060823,0.422896,0.672739
10169.133860,0.139860,-1.145841,-0.825379,-0.643629,-0.289469,-0.000980,0.580891,0.790499
10169.137860,-0.092277,-0.911453,-0.860507,-0.224082,0.319330,0.423148,0.924311,0.874175
10169.141860,0.040009,-0.729823,-0.136403,-0.092142,0.388653,0.669201,0.891039,1.013596
10169.145860,-0.018867,-0.588745,-0.139591,0.128418,0.529231,1.025852,0.959719,1.049705
10169.149860,-0.007616,-0.188647,0.082888,0.192373,0.729758,0.803046,0.906032,0.895212
10169.153860,0.181640,-0.149290,0.311459,0.629807,0.830122,0.902276,0.888032,0.596284
10169.157860,-0.019851,0.264127,0.452045,0.680580,0.838206,0.762270,0.575081,0.312427
10169.161860,-0.004359,0.553740,0.688172,0.687130,0.951501,0.639567,0.636442,0.185617
10169.165860,0.026613,0.518761,0.681497,0.897330,0.673325,0.612500,0.270977,-0.037820
10169.169860,0.062395,0.622293,0.631666,0.602774,0.601390,0.104669,0.095777,-0.361916
10169.173860,0.017492,0.786503,0.564645,0.606440,0.483098,0.073305,-0.193542,-0.331435
10169.177860,0.124997,0.844370,0.476628,0.466143,0.142952,-0.161389,-0.303966,-0.493030
10169.181860,0.008642,0.576366,0.441241,0.359344,0.209308,-0.196594,-0.436823,-0.537993
10169.185860,-0.023045,0.361943,0.121304,-0.054777,-0.055002,-0.232976,-0.413127,-0.539718
10169.189860,-0.050511,0.153837,0.061098,-0.131009,-0.374492,-0.351060,-0.529727,-0.465404
10169.193860,-0.147925,0.218556,0.040263,-0.216061,-0.164362,-0.400841,-0.410431,-0.546909
10169.197860,-0.078269,-0.023965,-0.026354,-0.137950,-0.385426,-0.355466,-0.274206,-0.326473
10169.201860,-0.146217,0.017179,-0.130075,-0.235835,-0.221027,-0.216589,-0.213612,-0.305799
10169.205860,-0.151277,-0.083068,-0.197878,-0.245546,-0.106142,-0.157224,-0.203251,-0.166150
10169.209860,0.064492,-0.102490,-0.223901,-0.498808,-0.309618,-0.085044,-0.229160,0.043029
10169.213860,0.044368,-0.246561,-0.082804,-0.179776,-0.159542,-0.210498,0.097922,-0.082504
10169.217860,-0.120352,-0.105878,-0.223058,0.095814,-0.178851,0.042392,0.176113,0.130330
10169.221860,-0.075524,-0.041025,0.065269,-0.204374,0.079387,0.047452,0.216309,0.094954
10169.225860,0.015219,0.044056,-0.144045,-0.094290,0.003472,-0.046042,-0.046000,0.225463
10169.229860,0.179397,-0.232475,0.019162,-0.112849,0.111599,0.009531,0.126462,-0.110461
10169.233860,-0.095007,0.030218,-0.032412,-0.010897,0.088325,-0.007726,-0.099908,-0.069970
10169.237860,-0.158254,-0.136529,0.132927,-0.113061,0.063339,-0.141633,-0.111594,-0.036972
10169.241860,0.094758,-0.014717,-0.024729,-0.097359,-0.106860,-0.152508,-0.245806,-0.132509
10169.245860,-0.146332,-0.014574,-0.088096,-0.267831,-0.241968,-0.276567,-0.251833,-0.072970
10169.249860,0.046235,0.003596,0.023000,-0.139246,-0.428849,-0.325134,-0.070201,-0.157609
10169.253860,-0.046136,-0.155290,-0.304195,-0.149838,-0.333124,-0.023761,-0.228565,-0.119624
10169.257860,-0.083526,-0.371174,-0.287537,-0.506892,-0.428842,-0.182355,-0.321549,-0.106134
10169.261860,-0.005198,-0.349904,-0.457628,-0.349187,-0.387762,-0.013332,0.088434,0.078372
10169.265860,-0.018845,-0.665889,-0.362875,-0.500766,-0.286922,-0.087109,-0.011400,0.207781
10169.269860,0.037242,-0.565315,-0.358487,-0.233795,-0.208263,0.034625,0.225865,0.380691
10169.273860,0.147479,-0.498887,-0.553526,-0.263623,-0.024730,0.280190,0.598201,0.613225
10169.287731,-0.010208,-0.555032,-0.138481,-0.078166,0.048933,0.437147,0.427100,0.682098
10169.291731,-0.039395,-0.399511,-0.403390,0.238638,0.252767,0.481807,0.672142,0.638057
10169.295731,0.229625,-0.390635,0.019852,0.404227,0.499184,0.678292,0.968922,0.640695
10169.299731,0.140067,0.038723,0.340000,0.498370,0.528382,0.867870,0.767042,0.608890
10169.303731,-0.014999,0.128219,0.609992,0.722372,0.613791,0.777002,0.618530,0.154072
10169.307731,-0.074805,0.681522,0.436863,0.705959,0.601532,0.581397,0.338090,0.106256
10169.311731,0.171597,0.730653,0.805795,1.064110,0.777627,0.532568,0.292052,-0.166806
10169.315731,-0.188611,0.892361,0.969208,0.774473,0.779583,0.501662,0.039926,-0.360774
10169.319731,0.079162,1.005819,1.145308,0.877303,0.391895,0.064763,-0.188148,-0.444520
10169.323731,0.032090,0.965732,0.759919,0.834539,0.484536,-0.195650,-0.377469,-0.739802
10169.327731,0.068419,1.165671,0.946384,0.522098,0.042913,-0.377070,-0.730573,-0.689381
10169.331731,0.004521,0.993197,0.644278,0.099443,-0.188347,-0.700903,-1.031254,-1.036520
10169.335731,-0.126461,0.821271,0.393209,0.014171,-0.495734,-0.987924,-0.993721,-1.033090
10169.339731,0.089346,0.551668,-0.125252,-0.351115,-0.954393,-1.158125,-1.278765,-1.270074
10169.343731,0.017736,0.163316,-0.182002,-0.627614,-1.049878,-1.145650,-1.205364,-0.994550
10169.347731,0.012559,-0.194701,-0.627744,-0.953132,-1.356763,-1.302940,-1.019728,-0.820871
10169.351731,-0.053321,-0.431313,-1.025589,-1.182113,-1.297776,-1.111442,-0.911535,-0.550932
10169.355731,-0.065220,-0.698625,-1.249014,-1.404962,-1.335869,-1.065057,-0.669075,-0.066419
10169.359731,0.010162,-1.203980,-1.285337,-1.335375,-1.029215,-0.751745,-0.298408,0.235321
10169.363731,0.014515,-1.312516,-1.419879,-1.318072,-0.871703,-0.409183,0.100142,0.700924
10169.367731,-0.007636,-1.455103,-1.308592,-0.998245,-0.555426,-0.145135,0.531444,0.985561
10169.371731,0.039184,-1.270464,-1.233495,-0.785281,-0.298906,0.319976,0.801566,1.159816
10169.375731,-0.195565,-1.403487,-1.012327,-0.426708,0.118167,0.842063,1.215731,1.539871
10169.379731,0.098304,-0.965668,-0.503025,-0.093272,0.677209,1.129483,1.571182,1.559496
10169.383731,0.114451,-0.768108,-0.175149,0.495244,0.949692,1.439553,1.424827,1.577391
10169.387731,-0.127181,-0.322289,-0.058951,0.663958,1.314304,1.580369,1.572845,1.451842
10169.391731,0.093252,0.320339,0.696305,1.314680,1.463295,1.591001,1.412596,1.105116
10169.395731,0.022323,0.626812,1.126423,1.628542,1.805612,1.595473,1.259875,0.603286
10169.399731,-0.054282,0.871317,1.343037,1.628454,1.720318,1.439680,1.037733,0.362645
10169.403731,-0.059142,1.396590,1.509520,1.819350,1.457989,0.884293,0.578051,-0.177288
10169.407731,0.117471,1.693614,1.653129,1.791776,1.089164,0.767712,0.197510,-0.721069
10169.411731,0.211196,1.773156,1.760483,1.544582,0.955597,0.128835,-0.752575,-1.155161
10169.415731,-0.088732,1.689069,1.496439,0.813267,0.350031,-0.176426,-0.791927,-1.497663
10169.419731,0.069071,1.413830,1.297821,0.793848,0.028693,-0.720293,-1.558196,-1.501232
10169.423731,0.194096,1.499185,1.009687,0.190671,-0.448434,-1.075818,-1.624692,-1.913262
10169.427731,0.087505,1.257123,0.529843,-0.285626,-0.970016,-1.489263,-2.043268,-1.842505
10169.431731,-0.021592,0.498560,-0.000682,-0.787175,-1.662182,-1.748904,-1.746824,-1.750753
10169.435731,-0.102477,-0.015913,-0.609210,-1.329723,-1.850704,-1.728813,-1.769750,-1.469329
10169.439731,0.167375,-0.383307,-1.106669,-1.587415,-1.933114,-1.878997,-1.507478,-0.860213
10169.443731,-0.054913,-0.848198,-1.637677,-1.791930,-1.733971,-1.692368,-1.274842,-0.607340
10169.447731,0.048396,-1.342083,-1.818301,-1.871583,-1.888912,-1.304625,-0.800842,0.035462
10169.451731,0.083975,-1.881156,-1.939195,-2.036069,-1.720626,-0.999751,-0.225713,0.347996
10169.455731,0.027133,-1.987099,-1.932492,-1.430716,-1.203456,-0.595233,0.280428,0.983855
10169.459731,-0.034557,-1.964915,-1.815691,-1.476230,-0.619382,0.187020,0.767470,1.466259
10169.463731,-0.204556,-1.888037,-1.323245,-0.834242,-0.158305,0.588845,1.240033,1.795228
10169.467731,0.102844,-1.708597,-1.040190,-0.483231,0.328093,0.978235,1.657145,1.951350
10169.471731,0.039653,-1.270964,-0.554477,0.352147,0.965534,1.307661,1.863815,1.981186
10169.475731,-0.158462,-0.760460,0.091172,0.594782,1.473144,1.914500,2.019813,1.957347
10169.479731,-0.076450,-0.203583,0.586800,1.216712,1.730387,1.892557,2.038374,1.621101
10169.483731,-0.013646,0.326298,0.945322,1.497644,2.032223,1.834945,1.818762,1.117151
10169.484516,-0.181042,0.831075,1.446657,1.784550,1.884428,1.881600,1.367404,0.844467
10169.488516,-0.057595,1.197742,1.856863,1.883108,1.777887,1.474710,0.998379,0.423012
10169.492516,0.015222,1.532490,1.860844,2.012933,1.526519,0.980839,0.479825,-0.230199
10169.496516,0.090988,1.908909,2.112086,1.788288,1.308963,0.676293,-0.058152,-0.454382
10169.500516,-0.019686,2.002625,2.062346,1.560420,0.724272,0.315563,-0.594380,-1.585616
10169.504516,-0.040696,1.870963,1.593662,1.085866,0.444067,-0.275657,-0.984938,-1.498155
10169.508516,-0.020010,1.544306,1.019640,0.670679,-0.179712,-0.764510,-1.469224,-2.061632
10169.512516,-0.060439,1.473996,0.693336,0.206183,-0.745874,-1.384650,-1.957640,-1.764561
10169.516516,-0.019548,1.031925,0.204937,-0.520863,-1.140965,-1.640294,-1.881667,-1.798555
10169.520516,0.069322,0.557025,-0.322214,-0.998861,-1.670283,-1.933149,-1.889421,-1.646798
10169.524516,0.066266,0.116697,-0.900674,-1.577823,-1.827429,-1.789461,-1.633650,-1.328240
10169.528516,-0.028519,-0.528028,-1.105064,-1.772650,-1.971437,-1.832960,-1.378248,-0.827457
10169.532516,-0.197017,-0.944576,-1.567325,-1.801382,-1.901812,-1.559281,-1.088535,-0.465162
10169.536516,-0.075859,-1.436062,-1.919587,-1.935093,-1.735810,-1.153464,-0.552855,0.314280
10169.540516,-0.167772,-1.716838,-1.751182,-1.744942,-1.422284,-0.908608,-0.036683,0.637940
10169.544516,-0.033805,-1.731014,-1.590929,-1.610238,-0.938076,-0.305857,0.470600,1.201306
10169.548516,0.142216,-1.880425,-1.784203,-1.169100,-0.533325,-0.084802,0.977811,1.376590
10169.552516,-0.005164,-1.747357,-1.323907,-0.590015,-0.014441,0.887530,1.333717,1.742911
10169.556516,-0.020421,-1.430798,-0.792895,-0.112336,0.495847,1.153714,1.545694,1.805909
10169.560516,0.008722,-1.053614,-0.330740,0.256316,0.850878,1.400192,1.694581,1.801042
10169.564516,-0.055811,-0.506964,0.028118,0.878141,1.280202,1.692304,1.851120,1.719697
10169.568516,0.062709,0.115781,0.523944,0.962962,1.531093,1.801110,1.692090,1.219069
10169.572516,-0.033800,0.243204,0.872487,1.401333,1.714369,1.597945,1.356152,1.023308
10169.576516,-0.085641,0.665622,1.490135,1.538761,1.487757,1.370882,0.892548,0.687574
10169.580516,-0.007229,1.012028,1.550799,1.816920,1.529049,1.374532,0.658287,-0.050412
10169.584516,0.180994,1.307476,1.541570,1.677235,1.312566,0.834387,0.227665,-0.444334
10169.588516,0.018090,1.577776,1.554353,1.440945,1.022373,0.467376,-0.217535,-0.815242
10169.592516,0.037054,1.436956,1.726496,0.845944,0.535200,0.046523,-0.527332,-1.188832
10169.596516,-0.065026,1.470657,1.057244,0.618586,0.259757,-0.339116,-0.948511,-1.256971
10169.600516,0.009325,1.189713,0.753459,0.401606,-0.310090,-0.706586,-1.242996,-1.322896
10169.604516,-0.095654,0.867306,0.514467,-0.103492,-0.605996,-1.085644,-1.423282,-1.483168
10169.608516,-0.218962,0.783078,0.034121,-0.408934,-1.142397,-1.362716,-1.394686,-1.168582
10169.612516,0.044148,0.310578,-0.335464,-0.785567,-1.182636,-1.333809,-1.234557,-1.181073
10169.616516,0.001538,-0.163326,-0.655285,-0.925666,-1.245964,-1.314258,-1.209285,-0.951545
10169.620516,0.068645,-0.388930,-0.817711,-1.202607,-1.391401,-1.162231,-0.844415,-0.449745
10169.624516,-0.078828,-0.728564,-1.292650,-1.128914,-1.218446,-1.000247,-0.494762,-0.238944
10169.628516,0.011576,-1.069753,-1.344664,-1.196578,-1.044265,-0.960509,-0.241900,0.162212
10169.632516,0.075228,-1.089703,-1.091025,-0.979926,-0.809551,-0.344426,0.110777,0.360182
10169.636516,-0.088278,-1.250690,-1.038758,-0.963104,-0.746966,-0.213206,0.297931,0.779483
10169.640516,0.129278,-1.000704,-0.918790,-0.717368,-0.436565,0.149673,0.574032,0.925225
10169.644516,0.089482,-0.895241,-0.699352,-0.386978,-0.085004,0.391411,0.707379,1.273139
10169.648516,0.199485,-0.891209,-0.404639,-0.190021,0.364795,0.638593,0.913996,1.132560
10169.652516,0.037244,-0.438424,-0.116120,0.144754,0.438060,0.803752,0.941172,0.908769
10169.656516,-0.070451,-0.258826,0.232490,0.240936,0.608568,0.929335,0.750301,0.682048
10169.660516,0.211559,0.047783,0.602294,0.457307,1.033722,0.765577,0.921231,0.422389
10169.664516,0.029051,0.260798,0.477086,0.600447,0.816781,0.845370,0.557739,0.401242
10169.668516,-0.006350,0.461895,0.489683,0.722857,0.814277,0.649947,0.367892,0.286614
10169.672516,0.096877,0.630657,0.674756,0.738516,0.816127,0.598377,0.392656,-0.017860
10169.676516,0.060939,0.700523,0.854723,0.450682,0.555769,0.420939,0.175836,-0.263414
10169.680516,0.038985,0.726190,0.778500,0.589618,0.396405,0.103811,-0.016698,-0.244577
10169.677005,0.104357,0.690317,0.575179,0.342638,0.116950,0.054493,-0.167323,-0.445404
10169.681005,0.024467,0.555823,0.537839,0.313491,-0.021579,-0.147240,-0.545900,-0.579801
10169.685005,-0.174910,0.335411,0.194792,-0.128312,-0.006139,-0.358837,-0.477963,-0.601613
10169.689005,0.056554,0.429154,0.178513,-0.023007,-0.430504,-0.382967,-0.391115,-0.349534
10169.693005,0.060653,0.368585,-0.075504,-0.237558,-0.263366,-0.264979,-0.280121,-0.594247
10169.697005,0.011044,0.136374,-0.012093,-0.177832,-0.336929,-0.676028,-0.154256,-0.231269
10169.701005,-0.088177,-0.086297,-0.146499,-0.217424,-0.455967,-0.419869,-0.225701,-0.246407
10169.705005,-0.177861,-0.197261,-0.205640,-0.423480,-0.111739,-0.130169,-0.093182,-0.083450
10169.709005,-0.123573,-0.232657,-0.070072,-0.304585,-0.217033,-0.198735,-0.115600,-0.027467
10169.713005,-0.023869,-0.192605,-0.204719,-0.192695,-0.239137,-0.235618,-0.068868,-0.050820
10169.717005,-0.006600,-0.226722,-0.314267,0.034477,-0.143305,-0.259302,0.086147,0.009562
10169.721005,-0.006807,-0.063644,0.021758,-0.033041,-0.179564,-0.130414,-0.125482,-0.006750
10169.725005,0.029822,-0.114671,-0.096977,-0.093803,-0.070970,0.065351,-0.022320,0.124053
10169.729005,-0.061333,0.016686,-0.011997,0.027512,0.042575,-0.017224,0.242411,0.121649
10169.733005,-0.060444,0.180927,0.145280,-0.136119,-0.244815,-0.035753,-0.086304,-0.325976
10169.737005,0.010135,0.060806,-0.051669,0.118281,-0.105021,-0.153046,-0.127582,-0.258901
10169.741005,-0.094190,-0.247680,0.004195,-0.006521,-0.119078,-0.153983,-0.184485,-0.000108
10169.745005,-0.018500,0.070774,-0.024487,-0.311594,-0.152418,-0.341014,-0.262840,-0.171094
10169.749005,0.120961,-0.168410,-0.155965,-0.409285,-0.298169,-0.311610,-0.082465,-0.197264
10169.753005,-0.160485,-0.235986,-0.341380,-0.300363,-0.188775,-0.302297,-0.139674,-0.067449
10169.757005,0.046495,-0.393713,-0.365651,-0.281484,-0.408011,-0.255123,-0.114910,-0.110707
10169.761005,0.068612,-0.451225,-0.432196,-0.334870,-0.233693,-0.287110,0.035258,0.254736
10169.765005,-0.069129,-0.393474,-0.417955,-0.326855,-0.149933,-0.149345,0.028757,0.404385
10169.769005,-0.033536,-0.662945,-0.463698,-0.320356,-0.100401,0.040035,0.443520,0.330110
10169.773005,-0.195508,-0.666178,-0.462687,-0.152034,-0.000562,0.270941,0.349275,0.573950
10169.777005,-0.160139,-0.455850,-0.222733,-0.142731,0.357056,0.211767,0.618697,0.697547
10169.781005,-0.088671,-0.339437,-0.216914,0.157991,0.346191,0.551864,0.592279,0.592405
10169.785005,-0.079651,-0.156194,0.222665,0.551031,0.634755,0.675878,0.807977,0.667108
10169.789005,-0.036397,0.169004,0.362146,0.442147,0.785911,0.815191,0.616146,0.561381
10169.793005,-0.007051,-0.067928,0.335571,0.797671,0.723878,0.840543,0.775215,0.209358
10169.797005,0.160903,0.404593,0.711446,1.015076,0.941174,0.721843,0.468497,0.179737
10169.801005,-0.056592,0.766277,0.885680,0.917673,0.803308,0.700920,0.146892,0.177809
10169.805005,-0.026795,0.731161,1.050695,1.015519,0.725432,0.583683,0.200658,-0.227499
10169.809005,-0.164022,0.973682,0.972191,0.808824,0.532108,0.293148,-0.290870,-0.406016
10169.813005,-0.005038,0.943201,0.899171,0.707558,0.486660,0.016096,-0.325795,-0.771644
10169.817005,-0.021221,1.199566,0.790084,0.416689,0.002306,-0.317641,-0.817105,-0.944064
10169.821005,0.016391,0.974337,0.427698,-0.001470,-0.279903,-0.648619,-1.048317,-1.232782
10169.825005,0.043239,0.702328,0.417053,-0.249914,-0.554551,-0.725116,-1.134877,-1.208014
10169.829005,0.091208,0.600218,-0.040981,-0.492888,-0.742944,-1.065960,-1.163340,-1.089546
10169.833005,-0.005063,0.266683,-0.175970,-0.851123,-0.978855,-1.228852,-1.323537,-1.075935
10169.837005,-0.040947,-0.073813,-0.752371,-1.199545,-1.261277,-1.309871,-0.990252,-0.739753
10169.841005,0.071246,-0.572198,-1.073364,-1.094241,-1.371740,-1.135460,-0.941728,-0.406123
10169.845005,0.030203,-0.851397,-1.154324,-1.369171,-1.460188,-1.009106,-0.513718,-0.127318
10169.849005,-0.031356,-1.118847,-1.259668,-1.391649,-1.311366,-0.767588,-0.249136,0.273084
10169.853005,-0.049461,-1.315771,-1.442756,-1.317712,-0.962944,-0.435186,0.126358,0.582714
10169.857005,0.019905,-1.418135,-1.316004,-1.030149,-0.490491,-0.000060,0.694276,1.084363
10169.861005,0.099972,-1.575452,-1.136813,-0.702377,-0.247057,0.134378,0.636383,1.239161
10169.865005,-0.053796,-1.483093,-0.910966,-0.534175,0.005514,0.945147,1.243523,1.423079
10169.869005,-0.141256,-1.192930,-0.662578,-0.059255,0.559022,0.979347,1.349184,1.385810
10169.873005,-0.197992,-0.931652,-0.250102,0.397844,1.027681,1.425810,1.639056,1.498539
10169.883902,0.065537,-0.592054,0.313492,0.841440,1.405187,1.305330,1.689322,1.216976
10169.887902,0.111918,-0.017059,0.733453,1.202613,1.647640,1.660812,1.651719,1.044123
10169.891902,-0.103492,0.457267,1.155191,1.562345,1.541587,1.506634,1.299140,0.880306
10169.895902,-0.070232,0.809579,1.519909,1.496010,1.721697,1.193823,0.926857,0.288849
10169.899902,-0.078246,1.464841,1.638269,1.704812,1.508882,1.037069,0.706364,-0.184073
10169.903902,0.185477,1.514781,1.753570,1.591652,1.197251,0.702326,0.221524,-0.490743
10169.907902,0.002451,1.620274,1.755406,1.374233,0.817276,0.325190,-0.558992,-1.047178
10169.911902,0.044654,1.849803,1.431433,1.265223,0.495869,-0.233744,-1.031428,-1.509948
10169.915902,-0.038589,1.667028,1.302229,0.637067,0.118934,-0.758523,-1.286818,-1.579598
10169.919902,-0.057936,1.289382,0.832026,0.278701,-0.520733,-1.095126,-1.752614,-1.994961
10169.923902,0.055057,1.101313,0.311218,-0.437209,-1.015761,-1.528766,-1.939568,-1.841655
10169.927902,-0.147878,0.552797,-0.240349,-0.829021,-1.467222,-1.640148,-1.846699,-1.825133
10169.931902,0.088392,0.090503,-0.546323,-1.389212,-1.646303,-1.688584,-1.734478,-1.478940
10169.935902,0.112267,-0.481834,-1.047576,-1.387231,-1.940755,-1.816453,-1.367935,-0.932508
10169.939902,0.068785,-1.109990,-1.589019,-1.758369,-1.947864,-1.746706,-1.101985,-0.490571
10169.943902,-0.084740,-1.274490,-1.876601,-2.098608,-1.772276,-1.518080,-0.898007,-0.135736
10169.947902,0.012967,-1.611964,-1.965198,-2.007487,-1.664138,-1.135692,-0.188845,0.408044
10169.951902,0.018376,-2.084623,-1.816613,-1.689377,-1.333116,-0.546424,0.295899,0.909732
10169.955902,0.031713,-1.845154,-1.710459,-1.359646,-0.563715,0.070400,0.787201,1.416349
10169.959902,0.003904,-1.847622,-1.609979,-0.805878,-0.048939,0.835429,1.093361,1.751764
10169.963902,-0.085031,-1.598414,-0.997771,-0.403010,0.336704,1.036943,1.617872,1.976770
10169.967902,0.033124,-1.155883,-0.646334,0.231685,0.800473,1.375709,1.986893,2.024004
10169.971902,-0.054018,-0.936638,-0.136272,0.702248,1.361632,1.661694,1.864594,1.887326
10169.975902,0.057924,-0.398051,0.317680,1.171913,1.479051,1.932849,2.003101,1.595010
10169.979902,-0.156787,0.382482,0.974759,1.589018,2.011252,1.967717,1.718425,1.362960
10169.983902,-0.081833,0.856835,1.301162,1.774906,2.029126,1.990592,1.428955,0.625352
10169.987902,0.071107,1.160833,1.809278,2.014625,1.773328,1.604217,0.850711,0.367092
10169.991902,-0.157264,1.603727,1.849124,2.112975,1.544968,1.402055,0.424070,-0.375100
10169.995902,0.077261,1.870858,1.907383,1.730766,1.297113,0.612140,-0.006653,-0.834865
10169.999902,0.046275,1.942842,1.953042,1.435596,0.800133,0.092727,-0.484333,-1.359414
10170.003902,-0.053083,1.964849,1.628055,0.980645,0.253675,-0.327478,-1.234148,-1.570001
10170.007902,-0.046707,1.520939,1.334628,0.673424,-0.115496,-0.960860,-1.551138,-1.931701
10170.011902,-0.072098,1.459253,0.784157,0.009222,-0.773015,-1.337697,-1.670439,-1.956442
10170.015902,-0.135506,1.000419,0.330347,-0.410414,-1.120128,-1.670282,-1.668189,-2.018717
10170.019902,0.148978,0.557835,-0.027035,-1.121161,-1.393848,-1.719363,-1.947833,-1.771937
10170.023902,0.212301,-0.112844,-0.664673,-1.241609,-1.817195,-1.953665,-1.601310,-1.378828
10170.027902,-0.055756,-0.824063,-1.104944,-1.732069,-1.836056,-1.857232,-1.356641,-0.773474
10170.031902,-0.099545,-1.074741,-1.507772,-1.724313,-1.868953,-1.587788,-1.058338,-0.498313
10170.035902,-0.045346,-1.435438,-1.690043,-1.711331,-1.794657,-1.184955,-0.597358,0.062827
10170.039902,-0.095975,-1.668311,-1.932962,-1.735089,-1.500698,-0.925744,0.001409,0.638825
10170.043902,0.017208,-1.882465,-1.738939,-1.539660,-0.918581,-0.365057,0.299411,0.996583
10170.047902,0.042334,-1.929405,-1.437175,-1.295820,-0.539536,0.309559,0.905057,1.393814
10170.051902,0.115051,-1.783140,-1.331997,-0.879372,0.065517,0.731388,1.327066,1.685790
10170.055902,0.008129,-1.413989,-0.865649,-0.218035,0.376050,0.872212,1.768499,1.719068
10170.059902,-0.017564,-0.946216,-0.397233,0.118282,0.797307,1.515159,1.782903,1.705312
10170.063902,-0.004132,-0.615656,0.079806,0.763308,1.238716,1.709560,1.811142,1.684521
10170.067902,0.077070,-0.071854,0.478126,1.101465,1.449425,1.741743,1.566459,1.367880
10170.071902,0.119948,0.324102,0.884757,1.460084,1.770931,1.596056,1.431147,0.983593
10170.075902,-0.027802,0.807056,1.106539,1.625825,1.849652,1.550909,1.095688,0.401009
10170.079902,-0.034308,1.147021,1.504019,1.522277,1.571084,1.125485,0.634454,0.156938
10170.076884,-0.023861,1.314981,1.499646,1.501802,1.255064,0.931219,0.249913,-0.257304
10170.080884,-0.116827,1.658126,1.561714,1.361680,0.957396,0.654601,-0.236795,-0.571014
10170.084884,0.086349,1.446400,1.340368,1.116650,0.601667,-0.044725,-0.653849,-0.949484
10170.088884,0.015391,1.512693,1.204789,0.743148,0.387544,-0.363516,-0.686651,-1.256117
10170.092884,-0.065231,1.391494,0.861624,0.491624,-0.310241,-0.945978,-1.202231,-1.306033
10170.096884,-0.063061,1.039195,0.426461,0.025740,-0.657261,-1.051508,-1.405059,-1.531355
10170.100884,-0.192266,0.504095,0.070437,-0.407612,-0.748968,-1.325979,-1.483370,-1.481716
10170.104884,0.085556,0.312820,-0.240848,-0.748916,-1.199232,-1.227700,-1.435261,-1.192342
10170.108884,-0.101632,-0.135772,-0.705802,-1.100934,-1.409689,-1.440909,-1.356511,-0.828404
10170.112884,-0.086223,-0.310762,-0.810227,-1.193233,-1.255746,-1.139607,-1.001088,-0.553204
10170.116884,0.107812,-0.651167,-1.174441,-1.032534,-1.370060,-1.248027,-0.476696,-0.106758
10170.120884,0.018539,-0.902497,-1.262843,-1.398259,-1.112535,-0.817867,-0.413671,0.106152
10170.124884,-0.058867,-1.160408,-1.157489,-1.040179,-0.799524,-0.690804,-0.079193,0.377984
10170.128884,0.119670,-1.234517,-1.294868,-0.823464,-0.534607,0.139119,0.198076,0.711723
10170.132884,-0.103710,-1.199456,-1.018875,-0.744514,-0.217533,0.204676,0.599521,1.042048
10170.136884,0.055811,-0.878829,-0.692554,-0.316208,0.160060,0.357144,0.738450,1.021193
10170.140884,0.004152,-0.907449,-0.367712,0.089023,0.478797,0.618327,1.013180,0.987095
10170.144884,0.007049,-0.415212,-0.032314,0.173790,0.517242,0.983533,0.961215,0.660972
10170.148884,0.043996,-0.345619,0.071938,0.510249,0.547956,0.979623,0.784532,0.752105
10170.152884,0.031817,-0.131495,0.212657,0.661604,0.878166,0.878958,0.893656,1.042892
10170.156884,-0.148983,0.000765,0.634265,0.621433,0.881798,0.882091,0.669396,0.449697
10170.160884,0.170931,0.355491,0.776605,0.651356,0.831763,0.738380,0.470100,0.290054
10170.164884,0.004329,0.588575,0.640768,0.659281,0.588956,0.456909,0.138131,0.160527
10170.168884,-0.030803,0.633201,0.595673,0.883064,0.518009,0.266693,0.008454,-0.239243
10170.172884,-0.030381,0.518049,0.739072,0.442652,0.451622,-0.002153,-0.111510,-0.471376
10170.176884,-0.072779,0.664233,0.668769,0.583635,0.228292,-0.049036,-0.376913,-0.648894
10170.180884,0.062033,0.509155,0.418889,0.198020,-0.050305,-0.130474,-0.217106,-0.638035
10170.184884,-0.187401,0.397589,0.199404,0.198358,-0.072771,-0.118401,-0.337881,-0.505034
10170.188884,0.014757,0.330205,0.035231,-0.014287,-0.095999,-0.436011,-0.480023,-0.403781
10170.192884,0.149888,0.085573,0.021789,-0.167853,-0.329108,-0.578651,-0.498425,-0.513465
10170.196884,-0.013446,-0.004180,-0.223478,-0.260952,-0.141843,-0.438793,-0.398653,-0.315089
10170.200884,-0.072836,-0.211674,0.008367,-0.448034,-0.488410,-0.245887,-0.480655,-0.111602
10170.204884,0.086118,-0.198275,-0.200255,-0.264630,-0.355751,-0.310505,-0.200522,-0.139235
10170.208884,0.057566,-0.163768,-0.157252,-0.264001,-0.149760,-0.081389,-0.297919,0.022934
10170.212884,-0.069462,-0.191336,-0.141494,-0.159579,-0.168059,-0.029414,-0.013912,-0.039124
10170.216884,0.109869,-0.013579,-0.123693,-0.166825,-0.157189,0.130364,-0.006609,0.073322
10170.220884,0.042224,-0.351602,-0.161849,0.165697,-0.310057,-0.151298,-0.017646,-0.047100
10170.224884,-0.075090,-0.139835,-0.037243,0.022990,0.036598,-0.075862,0.112409,0.035973
10170.228884,0.107111,0.050497,-0.011004,-0.017361,0.031764,0.113517,-0.007537,-0.003423
10170.232884,0.056512,-0.125386,-0.115729,0.020125,-0.125994,-0.080874,-0.071597,0.165907
10170.236884,-0.017673,-0.152664,0.032210,0.064823,-0.026810,-0.064513,-0.198703,-0.162073
10170.240884,-0.084908,-0.036789,-0.052678,-0.003531,0.143388,-0.157168,-0.118745,-0.388678
10170.244884,-0.043968,0.138291,-0.090576,-0.180270,0.076317,-0.106245,-0.125221,-0.155099
10170.248884,0.027200,0.121257,0.038406,-0.302722,-0.437620,-0.254640,-0.128040,0.062505
10170.252884,-0.010501,-0.223571,-0.164526,-0.413072,-0.340734,-0.264393,-0.179728,0.074012
10170.256884,0.053552,-0.346511,-0.383411,-0.092722,-0.472772,-0.422168,-0.228682,0.071533
10170.260884,0.113694,-0.402218,-0.480404,-0.466203,-0.475002,-0.004783,-0.022915,0.182053
10170.264884,0.085290,-0.330770,-0.478426,-0.464044,-0.235219,-0.070976,0.070465,0.164851
10170.268884,0.038908,-0.382984,-0.270487,-0.383603,0.052491,-0.030070,0.286102,0.525641
10170.272884,0.055252,-0.376854,-0.490079,-0.216400,0.001177,0.351758,0.394840,0.557868
10170.300020,-0.025830,-0.433762,-0.355700,-0.160440,0.141115,0.309560,0.530392,0.694303
10170.304020,-0.133755,-0.410327,0.088200,-0.048596,0.258985,0.584258,0.492660,0.639540
10170.308020,0.167305,-0.280730,-0.031394,0.162780,0.455388,0.654587,0.923916,0.615449
10170.312020,-0.013924,-0.031113,0.178976,0.282167,0.835583,0.819461,0.822404,0.578802
10170.316020,0.115880,0.038684,0.482802,0.741301,0.928518,0.823970,0.690626,0.439319
10170.320020,-0.147830,0.362553,0.622399,0.904692,0.896223,0.890301,0.570733,0.203381
10170.324020,0.128253,0.515630,0.802614,0.802026,0.713151,0.519435,0.269207,0.010584
10170.328020,-0.035064,0.852356,0.958161,0.669520,0.748316,0.375931,-0.063894,-0.242837
10170.332020,0.006367,0.975761,1.040654,0.765553,0.469924,0.213898,-0.212597,-0.255566
10170.336020,-0.015946,1.024244,0.836662,0.579314,0.170652,-0.093907,-0.471264,-0.662665
10170.340020,-0.032462,0.965544,0.819347,0.452105,0.153908,-0.212921,-0.722140,-1.069437
10170.344020,-0.024558,0.926300,0.457626,0.159083,-0.396140,-0.603054,-1.057510,-1.138548
10170.348020,-0.025517,0.594695,0.330593,-0.230198,-0.404874,-0.768633,-0.996810,-1.144083
10170.352020,0.024832,0.451643,0.067185,-0.281966,-0.936388,-1.060896,-1.375830,-1.163425
10170.356020,-0.015215,0.189243,-0.256113,-0.626120,-1.216590,-1.146433,-1.023482,-1.029802
10170.360020,-0.058794,-0.167648,-0.664056,-1.041278,-1.091303,-1.024442,-1.129858,-0.534224
10170.364020,-0.035558,-0.457192,-1.056193,-1.313802,-1.345299,-1.117064,-0.884154,-0.636355
10170.368020,-0.133342,-1.037047,-1.163936,-1.330364,-1.276921,-1.026271,-0.704161,-0.106047
10170.372020,0.143269,-1.088148,-1.474670,-1.397100,-1.224810,-0.695283,-0.391396,0.273753
10170.376020,-0.034416,-1.427094,-1.399012,-1.296225,-0.860011,-0.501360,-0.020058,0.613347
10170.380020,0.025006,-1.395279,-1.390376,-0.994032,-0.754891,0.029295,0.550767,0.936860
10170.384020,0.104817,-1.421699,-1.084715,-0.865174,-0.310899,0.394124,0.876036,1.123145
10170.388020,0.187010,-1.158769,-0.930536,-0.489518,0.105667,0.777492,1.336707,1.730190
10170.392020,-0.030140,-1.139966,-0.616865,0.035967,0.505821,0.961174,1.413242,1.587907
10170.396020,0.171426,-0.886036,-0.076183,0.418421,0.956751,1.229101,1.615870,1.556528
10170.400020,0.226776,-0.403528,0.408471,0.814940,1.274844,1.405284,1.713091,1.393377
10170.404020,-0.000484,0.038228,0.715456,1.140116,1.591126,1.550233,1.481293,1.165866
10170.408020,0.140761,0.543608,1.221523,1.493612,1.576787,1.799598,1.258743,0.850446
10170.412020,-0.062076,1.004307,1.454045,1.670813,1.870606,1.453556,0.901791,0.481576
10170.416020,-0.181130,1.175083,1.734607,1.744310,1.479923,1.153092,0.630236,-0.252055
10170.420020,-0.008756,1.601187,1.782374,1.703895,1.080799,0.774843,-0.135810,-0.623206
10170.424020,-0.105525,1.776604,1.789771,1.432850,0.848468,0.129733,-0.434620,-1.098274
10170.428020,0.033650,1.740844,1.699909,1.102701,0.561148,-0.280967,-0.822635,-1.362403
10170.432020,-0.068069,1.523023,1.397635,0.633384,-0.087483,-0.747674,-1.397827,-1.627276
10170.436020,-0.000896,1.434330,0.990340,0.200439,-0.367011,-1.161719,-1.768938,-1.919240
10170.440020,-0.072730,1.080531,0.557857,-0.300847,-1.019255,-1.551714,-1.760224,-1.790315
10170.444020,0.079770,0.548924,0.118970,-0.849813,-1.464015,-1.652924,-1.784213,-1.755560
10170.448020,0.067784,0.070396,-0.577300,-1.233646,-1.449075,-1.751789,-1.683474,-1.340359
10170.452020,-0.125333,-0.392235,-1.137080,-1.614345,-1.871654,-2.036519,-1.594273,-1.015639
10170.456020,0.092538,-0.989353,-1.569221,-1.928186,-1.946155,-1.807491,-1.084412,-0.476593
10170.460020,0.271506,-1.401240,-1.691795,-2.058278,-1.654177,-1.412587,-0.777767,0.097116
10170.464020,0.121458,-1.784905,-1.942713,-1.740676,-1.584322,-0.945700,-0.202621,0.643375
10170.468020,0.066778,-1.924012,-2.135623,-1.613308,-1.154485,-0.303808,0.339794,0.946204
10170.472020,-0.124631,-1.985591,-1.760929,-1.341993,-0.828033,-0.223014,0.708985,1.187265
10170.476020,-0.098158,-1.862054,-1.370979,-1.159004,-0.276235,0.632802,1.224873,1.769514
10170.480020,0.037722,-1.699615,-0.994833,-0.159479,0.265088,1.182080,1.851900,2.087718
10170.484020,-0.068905,-1.334637,-0.800050,0.086662,0.838272,1.550736,1.774986,1.991929
10170.488020,0.020832,-0.890052,-0.003852,0.636240,1.379375,1.677268,1.914541,1.970314
10170.492020,-0.167101,-0.243405,0.427451,0.965814,1.655359,2.045310,2.174427,1.806236
10170.496020,-0.093049,0.311795,0.929412,1.507049,2.024044,2.008593,1.769070,1.072522
10170.475269,0.000000,0.675302,1.465482,1.920947,2.173544,1.753650,1.590133,0.739338
10170.479269,48.175369,1.228573,1.771317,2.055599,2.027203,1.543752,0.983067,0.140772
10170.483269,84.432793,1.646275,1.866020,1.847550,1.715919,1.299655,0.618813,-0.448027
10170.487269,99.802673,1.954033,2.130875,1.854726,1.313391,0.760034,-0.345370,-0.942621
10170.491269,90.482704,1.917441,1.736600,1.448548,0.836875,0.117307,-0.598409,-1.426944
10170.495269,58.778526,1.933852,1.455726,1.082020,0.395680,-0.326572,-1.247291,-1.673593
10170.499269,12.533323,1.579661,1.269252,0.441019,-0.216661,-0.994741,-1.478162,-1.915726
10170.503269,-36.812454,1.583513,0.822487,0.154353,-0.811344,-1.391780,-1.697297,-2.043339
10170.507269,-77.051323,0.996322,0.045924,-0.488271,-1.213607,-1.700251,-2.011230,-2.028554
10170.511269,-98.228722,0.449802,-0.195733,-1.032276,-1.536538,-1.863056,-1.986202,-1.589768
10170.515269,-95.105652,-0.086537,-0.658855,-1.377432,-2.040307,-2.202807,-1.618499,-1.339809
10170.519269,-68.454712,-0.776037,-1.231726,-1.800191,-1.945899,-1.915355,-1.519143,-0.891633
10170.523269,0.037278,-1.034877,-1.555226,-2.043480,-1.888643,-1.588523,-1.101120,-0.262151
10170.527269,-0.026425,-1.549349,-1.790183,-1.948250,-1.876139,-1.287569,-0.471607,0.076107
10170.531269,0.108328,-1.619418,-1.637779,-1.726999,-1.392836,-0.806423,-0.078264,0.593302
10170.535269,-0.050844,-1.785759,-1.878032,-1.708084,-1.127428,-0.155023,0.373747,1.146085
10170.539269,-0.069781,-1.741657,-1.578117,-0.960635,-0.392907,0.264033,0.817625,1.311520
10170.543269,-0.014027,-1.688373,-1.344049,-0.647128,-0.015121,0.675136,1.423220,1.683236
10170.547269,-0.135526,-1.322403,-0.875190,-0.258307,0.373608,1.224153,1.728725,1.716669
10170.551269,0.029759,-1.013664,-0.605276,0.256954,0.739664,1.425305,1.949511,1.612030
10170.555269,0.187625,-0.441867,0.054493,0.772741,1.249259,1.594754,1.772081,1.519863
10170.559269,0.047311,-0.142235,0.416864,1.184823,1.608134,1.833935,1.598633,1.423784
10170.563269,0.216669,0.327140,0.950763,1.478547,1.451134,1.534221,1.364519,0.918128
10170.567269,0.011219,0.782493,1.132999,1.706664,1.703610,1.500848,1.140913,0.461090
10170.571269,-0.023852,1.007859,1.274285,1.622053,1.718617,1.154364,0.536240,0.123721
10170.575269,-0.047871,1.423338,1.664195,1.522674,1.350496,0.841875,0.056329,-0.430181
10170.579269,-0.082976,1.378220,1.491949,1.451407,0.982552,0.243067,-0.300213,-0.776578
10170.583269,-0.000297,1.524874,1.511871,1.134348,0.534150,-0.072421,-0.620480,-1.312715
10170.587269,0.029211,1.340019,1.314009,0.567616,0.209053,-0.619950,-1.014244,-1.294401
10170.591269,0.091738,1.353817,0.938034,0.418975,-0.154360,-0.844085,-1.251271,-1.385860
10170.595269,0.108707,0.964297,0.438172,-0.127713,-0.706041,-1.033917,-1.260991,-1.410398
10170.599269,-0.004402,0.823280,0.096408,-0.315546,-1.044180,-1.253127,-1.518605,-1.441941
10170.603269,-0.081401,0.261780,-0.332002,-0.990478,-1.205509,-1.426136,-1.532491,-1.099688
10170.607269,0.066516,-0.061214,-0.457942,-1.150201,-1.399444,-1.348505,-1.207558,-0.850854
10170.611269,0.083596,-0.497465,-0.801639,-1.277332,-1.363456,-1.336568,-1.292742,-0.707874
10170.615269,0.089494,-0.655190,-1.225226,-1.168985,-1.477638,-1.122625,-0.695709,-0.074255
10170.619269,0.180643,-1.029817,-1.201785,-1.120390,-0.842786,-0.629351,-0.435840,0.254014
10170.623269,-0.064603,-0.973115,-1.132299,-1.198247,-0.718962,-0.383816,0.062381,0.481357
10170.627269,-0.052366,-1.087942,-0.884983,-0.701543,-0.562171,-0.322712,0.281430,0.748126
10170.631269,0.028523,-1.006097,-0.863988,-0.560582,-0.299466,0.146073,0.494529,0.941216
10170.635269,0.086517,-0.855472,-0.959524,-0.300076,-0.036914,0.530483,0.698993,1.087327
10170.639269,-0.064741,-0.827947,-0.363565,-0.110084,0.438311,0.761845,0.917060,0.982062
10170.643269,0.127623,-0.442418,-0.002129,0.043713,0.540262,0.788165,1.022526,0.866133
10170.647269,-0.080814,-0.261386,-0.087202,0.249772,0.721335,1.168610,0.947395,0.788729
10170.651269,0.043139,0.049386,0.322534,0.560489,0.668393,0.986787,0.784631,0.687481
10170.655269,0.105665,0.194014,0.375384,0.717042,0.829293,0.870889,0.615673,0.359617
10170.659269,-0.038555,0.453901,0.738923,1.015684,0.989558,0.676338,0.405850,0.130689
10170.663269,-0.131265,0.567754,0.612324,0.648410,0.587180,0.607058,0.257993,-0.162515
10170.667269,0.088118,0.753233,0.664473,0.600269,0.456251,0.352134,0.149316,-0.201289
10170.671269,-0.134567,0.759061,0.647622,0.533941,0.413781,0.235225,-0.242699,-0.503094
10170.773914,-0.004795,0.612512,0.640906,0.528166,0.140679,-0.015657,-0.234638,-0.414277
10170.777914,-0.162118,0.586664,0.334839,0.295031,-0.094189,-0.192280,-0.418563,-0.305085
10170.781914,-0.089686,0.323887,0.417578,0.164735,-0.099624,-0.359937,-0.564939,-0.562910
10170.785914,-0.057962,0.216544,0.070566,-0.118145,-0.141025,-0.516425,-0.420727,-0.446807
10170.789914,-0.010719,0.222402,0.036176,-0.158700,-0.195404,-0.642362,-0.208899,-0.277328
10170.793914,0.168694,-0.049984,-0.100726,-0.206310,-0.368543,-0.357444,-0.336412,-0.415155
10170.797914,0.071517,0.009358,-0.242835,-0.397362,-0.306557,-0.405203,-0.248842,-0.268041
10170.801914,0.149756,-0.186865,-0.293800,-0.257182,-0.435096,-0.335565,-0.350438,-0.071307
10170.805914,0.092768,-0.191702,-0.076951,-0.310242,-0.260411,-0.080294,-0.028326,0.030756
10170.809914,0.110994,-0.152603,-0.142497,-0.239942,0.047907,-0.140551,-0.053136,0.057670
10170.813914,0.066716,-0.054342,-0.395940,0.065718,0.080935,0.088312,0.026472,0.183533
10170.817914,0.026207,-0.050402,-0.000441,-0.000119,0.072030,-0.216829,0.018432,-0.069977
10170.821914,0.093095,-0.115548,-0.048344,0.080900,0.127366,0.094617,0.090456,-0.097056
10170.825914,-0.101714,-0.112367,-0.090446,0.022145,0.097090,0.087469,-0.205206,-0.027957
10170.829914,-0.027402,-0.179607,0.110296,0.078541,-0.091140,-0.085414,-0.055711,-0.033983
10170.833914,-0.064870,-0.027143,-0.096768,0.111967,0.041909,-0.220223,-0.214604,-0.226090
10170.837914,-0.148500,0.231816,-0.105273,-0.019584,-0.178558,-0.193776,-0.201689,-0.110707
10170.841914,-0.018485,0.059662,0.015613,-0.231810,-0.193352,-0.388588,-0.254589,-0.146911
10170.845914,-0.019902,-0.103423,-0.133165,-0.176445,-0.487830,-0.241281,-0.235888,-0.166297
10170.849914,0.139596,-0.364378,-0.281046,-0.176875,-0.309790,-0.359931,-0.194200,0.123203
10170.853914,0.117193,-0.344277,-0.206394,-0.308774,-0.582640,-0.244933,0.077965,0.025454
10170.857914,0.152065,-0.534161,-0.554894,-0.279493,-0.216490,-0.167333,0.084223,0.100533
10170.861914,-0.112634,-0.430783,-0.484531,-0.331161,-0.212416,-0.091323,0.314666,0.187306
10170.865914,0.015305,-0.524838,-0.414928,-0.303296,-0.015405,0.111256,0.206113,0.318404
10170.869914,-0.076939,-0.599377,-0.319740,-0.206399,0.061033,0.100078,0.386395,0.582808
10170.772347,0.104000,-0.618491,-0.123788,0.095608,0.292756,0.527923,0.512840,0.536364
10170.776347,0.008491,-0.338834,-0.191353,0.189812,0.511634,0.643579,0.657775,0.408600
10170.780347,-0.153593,-0.227546,0.122370,0.183397,0.553076,0.749760,0.703960,0.571990
10170.784347,-0.148257,0.051012,0.200806,0.682843,0.708985,0.796029,0.794630,0.518884
10170.788347,0.046990,0.128477,0.397671,0.598557,0.747747,0.988199,0.558551,0.478089
10170.792347,-0.022698,0.308310,0.752007,0.771034,0.800214,0.847996,0.495715,0.247093
10170.796347,-0.002777,0.630664,0.699737,0.982520,0.847432,0.709484,0.346886,0.097162
10170.800347,0.015161,0.963603,0.845489,0.824139,0.911559,0.533638,0.286922,-0.204191
10170.804347,-0.027807,1.147773,0.789457,0.913690,0.315182,0.368615,-0.269142,-0.556036
10170.808347,-0.096700,1.086627,0.909708,0.825865,0.276529,-0.173006,-0.491001,-0.601534
10170.812347,0.104303,1.129549,0.748749,0.339492,0.209449,-0.484881,-0.708088,-1.028889
10170.816347,0.007540,0.744300,0.687744,0.335427,-0.131652,-0.745950,-0.893178,-1.113071
10170.820347,-0.000066,0.899455,0.292673,-0.044389,-0.718239,-0.885167,-1.012047,-1.164695
10170.824347,0.061481,0.397302,-0.024084,-0.450179,-0.883726,-1.006124,-1.086284,-1.048447
10170.828347,-0.253159,0.134615,-0.230615,-0.764504,-1.089836,-1.130943,-1.096291,-0.923652
10170.832347,-0.148843,-0.291526,-0.609622,-1.227497,-1.070817,-1.248515,-1.167721,-0.818599
10170.836347,0.120703,-0.658823,-1.143893,-1.324783,-1.283222,-1.039997,-0.783199,-0.515520
10170.840347,0.028310,-0.829416,-1.173488,-1.542001,-1.321082,-0.958979,-0.441695,-0.083111
10170.844347,0.109291,-1.056678,-1.395584,-1.497105,-1.048740,-0.598138,-0.327822,0.374828
10170.848347,0.015040,-1.487196,-1.414989,-1.330831,-0.890089,-0.412551,0.033772,0.503281
10170.852347,-0.045813,-1.301340,-1.489126,-1.005874,-0.560906,-0.123851,0.409560,1.040604
10170.856347,-0.002801,-1.503161,-1.165282,-0.624881,-0.118669,0.352002,0.531281,1.243236
10170.860347,-0.100372,-1.354303,-0.984603,-0.452410,0.279737,0.716041,1.165933,1.513326
10170.864347,-0.105751,-1.138139,-0.737351,0.057378,0.614441,1.304315,1.273164,1.653926
10170.868347,-0.175344,-0.877678,-0.403694,0.435544,1.008417,1.352067,1.358177,1.475783
10170.872347,0.012921,-0.469182,0.250293,0.953492,1.251630,1.464617,1.590025,1.561156
10170.876347,0.050508,-0.083688,0.827501,1.169819,1.522781,1.516805,1.509519,0.920713
10170.880347,-0.112658,0.583418,1.104526,1.419490,1.650895,1.661160,1.308589,0.821980
10170.884347,-0.118803,0.881474,1.613131,1.631165,1.621743,1.422954,0.960950,0.224426
10170.888347,-0.248924,1.288724,1.644673,1.544711,1.561231,1.147423,0.620866,-0.256162
10170.892347,0.036738,1.652505,1.899523,1.724654,1.383218,0.736459,0.009870,-0.492529
10170.896347,-0.126922,1.909500,1.802382,1.393503,0.754851,0.254289,-0.494430,-1.215821
10170.900347,-0.057153,1.874214,1.558703,1.073899,0.312379,-0.249300,-0.738771,-1.421029
10170.904347,-0.036152,1.747545,1.397351,0.813425,0.011566,-0.881842,-1.203953,-1.729524
10170.908347,-0.052650,1.331695,0.930733,0.286167,-0.591341,-1.095457,-1.508422,-1.793977
10170.912347,0.000055,1.054015,0.340028,-0.243597,-0.882451,-1.508235,-1.859248,-1.782685
10170.916347,-0.090309,0.745040,0.008025,-0.765666,-1.443300,-1.791545,-2.048482,-1.767778
10170.920347,0.073484,0.035678,-0.380486,-1.306757,-1.796421,-1.857112,-1.751943,-1.280392
10170.924347,-0.025625,-0.499581,-1.151501,-1.488887,-1.716145,-1.924675,-1.580877,-0.890046
10170.928347,0.073536,-0.969840,-1.608884,-1.910177,-1.832035,-1.846661,-1.199468,-0.593451
10170.932347,-0.075899,-1.399485,-1.693033,-1.886370,-1.700329,-1.475176,-0.939905,-0.014751
10170.936347,-0.004048,-1.738660,-2.132824,-1.799740,-1.845367,-0.907908,-0.192593,0.560067
10170.940347,-0.009413,-2.129928,-2.102721,-1.770087,-0.989757,-0.388785,0.261099,0.938566
10170.944347,0.010295,-1.886651,-1.770109,-1.494515,-0.561266,0.100841,0.751125,1.463521
10170.948347,0.118479,-1.850598,-1.474392,-0.763831,-0.238977,0.494733,1.222977,1.837501
10170.952347,0.095811,-1.642284,-1.200008,-0.224362,0.255677,1.043579,1.570690,2.049124
10170.956347,-0.017712,-1.137292,-0.546716,0.050573,0.860556,1.451594,2.026999,2.069322
10170.960347,-0.158618,-0.790959,-0.093967,0.553912,1.264145,1.785571,1.771052,1.896417
10170.964347,0.008496,-0.344089,0.463806,1.146410,1.587443,1.907834,1.866036,1.682652
10170.968347,-0.106549,0.176622,0.976849,1.415779,1.877875,1.988169,1.761409,1.274058
10171.078687,-0.077325,0.654877,1.366279,1.866043,1.969826,1.734960,1.634580,0.685222
10171.082687,-0.133726,1.169782,1.832305,2.042825,2.101869,1.467026,0.943954,0.333183
10171.086687,-0.104944,1.735619,1.947207,1.892034,1.528239,1.221232,0.607830,-0.284666
10171.090687,0.039658,1.900645,2.084620,1.929823,1.058379,0.649450,-0.149523,-0.824593
10171.094687,-0.039643,2.029233,1.921999,1.313377,0.674582,0.219290,-0.709901,-1.129951
10171.098687,0.085237,1.764240,1.561382,1.113355,0.327183,-0.419699,-1.226103,-1.623886
10171.102687,0.001961,1.828819,1.265098,0.530396,-0.160005,-0.877952,-1.515396,-1.763385
10171.106687,-0.108573,1.522052,0.682742,0.120966,-0.907320,-1.382369,-1.701833,-2.009792
10171.110687,-0.010408,1.029194,0.048486,-0.453193,-1.268803,-1.591407,-1.951716,-1.875337
10171.114687,-0.122146,0.578746,-0.263391,-1.131495,-1.603317,-1.821120,-1.923823,-1.621158
10171.118687,-0.041645,0.085289,-0.633784,-1.571937,-1.747653,-1.791015,-1.735432,-1.357681
10171.122687,-0.137952,-0.590652,-1.273470,-1.612072,-1.820135,-1.864552,-1.590554,-1.129206
10171.126687,0.053455,-0.983390,-1.780122,-1.818405,-1.798422,-1.889825,-1.199404,-0.167333
10171.130687,0.002274,-1.192295,-1.770825,-1.783344,-1.736759,-1.326264,-0.781180,0.164981
10171.134687,-0.086878,-1.788878,-2.032096,-1.770420,-1.325523,-0.840239,-0.139684,0.771402
10171.138687,-0.162169,-1.651554,-1.950320,-1.533797,-0.959883,-0.222051,0.245462,1.085580
10171.142687,-0.061693,-1.731325,-1.681276,-1.353703,-0.488136,0.187205,1.053895,1.525180
10171.146687,-0.087963,-1.593092,-1.293543,-0.646404,-0.098734,0.637416,1.335798,1.745742
10171.150687,-0.210742,-1.366928,-0.980632,-0.207606,0.303785,1.186349,1.627260,1.701374
10171.154687,0.040177,-1.061249,-0.370437,0.122936,0.792534,1.353949,1.718080,1.920121
10171.158687,0.017234,-0.524967,-0.032587,0.663987,1.210009,1.619646,1.818409,1.563775
10171.162687,-0.030277,-0.088308,0.472931,1.036444,1.501014,1.904133,1.734661,1.510661
10171.166687,-0.130239,0.363179,0.901651,1.379422,1.513636,1.800852,1.257370,1.041189
10171.170687,-0.039409,0.664651,1.174767,1.596450,1.633664,1.495319,0.893287,0.316133
10171.174687,-0.182074,1.196362,1.639510,1.619328,1.620564,1.245898,0.808795,0.187773
10171.072208,-0.123620,1.398862,1.683781,1.659395,1.385701,0.842144,0.320763,-0.519782
10171.076208,-0.137158,1.679892,1.685520,1.542554,0.965772,0.330874,-0.207817,-0.584297
10171.080208,-0.083851,1.539573,1.558304,1.105495,0.552504,0.070664,-0.648023,-1.056633
10171.084208,-0.241422,1.290529,1.169687,0.872237,0.155707,-0.426040,-0.924702,-1.375119
10171.088208,-0.160913,1.335984,0.895887,0.373426,-0.354078,-0.634832,-1.255396,-1.309776
10171.092208,-0.210964,0.938568,0.646149,-0.082913,-0.866305,-1.174327,-1.343712,-1.312758
10171.096208,-0.028766,0.743622,0.137771,-0.493675,-0.855666,-1.177951,-1.448415,-1.421160
10171.100208,-0.161713,0.297450,-0.343227,-0.731152,-1.132633,-1.328328,-1.374017,-1.272512
10171.104208,0.047278,-0.039085,-0.395754,-1.097392,-1.394435,-1.461810,-1.200653,-0.783936
10171.108208,0.089086,-0.314994,-0.866381,-1.320151,-1.288776,-1.435372,-0.986226,-0.575313
10171.112208,0.046011,-0.721461,-1.171254,-1.333101,-1.228351,-0.971833,-0.575384,-0.228200
10171.116208,-0.004915,-1.087679,-1.297807,-1.417771,-1.130834,-0.620260,-0.173132,0.223163
10171.120208,0.100560,-1.032213,-1.178253,-1.339568,-0.602916,-0.457435,0.001309,0.624434
10171.124208,0.015976,-0.897858,-1.188244,-0.788725,-0.568262,-0.102282,0.248115,0.670544
10171.128208,0.129036,-1.044148,-0.894273,-0.797915,-0.396548,0.106106,0.563073,0.904946
10171.132208,0.031634,-0.860141,-0.561674,-0.327689,-0.017302,0.544414,0.822285,1.060548
10171.136208,0.120603,-0.804084,-0.298300,-0.197395,0.415279,0.622575,0.950648,1.060294
10171.140208,-0.035076,-0.589544,-0.251331,0.246686,0.632601,1.015762,0.945723,0.807505
10171.144208,0.047246,-0.439421,0.260537,0.526732,0.632003,0.744690,0.849857,0.879494
10171.148208,-0.076923,0.065886,0.429158,0.570945,0.913591,1.017525,0.888276,0.694585
10171.152208,-0.056231,0.427774,0.423744,0.695425,0.938699,0.783765,0.642853,0.285792
10171.156208,-0.046927,0.658160,0.612956,0.910252,0.746751,0.583127,0.399796,0.265560
10171.160208,-0.218249,0.725788,0.759082,0.721722,0.611927,0.466044,0.381315,-0.184022
10171.164208,-0.005513,0.747014,0.507846,0.615795,0.392140,0.196727,0.079813,-0.153222
10171.168208,-0.040989,0.502709,0.566478,0.593732,0.367115,0.012858,-0.177626,-0.290956
10171.172208,0.020088,0.511590,0.576209,0.345188,0.126387,-0.035287,-0.390393,-0.513990
10171.176208,0.104700,0.781455,0.246652,0.150042,0.134512,-0.323694,-0.400381,-0.338340
10171.180208,-0.072792,0.395952,0.142416,0.148619,-0.302267,-0.377092,-0.575423,-0.547642
10171.184208,0.185560,0.329681,0.150112,-0.028245,-0.235361,-0.244439,-0.378463,-0.599570
10171.188208,0.097483,0.183325,0.042827,-0.365632,-0.301626,-0.406644,-0.493305,-0.283397
10171.192208,-0.163573,0.343825,-0.216326,-0.187303,-0.306972,-0.255670,-0.192762,-0.335992
10171.196208,0.017583,-0.096625,-0.269249,-0.261531,-0.319703,-0.319662,-0.313558,-0.154674
10171.200208,0.078180,-0.238714,-0.142720,-0.103431,-0.402804,-0.233510,-0.139383,-0.014200
10171.204208,0.089651,-0.028296,-0.188789,-0.324953,-0.249569,-0.025442,-0.187903,0.037007
10171.208208,0.084515,-0.086246,-0.079852,-0.174999,-0.154838,0.086054,0.165406,0.181352
10171.212208,0.054921,-0.177630,-0.111364,-0.123913,0.030027,0.002115,0.070195,0.055433
10171.216208,-0.249454,0.055876,-0.076704,0.042351,-0.064192,0.160563,-0.026179,0.045011
10171.220208,0.001596,-0.175155,0.020994,0.070016,0.038509,0.238072,-0.073955,-0.150794
10171.224208,-0.119123,0.030084,0.135042,0.023780,-0.052788,0.136986,-0.031620,-0.161699
10171.228208,0.099873,0.116627,0.051068,0.160498,-0.040805,-0.026472,-0.167831,-0.145746
10171.232208,-0.047386,0.128071,-0.055793,-0.046582,-0.102340,-0.116251,-0.201456,-0.140733
10171.236208,-0.115257,0.032742,-0.034657,-0.088282,-0.088753,0.009095,-0.338669,-0.184552
10171.240208,-0.091309,0.016287,-0.029142,-0.291106,-0.181957,-0.138683,-0.159884,-0.182501
10171.244208,0.067598,-0.118037,-0.094278,-0.213723,-0.294064,-0.385372,-0.202693,-0.225283
10171.248208,-0.108703,-0.223506,-0.283334,-0.440217,-0.333513,-0.288716,-0.232545,-0.079578
10171.252208,0.064463,-0.331243,-0.301737,-0.380471,-0.226560,-0.153146,-0.125803,-0.026955
10171.256208,0.048502,-0.443169,-0.580732,-0.319197,-0.362922,-0.371736,-0.010306,0.253404
10171.260208,-0.058970,-0.504255,-0.405974,-0.418331,-0.243445,0.031697,0.193993,0.313701
10171.264208,-0.166703,-0.457106,-0.485179,-0.258999,-0.275062,0.173762,0.187133,0.464189
10171.268208,0.093323,-0.478976,-0.348983,-0.189315,-0.100492,0.370382,0.527533,0.496234
10171.288942,-0.342795,-0.369287,-0.462658,0.004723,0.118123,0.449406,0.449941,0.616685
10171.292943,-0.170633,-0.367414,-0.129276,0.202685,0.322844,0.582336,0.613396,0.698000
10171.296943,0.039111,-0.130179,-0.059110,0.316466,0.571866,0.860558,0.908716,0.498169
10171.300943,-0.061486,-0.276124,0.485875,0.549970,0.749341,0.727488,0.710979,0.668255
10171.304943,-0.104621,0.080127,0.453663,0.690695,0.852210,0.784320,0.564439,0.378638
10171.308943,0.017697,0.487972,0.772803,0.793917,0.774097,0.649878,0.638606,0.181076
10171.312943,-0.076368,0.656775,0.993134,0.804294,0.884359,0.582608,0.346463,0.072664
10171.316943,0.121599,0.773423,1.011082,0.926944,0.773129,0.574498,0.029305,-0.187997
10171.320943,0.015687,1.079425,1.012316,0.818591,0.656295,0.161208,-0.206417,-0.600532
10171.324943,-0.062678,0.753895,0.877117,0.680303,0.418465,-0.147014,-0.493963,-0.782958
10171.328943,0.076548,1.031871,0.841308,0.559676,0.117579,-0.407407,-0.537656,-1.152560
10171.332943,0.089831,0.959223,0.727097,0.175060,-0.285753,-0.744874,-1.042951,-1.112643
10171.336943,-0.084210,0.662374,0.230165,-0.008929,-0.615991,-0.852192,-1.117759,-1.114970
10171.340943,-0.026232,0.555848,0.083893,-0.315773,-0.895564,-1.180640,-1.234480,-1.101868
10171.344943,0.052695,0.103750,-0.294834,-0.766412,-1.094185,-1.225336,-1.044846,-0.904448
10171.348943,0.104906,-0.143384,-0.472834,-0.930490,-1.377344,-1.189370,-1.063472,-0.703226
10171.352943,-0.149997,-0.679228,-0.961099,-1.401042,-1.242425,-1.185418,-0.710149,-0.434428
10171.356943,0.069386,-0.806314,-1.187801,-1.333302,-1.295344,-1.276651,-0.516041,-0.009665
10171.360943,0.086381,-1.136082,-1.371098,-1.476988,-1.287119,-0.842782,-0.265270,0.293020
10171.364943,-0.051503,-1.479580,-1.486331,-1.285927,-1.090536,-0.434193,0.259487,0.553755
10171.368943,0.211928,-1.526775,-1.394037,-1.030012,-0.625390,-0.238210,0.518887,0.988985
10171.372943,-0.026286,-1.445652,-1.168219,-0.876160,-0.189046,0.278220,1.022839,1.371131
10171.376943,-0.099660,-1.210956,-0.908936,-0.367808,0.153949,0.704530,1.166012,1.370357
10171.380943,-0.187099,-1.168152,-0.664594,-0.113878,0.649491,1.121856,1.377283,1.525770
10171.384943,0.022309,-0.850784,-0.444550,0.548284,0.969689,1.411311,1.593881,1.384739
10171.388943,-0.068697,-0.379056,0.233198,0.731972,1.343275,1.630255,1.560045,1.479850
10171.392943,0.053289,0.105904,0.641963,1.194259,1.629483,1.500760,1.356247,1.075350
10171.396943,-0.002022,0.512872,1.144064,1.519025,1.672385,1.561261,1.351972,0.875784
10171.400943,-0.029610,0.991165,1.393826,1.549868,1.500988,1.528274,1.018865,0.364413
10171.404943,0.099824,1.240803,1.735668,1.756483,1.491476,0.883438,0.380608,0.025583
10171.408943,0.168535,1.455536,1.552068,1.769770,1.269501,0.649183,-0.068336,-0.743704
10171.412943,0.130456,1.781876,1.543978,1.356924,1.072045,0.291474,-0.570620,-1.122536
10171.416943,-0.010952,1.878856,1.549844,1.235760,0.495457,-0.460212,-0.842656,-1.443037
10171.420943,-0.050558,1.712205,1.245938,0.695501,-0.075211,-0.773943,-1.192437,-1.678859
10171.424943,0.040954,1.371321,0.982912,0.211052,-0.558350,-1.033076,-1.652171,-1.812517
10171.428943,-0.120253,1.006691,0.483309,-0.324762,-0.987182,-1.530378,-1.819660,-1.885891
10171.432943,-0.047070,0.589893,-0.135114,-0.769133,-1.357576,-1.640622,-1.805207,-1.779776
10171.436943,-0.066987,0.206049,-0.553180,-1.153198,-1.704051,-1.916805,-1.755885,-1.554332
10171.440943,-0.019771,-0.214815,-1.126197,-1.610773,-1.900567,-1.714756,-1.684350,-0.960883
10171.444943,-0.039970,-0.975978,-1.657783,-1.671071,-1.841993,-1.827408,-1.343019,-0.618759
10171.448943,0.049929,-1.360930,-1.869160,-1.945004,-1.674342,-1.331629,-0.949984,-0.135627
10171.452943,-0.013088,-1.673510,-1.801212,-1.884180,-1.493609,-1.195013,-0.296180,0.572368
10171.456943,0.188850,-2.033628,-1.956446,-1.859825,-1.192107,-0.377226,0.374532,0.997991
10171.460943,-0.025842,-1.708260,-1.818992,-1.407557,-0.758204,-0.091209,0.848490,1.495961
10171.464943,0.061252,-1.808857,-1.575302,-0.930831,-0.058668,0.546111,1.213596,1.852591
10171.468943,-0.079756,-1.773020,-1.220425,-0.132282,0.472330,1.151421,1.547109,1.992763
10171.472943,0.169352,-1.265776,-0.737435,0.197042,0.876183,1.518664,1.791994,1.908502
10171.476943,-0.047296,-0.921271,-0.093593,0.613057,1.510506,1.856335,2.068206,1.860379
10171.480943,-0.200524,-0.234736,0.449237,1.210656,1.692710,1.749225,1.900699,1.537031
10171.484943,0.020762,0.277704,1.189661,1.614865,1.867408,1.943583,1.797541,1.324750
10171.480527,-0.124575,0.740634,1.398736,1.686208,2.072017,1.870270,1.394574,0.789711
10171.484527,0.065334,1.433663,1.811454,1.871374,2.205453,1.455954,1.013164,0.211193
10171.488527,-0.011849,1.657589,1.989245,2.109929,1.634015,1.208974,0.520975,-0.083332
10171.492527,0.049966,1.759257,2.129832,1.762851,1.260723,0.814095,-0.074430,-0.863405
10171.496527,0.168590,1.933445,1.836621,1.554640,0.666536,0.159771,-0.618841,-1.387199
10171.500527,-0.001709,1.968944,1.636787,1.171016,0.398796,-0.419314,-1.045162,-1.631595
10171.504527,0.300141,1.855580,1.216979,0.421330,-0.241505,-1.118453,-1.449083,-1.915297
10171.508527,-0.076866,1.490990,0.767747,0.095079,-0.728436,-1.344770,-1.668174,-1.876849
10171.512527,0.143292,1.037294,0.101245,-0.549834,-1.333262,-1.591801,-1.937743,-1.773719
10171.516527,0.103789,0.489899,-0.081846,-0.880364,-1.539386,-1.839684,-1.790721,-1.642151
10171.520527,-0.066605,-0.148083,-0.795805,-1.459207,-1.780712,-1.988447,-1.816197,-1.226838
10171.524527,0.165595,-0.631925,-1.253014,-1.717711,-1.882962,-1.808110,-1.540947,-0.860010
10171.528527,-0.046182,-1.065683,-1.656797,-1.761490,-1.789361,-1.574540,-1.026897,-0.299886
10171.532527,0.075201,-1.344133,-1.833027,-2.041147,-1.782701,-1.037618,-0.642928,0.273067
10171.536527,0.054152,-1.694171,-1.964695,-1.842715,-1.413655,-0.828823,-0.051474,0.551459
10171.540527,-0.064181,-1.744620,-1.624909,-1.512844,-0.952054,-0.334385,0.399227,1.048076
10171.544527,-0.034976,-1.775077,-1.556651,-1.184128,-0.581991,0.142740,0.941670,1.348854
10171.548527,-0.101671,-1.662044,-1.309844,-0.731545,0.060461,0.670206,1.205335,1.689846
10171.552527,-0.065218,-1.336279,-0.893892,-0.333922,0.484761,1.018527,1.662441,1.774026
10171.556527,0.062959,-1.119383,-0.450267,0.302782,0.898052,1.337954,1.795004,1.785200
10171.560527,-0.107509,-0.655777,-0.026941,0.672646,1.232432,1.615732,1.609839,1.555756
10171.564527,0.096340,0.026025,0.409546,1.221731,1.758154,1.702011,1.697680,1.422366
10171.568527,-0.043582,0.419228,0.919790,1.506465,1.819378,1.796685,1.388222,1.012092
10171.572527,-0.046854,0.641795,1.248188,1.673228,1.643095,1.640450,1.099623,0.415602
10171.576527,-0.027402,1.052155,1.626439,1.696214,1.539980,1.285716,0.614632,-0.046294
10171.580527,-0.125621,1.196791,1.492009,1.629786,1.382057,0.758609,0.052232,-0.418202
10171.584527,0.049968,1.612397,1.601016,1.283639,1.053959,0.468098,-0.115164,-0.867178
10171.588527,0.051341,1.643758,1.301445,1.035884,0.439177,-0.086123,-0.610685,-1.249121
10171.592527,0.111222,1.578335,1.180017,0.673135,0.167705,-0.274917,-0.887206,-1.513881
10171.596527,-0.225377,1.176520,0.864996,0.168910,-0.263241,-0.955120,-1.211644,-1.431067
10171.600527,0.170419,0.967997,0.458341,0.064682,-0.555442,-1.074071,-1.402167,-1.286231
10171.604527,-0.073214,0.486352,0.079109,-0.484120,-0.813819,-1.258431,-1.328156,-1.605257
10171.608527,-0.033422,0.403249,-0.393484,-0.811303,-1.078001,-1.414016,-1.279348,-1.205372
10171.612527,-0.003737,-0.055782,-0.737434,-1.119406,-1.198278,-1.423850,-1.183011,-0.766827
10171.616527,0.009214,-0.444600,-0.749973,-0.970132,-1.299142,-1.267863,-0.868264,-0.610541
10171.620527,0.131305,-0.820165,-1.139649,-1.364736,-1.319716,-0.901438,-0.614704,-0.184890
10171.624527,0.205034,-0.971671,-1.196702,-1.335740,-1.148478,-0.841708,-0.383390,0.119632
10171.628527,-0.028515,-1.043265,-1.198113,-0.917147,-0.766448,-0.507364,0.067755,0.493482
10171.632527,0.139650,-1.067546,-1.098366,-0.717505,-0.488001,-0.052202,0.486503,0.819197
10171.636527,0.021595,-1.103735,-1.138510,-0.819246,-0.247863,0.142851,0.604557,1.016927
10171.640527,-0.077260,-1.120009,-0.838611,-0.445545,-0.046726,0.475782,0.957759,1.075358
10171.644527,0.068879,-0.743413,-0.567794,0.169143,0.310635,0.765248,0.704394,1.018509
10171.648527,-0.017188,-0.552128,-0.306526,0.237823,0.691157,1.043683,1.136192,1.087502
10171.652527,0.170886,-0.082882,0.007996,0.476096,0.605205,0.957062,0.911434,0.810924
10171.656527,-0.027361,-0.258015,0.144465,0.713689,0.757852,0.999016,0.815578,0.481443
10171.660527,-0.140057,0.157540,0.429159,0.730847,0.870054,0.855389,0.695682,0.510315
10171.664527,0.100274,0.323756,0.462456,0.714499,0.805008,0.637154,0.541032,0.059817
10171.668527,0.158035,0.633762,0.672842,0.682745,0.676084,0.632988,0.226336,-0.084399
10171.672527,-0.000495,0.508572,0.818007,0.740764,0.634059,0.464160,-0.020906,-0.216595
10171.676527,-0.009463,0.811073,0.611613,0.375023,0.324674,0.219485,-0.075535,-0.378295
10171.676440,-0.038012,0.650226,0.607291,0.423085,0.156090,-0.051590,-0.335267,-0.366565
10171.680440,-0.013166,0.440999,0.643926,0.164999,-0.067837,-0.318493,-0.456312,-0.443428
10171.684440,-0.158105,0.437191,0.212890,-0.001160,-0.297270,-0.312390,-0.617029,-0.543578
10171.688440,0.034139,0.065179,0.195631,-0.255539,-0.051467,-0.392250,-0.542138,-0.448964
10171.692440,-0.090112,-0.083122,0.111176,-0.199452,-0.294130,-0.409280,-0.507055,-0.502409
10171.696440,0.072948,0.092359,-0.108889,-0.132146,-0.335847,-0.260734,-0.212288,-0.184221
10171.700440,0.041047,-0.154878,-0.128216,-0.312345,-0.244972,-0.159246,-0.284744,-0.300675
10171.704440,0.070139,-0.118952,-0.050774,-0.254168,-0.282262,-0.239394,-0.154024,-0.290700
10171.708440,-0.081161,-0.038032,-0.267590,-0.228132,-0.236686,-0.238462,-0.116044,-0.117051
10171.712440,-0.148095,-0.126851,-0.011618,-0.097110,-0.067894,0.009894,-0.011284,0.039074
10171.716440,-0.085923,-0.041211,-0.097314,-0.179805,-0.111542,-0.149577,0.064344,0.213244
10171.720440,-0.112959,0.029140,0.050653,-0.170754,-0.237118,0.004633,0.009937,0.030094
10171.724440,0.112666,-0.059521,0.221882,-0.166305,-0.090200,-0.080929,-0.003578,0.163712
10171.728440,-0.111684,-0.068679,-0.048317,-0.002652,0.012697,-0.051746,-0.148936,-0.034049
10171.732440,0.143354,0.143662,-0.018383,0.005488,0.019559,0.034037,0.083194,-0.048502
10171.736440,-0.117256,-0.094288,0.072105,-0.181672,0.001526,-0.170617,-0.246544,-0.068704
10171.740440,-0.102297,0.083922,-0.013575,-0.285684,-0.003083,-0.042456,-0.077636,-0.050169
10171.744440,-0.072870,0.101035,-0.024137,-0.378990,-0.310316,-0.301020,-0.054605,-0.245315
10171.748440,-0.058663,-0.220935,-0.232580,-0.145544,-0.417569,-0.212396,-0.292104,0.070237
10171.752440,0.011491,-0.197110,-0.333819,-0.299281,-0.464081,-0.255206,-0.231240,-0.116921
10171.756440,0.205973,-0.152083,-0.213857,-0.287473,-0.287604,-0.087542,-0.071744,0.102953
10171.760440,0.138683,-0.309098,-0.379664,-0.313186,-0.290601,-0.113934,0.057745,0.036352
10171.764440,-0.073633,-0.396661,-0.442658,-0.374597,-0.203705,-0.256080,0.109302,0.274994
10171.768440,0.018000,-0.430019,-0.482184,-0.173532,-0.220723,0.149366,0.219274,0.537867
10171.772440,0.022086,-0.638661,-0.377274,-0.158082,0.044028,0.270725,0.395494,0.478582
10171.776440,-0.164389,-0.411658,-0.229813,0.142514,0.186839,0.429133,0.565770,0.702767
10171.780440,-0.051437,-0.353878,-0.126111,0.205241,0.592854,0.587136,0.508580,0.535432
10171.784440,0.105516,-0.384533,0.089809,0.252545,0.813286,0.557399,0.644253,0.712245
10171.788440,-0.023180,-0.098163,0.169701,0.452521,0.600654,0.757836,0.903875,0.761574
10171.792440,0.204523,0.180014,0.549317,0.702398,0.714611,0.601931,0.472719,0.432221
10171.796440,-0.136360,0.342366,0.709763,0.588152,0.991630,0.744976,0.484284,0.160865
10171.800440,0.047291,0.543584,0.963773,0.983485,0.752786,0.608490,0.456653,0.032124
10171.804440,-0.022620,0.751941,0.924807,0.861845,0.763755,0.419546,0.003621,-0.155734
10171.808440,0.054343,0.861282,0.912342,0.904688,0.485297,0.200973,-0.195459,-0.597750
10171.812440,-0.106159,1.021933,0.835145,0.628008,0.427375,-0.126633,-0.398181,-0.669600
10171.816440,-0.010712,1.064860,0.718164,0.545581,0.131796,-0.201627,-0.591504,-0.935930
10171.820440,0.276035,1.003598,0.729963,0.152268,-0.272998,-0.627443,-1.036838,-1.092157
10171.824440,-0.003927,0.842940,0.452909,-0.100215,-0.581004,-0.713313,-1.257180,-1.304849
10171.828440,0.048069,0.471424,-0.008183,-0.619635,-0.917305,-0.948165,-1.064854,-1.034152
10171.832440,-0.081614,0.133112,-0.355070,-0.815830,-1.121981,-1.234552,-1.342509,-0.865422
10171.836440,-0.013553,-0.229845,-0.806582,-0.941199,-1.339005,-1.213935,-1.185403,-0.754037
10171.840440,-0.128240,-0.549886,-0.959362,-1.209296,-1.224414,-1.148552,-0.748623,-0.614928
10171.844440,0.209133,-0.770192,-1.239891,-1.246161,-1.113052,-0.926736,-0.727005,-0.118781
10171.848440,0.075478,-1.148109,-1.313606,-1.312570,-1.260568,-0.657515,-0.276436,0.251192
10171.852440,-0.089955,-1.373407,-1.325999,-1.250025,-0.863606,-0.455886,0.107081,0.469907
10171.856440,0.039132,-1.475813,-1.340013,-1.293420,-0.367431,-0.061327,0.540031,1.019939
10171.860440,-0.031601,-1.410652,-1.093726,-0.769653,-0.156806,0.416055,0.939946,1.452204
10171.864440,0.035264,-1.341636,-0.953935,-0.379967,0.036873,0.878758,1.168671,1.456467
10171.868440,-0.130321,-1.093418,-0.735878,-0.173139,0.518271,1.072793,1.350770,1.585500
10171.872440,0.122623,-0.756275,-0.410773,0.426797,1.039225,1.347261,1.608231,1.555521
10171.882838,-0.109974,-0.257270,0.224163,0.812535,1.354218,1.412820,1.724713,1.281362
10171.886839,0.180922,0.179897,0.590867,1.244560,1.450555,1.536351,1.244899,1.179557
10171.890839,-0.045651,0.601126,1.114408,1.373128,1.754400,1.643364,1.222340,0.853280
10171.894839,-0.027047,0.873620,1.400523,1.633862,1.519304,1.147029,1.103580,0.437400
10171.898839,0.147810,1.411085,1.605215,1.704035,1.472961,1.167983,0.570893,-0.180671
10171.902839,0.043813,1.713349,1.751460,1.523102,1.323252,0.598922,-0.025835,-0.591886
10171.906839,0.061867,1.766478,1.621915,1.705641,0.861611,0.306819,-0.489340,-1.151549
10171.910839,0.005199,1.739683,1.569221,1.032441,0.482673,-0.306088,-0.788492,-1.395005
10171.914839,-0.012539,1.671123,1.233112,0.687315,0.126889,-0.774769,-1.287115,-1.767032
10171.918839,-0.248191,1.490385,0.984338,0.234025,-0.291100,-1.195712,-1.707902,-1.712188
10171.922839,0.124603,1.179068,0.297572,-0.389595,-1.160661,-1.324091,-1.906790,-1.952516
10171.926839,-0.010423,0.631028,-0.039488,-0.828388,-1.468416,-1.811962,-1.934821,-1.551816
10171.930839,-0.000633,0.176477,-0.640117,-1.439796,-1.539353,-1.832778,-1.751353,-1.628954
10171.934839,-0.013910,-0.256496,-0.963624,-1.630980,-1.758315,-1.708012,-1.581339,-0.896542
10171.938839,0.127311,-0.827105,-1.396617,-1.929836,-1.835851,-1.707279,-1.307519,-0.402120
10171.942839,-0.011784,-1.324650,-1.763751,-2.092582,-1.830697,-1.313767,-0.767904,-0.065721
10171.946839,0.033351,-1.579500,-2.095547,-1.893635,-1.545603,-0.799350,-0.135784,0.364428
10171.950839,0.133982,-1.914740,-2.100227,-1.817987,-1.035191,-0.435940,0.183916,1.161162
10171.954839,0.070984,-1.993947,-1.767307,-1.440155,-0.501909,-0.062957,0.675846,1.450659
10171.958839,0.288078,-2.026778,-1.434063,-0.907263,-0.133766,0.707476,1.201385,1.727485
10171.962839,-0.068935,-1.518267,-0.988078,-0.514782,0.409903,1.194259,1.482094,2.081818
10171.966839,-0.006514,-1.347166,-0.487117,0.256741,0.755374,1.577088,1.956680,1.766667
10171.970839,0.056118,-0.884680,0.025211,0.595913,1.359093,1.753635,1.928819,1.655479
10171.974839,0.106549,-0.202606,0.467403,1.206066,1.626473,2.079378,1.968391,1.625907
10171.978839,0.147135,0.101767,0.779997,1.612661,1.902573,1.872364,1.763176,1.276597
10171.982839,0.087925,0.655071,1.373290,1.877672,2.110847,1.938752,1.364925,0.817288
10171.986839,-0.052060,1.198994,1.714801,1.921622,1.996936,1.661276,0.934158,0.249263
10171.990839,-0.038451,1.525941,1.834671,2.146720,1.625448,1.232516,0.499212,-0.437789
10171.994839,0.042403,1.903806,1.989980,1.763588,1.346558,0.728732,-0.173800,-0.699753
10171.998839,0.068715,1.744164,1.866193,1.717943,0.927990,0.071172,-0.562826,-1.513635
10172.002839,0.026888,1.892856,1.645406,0.956372,0.328766,-0.663529,-1.177184,-1.646318
10172.006839,0.111379,1.999686,1.188028,0.643842,-0.207303,-0.944157,-1.506703,-1.902067
10172.010839,0.186733,1.401353,0.690322,0.074023,-0.809223,-1.389350,-1.691228,-1.993160
10172.014839,0.052042,0.981925,0.308322,-0.551032,-1.090584,-1.815445,-2.019358,-1.891526
10172.018839,0.082465,0.523631,-0.205175,-1.098133,-1.579151,-1.859311,-1.926522,-1.795059
10172.022839,-0.084312,-0.043576,-0.694681,-1.181110,-1.910172,-1.931883,-1.879779,-1.350516
10172.026839,-0.038514,-0.513353,-1.415900,-1.727958,-1.903487,-1.822045,-1.457368,-0.895168
10172.030839,0.125698,-0.895355,-1.586801,-1.917089,-1.860183,-1.528444,-1.089044,-0.519605
10172.034839,0.095931,-1.377413,-1.614256,-1.965592,-1.679880,-1.213837,-0.641550,0.018241
10172.038839,0.028125,-1.734142,-1.871690,-1.768249,-1.506243,-0.858781,-0.147018,0.626005
10172.042839,0.047498,-1.799732,-1.727635,-1.505735,-0.796643,-0.280678,0.272306,1.030483
10172.046839,0.319386,-1.964591,-1.570520,-0.933805,-0.647146,0.349284,1.035159,1.402652
10172.050839,-0.186624,-1.627414,-1.309966,-0.734222,0.046395,0.678761,1.114489,1.663411
10172.054839,0.038493,-1.373273,-0.766155,-0.422948,0.572330,1.061881,1.580417,1.872812
10172.058839,-0.073951,-1.093943,-0.372572,0.204092,0.948838,1.321350,1.846141,1.834101
10172.062839,-0.074629,-0.508671,0.098977,0.627518,1.347913,1.712389,1.594842,1.355821
10172.066839,-0.038995,-0.218723,0.588538,1.048652,1.475742,1.904335,1.774029,1.170081
10172.070839,0.136668,0.482738,0.926828,1.373506,1.480654,1.538504,1.410576,0.907247
10172.074839,-0.032198,0.793662,1.450030,1.534617,1.613651,1.483702,1.067863,0.694269
10172.078839,-0.017453,1.209363,1.755723,1.821604,1.530194,1.166774,0.598503,0.079873
10172.076655,-0.155516,1.605775,1.545800,1.579461,1.338516,0.727788,0.355536,-0.328018
10172.080655,-0.024972,1.569529,1.570845,1.385415,0.916763,0.443256,-0.144467,-0.858005
10172.084655,0.031317,1.366769,1.563324,0.977651,0.421453,-0.052366,-0.574727,-1.131112
10172.088655,0.084372,1.445043,1.176508,0.729277,0.347264,-0.457489,-0.693212,-1.130011
10172.092655,-0.112860,1.365800,0.813746,0.360072,-0.396400,-0.789613,-0.926895,-1.523829
10172.096655,0.083462,1.003114,0.450385,0.062656,-0.656834,-1.072198,-1.337990,-1.324334
10172.100655,-0.028940,0.870210,-0.071020,-0.502535,-0.800742,-1.320968,-1.392597,-1.435696
10172.104655,-0.132233,0.213764,-0.200288,-0.834035,-1.161198,-1.404015,-1.279798,-1.295523
10172.108655,-0.001565,-0.148097,-0.709620,-0.906671,-1.453520,-1.299148,-1.140584,-0.893891
10172.112655,0.204229,-0.419129,-0.967074,-1.129122,-1.350319,-1.256367,-0.829311,-0.469019
10172.116655,0.117036,-1.004189,-1.051816,-1.100115,-1.336646,-0.991914,-0.660836,-0.097028
10172.120655,-0.043767,-0.893190,-1.212874,-0.941649,-1.020064,-0.507990,-0.238709,0.139804
10172.124655,0.015525,-1.063059,-1.413723,-0.988359,-0.801160,-0.370735,0.095782,0.360306
10172.128655,0.020076,-1.137667,-1.218376,-0.736012,-0.345292,-0.139938,0.398240,0.738405
10172.132655,-0.025464,-1.130190,-1.052468,-0.588181,-0.289921,0.268120,0.567329,0.806603
10172.136655,-0.060002,-0.918516,-0.735421,-0.431941,0.235574,0.342931,0.941447,1.133781
10172.140655,0.095700,-0.681739,-0.513881,-0.102949,0.542020,0.800647,0.985765,0.978186
10172.144655,-0.080810,-0.633683,-0.227787,0.199342,0.594192,0.962430,1.193526,1.120093
10172.148655,-0.117672,-0.332674,0.013612,0.569742,0.821319,0.864584,0.936082,0.860143
10172.152655,0.067058,0.127999,0.368484,0.619828,0.878950,0.888370,0.884364,0.634098
10172.156655,0.131872,0.365138,0.514817,0.960097,0.877705,0.875985,0.829121,0.636653
10172.160655,0.130182,0.462020,0.623451,0.826313,0.868935,0.743730,0.467179,0.129432
10172.164655,0.032073,0.500572,0.553734,0.680082,0.655537,0.448066,0.296035,-0.145062
10172.168655,-0.108299,0.766327,0.809821,0.715062,0.689069,0.259618,0.136996,-0.232592
10172.172655,0.153192,0.680009,0.568972,0.694364,0.334836,0.016817,0.027119,-0.301524
10172.176655,-0.083006,0.609167,0.540816,0.315376,0.108559,-0.055084,-0.178952,-0.383228
10172.180655,-0.051697,0.621067,0.570301,0.155269,0.098178,-0.193421,-0.411625,-0.513212
10172.184655,0.084424,0.298120,0.274527,0.046617,-0.118048,-0.323248,-0.517580,-0.323745
10172.188655,-0.258522,0.351334,0.187306,-0.046759,-0.202056,-0.306022,-0.505236,-0.502783
10172.192655,-0.028318,0.210872,0.052117,-0.266273,-0.304190,-0.450195,-0.513682,-0.433862
10172.196655,-0.107652,-0.134979,-0.091866,-0.135895,-0.354914,-0.275951,-0.278497,-0.375199
10172.200655,-0.078354,-0.193144,-0.144824,-0.209963,-0.313645,-0.394426,-0.280173,-0.115963
10172.204655,0.062460,-0.063486,-0.169819,-0.142024,-0.370088,-0.306743,-0.275616,-0.130508
10172.208655,0.148980,-0.222197,-0.274101,-0.393243,-0.147963,-0.171432,0.040648,0.126345
10172.212655,-0.110344,-0.153417,-0.044900,-0.244456,-0.045580,-0.343432,-0.037008,-0.025220
10172.216655,0.107075,-0.157170,-0.042365,-0.057894,-0.154771,0.052680,0.067011,-0.091432
10172.220655,0.053082,-0.121734,-0.022833,-0.028267,0.071621,0.094075,-0.050157,0.001418
10172.224655,-0.024359,0.083220,-0.059524,0.020218,0.087799,0.011787,0.189006,-0.031942
10172.228655,0.054450,0.061698,0.028249,-0.206661,-0.030611,-0.186646,-0.069418,-0.031659
10172.232655,0.230438,0.127734,-0.075620,0.018410,0.011824,-0.044380,-0.068413,-0.130803
10172.236655,0.036096,0.084899,0.079770,0.047007,0.000624,-0.100262,-0.141224,-0.045876
10172.240655,-0.082194,-0.210563,-0.205590,-0.282972,-0.088463,-0.158562,-0.094050,-0.095702
10172.244655,0.103781,0.098148,-0.005407,-0.073121,-0.049949,-0.017016,-0.194910,0.004935
10172.248655,-0.058302,-0.145342,-0.019012,-0.238800,-0.441798,-0.379418,-0.281707,-0.235615
10172.252655,0.053576,-0.275031,-0.303687,-0.381495,-0.453523,-0.396630,-0.081417,-0.021220
10172.256655,-0.319789,-0.355959,-0.270606,-0.316014,-0.115889,-0.260092,-0.066998,-0.047177
10172.260655,-0.154660,-0.354261,-0.463297,-0.126213,-0.360519,-0.206824,0.005439,0.253856
10172.264655,0.085594,-0.635534,-0.325119,-0.389165,-0.500926,-0.057544,0.024411,0.409402
10172.268655,0.034492,-0.407924,-0.326270,-0.353647,-0.098399,0.193660,0.293429,0.338720
10172.272655,0.144438,-0.515527,-0.466325,-0.006583,-0.169044,0.171176,0.360615,0.622249
10172.271924,-0.035049,-0.538450,-0.176233,0.029673,0.162218,0.424713,0.437947,0.593228
10172.275924,-0.007008,-0.498420,-0.294188,0.091015,0.476211,0.612061,0.593107,0.912070
10172.279924,-0.107204,-0.163164,0.005279,0.446984,0.532114,0.654732,0.806830,0.617583
10172.283924,0.073870,-0.037207,0.003590,0.733814,0.743114,0.728224,0.847791,0.458633
10172.287924,-0.091132,0.051563,0.457699,0.623566,0.767629,0.635412,0.580329,0.462235
10172.291924,0.136559,0.426376,0.623067,0.884375,0.962589,0.851966,0.573073,0.149328
10172.295924,-0.005515,0.664318,0.586280,0.899472,0.997693,0.564120,0.153848,-0.075034
10172.299924,-0.070172,0.936565,1.199412,0.918772,0.647590,0.329895,0.203484,-0.193129
10172.303924,0.117162,0.908204,1.134456,0.851129,0.497882,0.012705,-0.217780,-0.577967
10172.307924,-0.107094,1.072135,0.858929,0.592495,0.250725,-0.196846,-0.501021,-0.819858
10172.311924,-0.024488,1.052081,0.956957,0.572494,-0.089063,-0.257771,-0.600419,-0.886609
10172.315924,-0.045156,1.061666,0.512888,0.305053,-0.132468,-0.584728,-1.116409,-1.075732
10172.319924,0.083250,0.738338,0.327970,-0.149719,-0.596453,-0.901882,-0.985309,-1.220008
10172.323924,0.039247,0.209412,-0.030006,-0.365351,-0.728921,-1.207224,-1.167287,-1.035332
10172.327924,-0.080980,-0.001264,-0.450261,-0.908322,-0.997337,-1.215134,-1.238932,-1.073632
10172.331924,0.109079,-0.202036,-0.618300,-1.111750,-1.354050,-1.162124,-1.090327,-0.749763
10172.335924,0.031165,-0.435405,-0.836448,-1.338578,-1.340104,-1.304620,-0.888437,-0.512101
10172.339924,-0.032475,-0.887917,-1.224579,-1.093979,-1.484279,-1.054416,-0.779147,-0.107560
10172.343924,-0.142720,-1.152539,-1.431827,-1.256958,-1.311691,-0.920027,-0.401216,0.291969
10172.347924,0.019506,-1.380348,-1.357266,-1.502224,-0.960416,-0.456046,0.114381,0.638927
10172.351924,0.023471,-1.413110,-1.178622,-1.008368,-0.772874,0.013738,0.477497,0.922631
10172.355924,-0.146228,-1.483679,-1.194076,-0.713912,-0.354214,0.296113,0.818360,1.208769
10172.359924,-0.153608,-1.441590,-0.981216,-0.359371,0.147587,0.617829,1.165574,1.340199
10172.363924,0.073002,-0.955895,-0.592196,0.061188,0.518540,1.119090,1.428938,1.651958
10172.367924,-0.064143,-0.791143,-0.304454,0.487451,0.912086,1.346675,1.481504,1.503979
10172.371924,0.065392,-0.348315,0.374607,0.773712,1.303533,1.682029,1.498157,1.493748
10172.375924,0.146854,-0.048523,0.930237,1.178500,1.372092,1.530619,1.473779,1.069809
10172.379924,-0.084090,0.393397,0.946110,1.654931,1.700670,1.686554,1.171611,0.711298
10172.383924,-0.106411,0.897576,1.521322,1.622844,1.652879,1.339212,1.011695,0.263217
10172.387924,0.122698,1.281899,1.888912,1.841427,1.529326,1.120705,0.660672,-0.113800
10172.391924,0.059987,1.808749,1.772388,1.429363,1.294860,0.838496,0.086507,-0.735312
10172.395924,-0.008514,1.905337,1.581347,1.255065,0.830069,0.375973,-0.635687,-1.045476
10172.399924,0.049628,1.784084,1.411599,1.111107,0.360204,-0.216485,-0.985216,-1.391614
10172.403924,-0.004971,1.546412,1.326057,0.660697,0.008928,-0.698049,-1.202974,-1.632745
10172.407924,0.040419,1.238811,0.832714,-0.073419,-0.674741,-1.055321,-1.676800,-1.728527
10172.411924,-0.091089,1.042942,0.407987,-0.177540,-0.908588,-1.583396,-1.876132,-1.824868
10172.415924,0.227059,0.616079,-0.198933,-0.903293,-1.429115,-1.750697,-1.975074,-1.606243
10172.419924,-0.075489,0.232954,-0.603080,-1.300195,-1.994715,-1.935859,-1.797832,-1.420154
10172.423924,0.050975,-0.457369,-1.040894,-1.707763,-1.787255,-1.770631,-1.539609,-0.957828
10172.427924,-0.035915,-0.934477,-1.519657,-1.718103,-1.899815,-1.776721,-1.228411,-0.607110
10172.431924,0.012480,-1.369915,-1.918550,-2.049498,-1.843588,-1.258445,-0.957553,0.004338
10172.435924,0.155819,-1.590371,-1.934638,-1.905888,-1.483428,-0.825481,-0.184615,0.521052
10172.439924,0.121023,-1.881838,-1.930063,-1.620172,-1.235532,-0.182316,0.298014,0.984388
10172.443924,0.084421,-1.858705,-1.865680,-1.523373,-0.734909,0.084136,0.730520,1.428658
10172.447924,-0.012819,-2.049785,-1.449469,-0.824415,-0.154028,0.632071,1.204601,1.741303
10172.451924,0.067279,-1.795113,-1.217504,-0.544960,0.540220,1.061671,1.784802,1.935592
10172.455924,0.179380,-1.178583,-0.695245,0.155001,0.791851,1.571184,1.996382,2.172670
10172.459924,0.137778,-0.800192,-0.052312,0.656802,1.529196,1.720766,1.888602,1.764554
10172.463924,0.107464,-0.222374,0.504678,1.200307,1.581531,1.999031,2.067054,1.511473
10172.467924,-0.122057,0.263029,1.050814,1.649767,2.044496,2.001922,1.580266,1.291876
10172.574152,0.000000,0.703198,1.400497,1.630092,1.972003,2.007535,1.369770,0.659758
10172.578152,48.175369,1.301761,1.793579,2.001463,1.856016,1.541847,1.140329,0.163223
10172.582152,84.432793,1.654580,1.979181,1.804875,1.742352,1.162551,0.298882,-0.314498
10172.586152,99.802673,1.900776,1.907004,1.705659,1.356324,0.641910,-0.121435,-0.965510
10172.590152,90.482704,2.048813,1.916061,1.468126,0.728067,0.058466,-0.701220,-1.217925
10172.594152,58.778526,1.974137,1.606449,1.219724,0.434706,-0.609928,-0.957100,-1.674680
10172.598152,12.533323,1.800307,1.140911,0.546533,-0.366341,-0.991643,-1.501402,-1.879361
10172.602152,-36.812454,1.405893,0.815696,0.122813,-0.764464,-1.367515,-1.922603,-2.090198
10172.606152,-77.051323,1.155779,0.302763,-0.513924,-1.218815,-1.561596,-2.328097,-1.672276
10172.610152,-98.228722,0.248091,-0.010370,-1.216664,-1.773221,-1.972799,-1.947881,-1.566767
10172.614152,-95.105652,-0.110981,-0.800155,-1.422485,-1.657226,-1.831413,-1.838231,-1.382549
10172.618152,-68.454712,-0.491001,-1.222262,-1.655946,-1.851152,-1.686901,-1.529153,-0.905583
10172.622152,0.156640,-1.045703,-1.574916,-1.601083,-1.884757,-1.435686,-1.149057,-0.456148
10172.626152,-0.200613,-1.355749,-1.718419,-1.881883,-1.657791,-1.169606,-0.767380,0.120008
10172.630152,0.165881,-1.719460,-2.012057,-1.664215,-1.385637,-0.818085,-0.146817,0.711327
10172.634152,-0.055005,-1.687263,-1.806293,-1.420070,-0.906780,-0.437828,0.453422,1.042421
10172.638152,0.065657,-1.836623,-1.806616,-1.080688,-0.747777,0.204621,1.065996,1.569206
10172.642152,0.040233,-1.741406,-1.309430,-0.612504,-0.101794,0.717181,1.185725,1.644616
10172.646152,-0.047189,-1.383368,-0.841285,-0.015706,0.453937,1.130305,1.677211,1.781404
10172.650152,0.009736,-0.996637,-0.498566,0.281414,0.832666,1.395263,1.937879,1.742502
10172.654152,0.022173,-0.884133,0.099113,0.918823,1.192752,1.747870,1.689757,1.431787
10172.658152,-0.043751,-0.214714,0.535129,1.083600,1.434704,1.774906,1.763957,1.385834
10172.662152,0.017809,0.316425,0.997446,1.355637,1.751843,1.542695,1.245126,1.013594
10172.666152,-0.107324,0.680211,1.166511,1.651088,1.590552,1.633877,1.168669,0.549060
10172.670152,0.159938,1.022697,1.507696,1.416754,1.493376,1.079527,0.782904,0.193307
10172.573047,-0.027141,1.608157,1.513647,1.454577,1.254966,0.883631,0.347748,-0.298413
10172.577047,-0.033904,1.641352,1.524765,1.675191,1.088568,0.227145,-0.237834,-0.853695
10172.581047,0.211934,1.463682,1.211386,1.199196,0.303869,-0.039777,-0.518908,-1.142112
10172.585047,0.143497,1.506215,1.103049,0.761874,0.347935,-0.394939,-0.895586,-1.286014
10172.589047,-0.070757,1.102409,0.909402,0.485976,-0.181473,-0.920407,-1.168460,-1.356834
10172.593047,0.121016,1.044919,0.521435,-0.130548,-0.637258,-0.976536,-1.454265,-1.542619
10172.597047,0.073527,0.673832,0.246568,-0.359628,-0.987735,-1.117314,-1.387195,-1.276613
10172.601047,-0.033078,0.309161,-0.335313,-0.993369,-0.977599,-1.447468,-1.410737,-1.204512
10172.605047,0.184870,-0.071244,-0.561565,-0.937943,-1.210667,-1.319489,-1.173350,-0.710922
10172.609047,-0.117709,-0.556826,-0.836593,-1.163754,-1.344036,-0.984354,-1.066949,-0.524881
10172.613047,0.031155,-0.803195,-1.161234,-1.290134,-1.073203,-1.055203,-0.607384,-0.237959
10172.617047,0.073439,-0.873567,-1.211867,-1.153709,-1.078554,-0.743374,-0.269392,0.198177
10172.621047,0.023900,-1.260454,-1.319100,-1.268863,-0.969591,-0.390702,-0.012763,0.415178
10172.625047,0.180259,-1.029428,-1.264136,-0.979164,-0.638585,-0.106084,0.207037,0.665407
10172.629047,0.041760,-1.109310,-1.067612,-0.624516,-0.223178,0.219845,0.461912,1.013313
10172.633047,-0.049733,-1.077504,-0.701688,-0.280873,0.126919,0.600175,0.740354,0.851929
10172.637047,-0.032765,-1.048047,-0.527280,-0.088407,0.293092,0.738611,0.926058,1.072164
10172.641047,0.028106,-0.673859,-0.106231,0.164021,0.590689,0.879876,0.891773,0.891939
10172.645047,0.003376,-0.313634,0.272347,0.451947,0.616616,1.111679,0.971166,0.822663
10172.649047,0.151787,0.022362,0.327183,0.468180,0.596131,1.018773,0.861632,0.619954
10172.653047,-0.014107,0.255359,0.585406,0.661913,0.864136,0.874011,0.622733,0.199364
10172.657047,-0.076992,0.286367,0.767450,0.686123,0.696977,0.624873,0.561244,0.280941
10172.661047,-0.080512,0.510255,0.693751,0.898199,0.486076,0.376220,0.509355,0.091533
10172.665047,-0.149037,0.947679,0.774260,0.689938,0.691242,0.238196,0.009604,-0.210480
10172.669047,0.050483,0.686397,0.673564,0.514431,0.405961,0.157780,-0.129857,-0.395441
10172.673047,-0.051933,0.469735,0.693057,0.476376,0.291669,-0.164357,-0.330568,-0.476974
10172.677047,0.035734,0.457553,0.591387,0.325840,0.039602,-0.167825,-0.409692,-0.586197
10172.681047,-0.241094,0.508714,0.277033,0.198342,-0.065208,-0.310800,-0.436635,-0.589076
10172.685047,-0.119490,0.192094,0.030219,-0.077218,-0.154760,-0.304362,-0.607677,-0.383422
10172.689047,0.014167,0.229845,0.048790,-0.332149,-0.281883,-0.245607,-0.542690,-0.483145
10172.693047,-0.198920,-0.003921,-0.251731,-0.320376,-0.303764,-0.290927,-0.553895,-0.338464
10172.697047,-0.023294,-0.066899,-0.092620,-0.184744,-0.228411,-0.296495,-0.300845,-0.239644
10172.701047,0.060356,-0.202343,-0.287973,-0.209687,-0.200470,-0.248824,-0.121348,-0.119300
10172.705047,-0.014886,-0.112066,-0.280822,-0.153401,-0.237943,-0.187523,-0.091119,0.068238
10172.709047,-0.220584,-0.274204,-0.070135,-0.122964,-0.188756,-0.088735,0.027863,0.192015
10172.713047,-0.041947,0.011684,-0.068239,-0.203357,-0.140812,0.084018,0.153270,0.053859
10172.717047,0.110030,-0.039933,-0.076942,-0.035499,-0.169809,-0.028763,-0.025262,0.152319
10172.721047,0.024922,-0.048011,0.091276,-0.163883,-0.098811,0.132729,0.079328,-0.136706
10172.725047,0.021812,-0.105019,-0.027458,0.052104,-0.006858,-0.019619,-0.102382,0.091054
10172.729047,0.049665,-0.028393,0.039542,-0.032642,-0.085162,-0.040024,0.096946,-0.162071
10172.733047,0.056237,0.144286,0.060622,0.054350,-0.086905,-0.061838,-0.112742,-0.248352
10172.737047,-0.104095,0.142192,-0.077752,-0.128005,-0.068163,-0.184127,-0.101728,-0.158132
10172.741047,-0.102995,0.086797,-0.182282,-0.043628,-0.156481,-0.277415,-0.142937,-0.195164
10172.745047,-0.076443,-0.071365,-0.107024,-0.221265,-0.348896,-0.394343,-0.222020,-0.227607
10172.749047,-0.009875,-0.192126,-0.204522,-0.256182,-0.218739,-0.266713,-0.212739,-0.009991
10172.753047,0.042340,-0.254575,-0.168886,-0.306036,-0.210064,-0.342725,-0.201932,-0.036292
10172.757047,0.001517,-0.405004,-0.397646,-0.227489,-0.310665,-0.116315,0.005001,0.268027
10172.761047,0.063725,-0.474466,-0.359713,-0.311789,-0.146683,-0.053354,0.192726,0.268358
10172.765047,-0.101710,-0.561350,-0.384430,-0.254546,-0.192009,0.217602,0.171841,0.437569
10172.769047,-0.041358,-0.498546,-0.512738,-0.364817,-0.039406,0.305756,0.436732,0.399024
10172.778774,0.096785,-0.447849,-0.205222,-0.082307,0.011724,0.550132,0.533546,0.714975
10172.782774,-0.038430,-0.359652,-0.291526,0.048116,0.518894,0.641333,0.771486,0.701289
10172.786774,0.025119,-0.122669,0.149642,0.355820,0.553069,0.774421,0.606833,0.604057
10172.790774,-0.139475,-0.121399,0.287265,0.595658,0.873807,0.747876,0.671022,0.547955
10172.794774,0.024199,0.373266,0.478576,0.580280,0.835293,0.790819,0.645161,0.389971
10172.798774,0.207091,0.371450,0.519351,0.761408,0.795832,0.613104,0.503044,0.386029
10172.802774,-0.127065,0.501494,0.906266,0.876648,0.787068,0.736106,0.279913,-0.165011
10172.806774,0.080066,0.820313,0.924621,0.708264,0.632798,0.431029,-0.006093,-0.169930
10172.810774,-0.006431,0.937029,1.068763,0.775375,0.607738,0.218068,-0.082428,-0.481622
10172.814774,0.062674,0.976481,0.872215,0.678660,0.404506,-0.016785,-0.365969,-0.849327
10172.818774,-0.132953,0.966102,0.738914,0.377314,0.046450,-0.474730,-0.764270,-1.058953
10172.822774,-0.116718,0.792256,0.504705,0.249935,-0.264375,-0.623562,-0.957094,-1.032357
10172.826774,0.050138,0.786574,0.317598,-0.115944,-0.661702,-0.962604,-1.031637,-1.204960
10172.830774,-0.025544,0.538031,0.046030,-0.436310,-0.854264,-1.015327,-1.262249,-1.081864
10172.834774,-0.028537,0.219625,-0.252956,-0.737686,-0.963200,-1.155851,-1.224480,-0.962580
10172.838774,0.025148,-0.085268,-0.795344,-0.912852,-1.390746,-1.218352,-1.054231,-0.785895
10172.842774,0.057909,-0.651739,-1.031377,-1.331448,-1.379038,-1.097129,-0.782494,-0.481458
10172.846774,0.018026,-0.673671,-1.237476,-1.412660,-1.198781,-1.090734,-0.725191,-0.036295
10172.850774,0.135452,-1.194424,-1.361090,-1.275003,-1.237871,-0.689818,-0.140856,0.132199
10172.854774,-0.134156,-1.510575,-1.471558,-1.399871,-0.825920,-0.548827,0.057664,0.670038
10172.858774,-0.082534,-1.455592,-1.307230,-0.768653,-0.582973,-0.226842,0.562833,1.011849
10172.862774,0.049944,-1.462718,-1.124617,-0.812647,-0.212099,0.359445,0.879794,1.234358
10172.866774,0.111642,-1.196268,-0.756396,-0.407795,0.194929,0.767783,1.114203,1.554347
10172.870774,-0.026389,-1.044888,-0.715297,0.052138,0.720185,1.033215,1.394163,1.511768
10172.874774,-0.045061,-0.641558,-0.174178,0.336031,0.903336,1.183603,1.504077,1.407744
10172.878774,-0.116783,-0.415712,0.148931,0.833292,1.348786,1.606588,1.622833,1.129094
10172.882774,-0.047285,0.195134,0.905498,1.292110,1.552034,1.562423,1.619709,1.100700
10172.886774,-0.024824,0.637509,0.783588,1.487819,1.522835,1.646737,1.432083,0.805139
10172.890774,0.197016,0.973110,1.563938,1.511812,1.688728,1.278268,0.977219,0.292192
10172.894774,-0.019769,1.299527,1.751532,1.740943,1.553363,1.115529,0.595408,-0.168333
10172.898774,-0.110500,1.693406,1.707716,1.667423,1.353914,0.614252,-0.026650,-0.762598
10172.902774,-0.034860,1.862739,1.720734,1.568458,0.946385,0.204356,-0.499073,-0.899337
10172.906774,0.078117,1.765872,1.573235,1.053569,0.216702,-0.222356,-1.020608,-1.460943
10172.910774,-0.126026,1.654161,1.171210,0.682211,0.046578,-0.686351,-1.450467,-1.856769
10172.914774,-0.128230,1.531655,1.095372,0.123233,-0.626929,-1.021058,-1.660204,-1.838487
10172.918774,0.016269,1.000824,0.328105,-0.327476,-1.037506,-1.699464,-1.904624,-1.845702
10172.922774,-0.055433,0.668969,-0.183991,-0.634111,-1.395254,-1.764927,-1.925897,-1.717750
10172.926774,-0.188983,0.113037,-0.422377,-1.167460,-1.866800,-1.861807,-1.745559,-1.265066
10172.930774,-0.078842,-0.182204,-1.081933,-1.692101,-2.043378,-1.876926,-1.545231,-1.142571
10172.934774,0.062405,-0.858362,-1.489326,-1.928390,-1.912412,-1.510535,-1.309596,-0.729934
10172.938774,-0.037187,-1.429110,-1.963209,-1.896190,-1.933049,-1.533419,-0.687330,0.109681
10172.942774,0.258708,-1.842650,-1.892803,-2.023351,-1.540376,-0.991948,-0.470625,0.555287
10172.946774,-0.000148,-1.839203,-2.065309,-1.472197,-1.145331,-0.448021,0.420291,1.001488
10172.950774,-0.089474,-1.859349,-1.812300,-1.255865,-0.713505,0.272790,0.799095,1.367289
10172.954774,0.032467,-1.934842,-1.603932,-0.781104,-0.302785,0.694752,1.428571,1.717476
10172.958774,0.025278,-1.743552,-1.002669,-0.533262,0.469542,1.088017,1.554170,1.871024
10172.962774,0.046688,-1.423285,-0.574261,0.158335,0.850270,1.551329,1.806166,1.954451
10172.966774,-0.041275,-0.973007,-0.123747,0.522084,1.288414,1.631625,1.887525,1.779384
10172.970774,0.038946,-0.417280,0.332470,1.128039,1.887056,1.803207,2.011070,1.652504
10172.974774,0.206570,0.258974,0.976386,1.569870,1.917727,2.054020,1.690399,1.541919
10172.972845,0.083929,0.744301,1.387309,1.844180,1.993609,1.910202,1.442219,0.910085
10172.976845,-0.097495,1.235446,1.647392,1.937283,1.870879,1.645469,0.909498,0.371042
10172.980845,0.144784,1.690781,1.829234,2.115206,1.656547,1.135369,0.511602,-0.404754
10172.984845,0.124518,1.953852,2.289338,1.837058,1.333472,0.881916,-0.274226,-0.820680
10172.988845,-0.013627,2.107802,2.199321,1.437491,1.007874,0.282895,-0.495329,-1.277386
10172.992845,0.071560,1.847831,1.818617,0.981480,0.274753,-0.430672,-1.172311,-1.614969
10172.996845,-0.031572,1.666345,1.157863,0.712079,-0.120919,-1.044355,-1.451753,-1.918211
10173.000845,-0.157788,1.307132,0.906311,0.190746,-0.631454,-1.425738,-1.745746,-1.919145
10173.004845,-0.250045,1.061154,0.301489,-0.246901,-0.972826,-1.691508,-1.894753,-1.887255
10173.008845,-0.046718,0.366160,-0.323284,-1.021740,-1.428046,-1.861864,-1.988617,-1.760546
10173.012845,0.044061,-0.061769,-0.874662,-1.484100,-1.624835,-1.949605,-1.667722,-1.524619
10173.016845,0.118269,-0.476345,-1.127984,-1.854551,-1.911140,-1.924351,-1.607273,-1.099030
10173.020845,-0.107685,-1.143343,-1.487318,-1.925726,-1.895779,-1.489096,-1.086052,-0.482333
10173.024845,0.020411,-1.495282,-1.965719,-1.853448,-1.638876,-1.276511,-0.632250,0.070651
10173.028845,0.154712,-1.661185,-1.887226,-1.675523,-1.294618,-0.770979,-0.009419,0.674914
10173.032845,0.004940,-1.732547,-1.908206,-1.616864,-0.946794,-0.387563,0.487818,1.094319
10173.036845,0.207038,-1.929378,-1.525162,-1.209262,-0.495269,0.263296,0.916085,1.479794
10173.040845,0.042130,-1.714187,-1.217384,-0.626560,-0.056079,0.597219,1.298419,1.693973
10173.044845,-0.160192,-1.401724,-0.976246,-0.422624,0.508602,0.977240,1.688701,1.862464
10173.048845,0.024707,-0.918370,-0.334438,0.172035,1.015108,1.358725,1.815168,1.714982
10173.052845,-0.126088,-0.576838,0.006886,0.829258,1.408252,1.466710,1.751703,1.662376
10173.056845,0.012521,-0.131790,0.550603,0.953695,1.694339,1.787747,1.581582,1.245992
10173.060845,0.086651,0.350405,0.975294,1.466106,1.690471,1.482827,1.378641,1.008119
10173.064845,0.064460,0.708368,1.266734,1.707771,1.810876,1.527955,1.180732,0.558173
10173.068845,0.070583,1.115148,1.434476,1.830701,1.726122,1.214019,0.731543,0.084407
10173.072845,0.005334,1.389247,1.715502,1.466529,1.248012,0.938848,0.271807,-0.248112
10173.076845,0.011075,1.568623,1.560133,1.523586,1.072293,0.319919,-0.122770,-0.670368
10173.080845,0.000755,1.630794,1.570931,1.091890,0.629976,-0.048286,-0.542210,-1.194003
10173.084845,0.071439,1.624251,1.109837,0.877698,0.175757,-0.477865,-0.963329,-1.323276
10173.088845,-0.031812,1.388778,0.849639,0.378668,-0.022946,-0.796854,-1.253310,-1.483045
10173.092845,0.119217,0.979276,0.527406,-0.131566,-0.643518,-0.975152,-1.511060,-1.627560
10173.096845,-0.043813,0.600143,0.077260,-0.470817,-0.927510,-1.309683,-1.278118,-1.261380
10173.100845,-0.006458,0.352163,-0.538969,-0.744268,-1.070665,-1.414645,-1.299071,-1.202875
10173.104845,0.038885,-0.248218,-0.532661,-1.032347,-1.261159,-1.346925,-1.081872,-0.833684
10173.108845,0.099610,-0.520915,-0.843063,-1.037574,-1.145825,-1.476141,-0.930097,-0.675312
10173.112845,-0.033649,-0.815105,-1.031847,-1.270920,-1.303775,-0.961408,-0.747736,-0.251952
10173.116845,-0.033283,-0.998698,-1.172368,-1.200671,-1.124917,-0.719604,-0.302193,0.171477
10173.120845,-0.149460,-1.064274,-1.133936,-1.018166,-0.812342,-0.328064,0.072646,0.438620
10173.124845,-0.004680,-1.205437,-1.202626,-0.821096,-0.568043,-0.042028,0.523792,0.839106
10173.128845,-0.095184,-1.151291,-0.878386,-0.591756,-0.102489,0.162880,0.477402,0.823468
10173.132845,0.119955,-0.945284,-0.624238,-0.379743,-0.004691,0.538375,0.672214,1.063941
10173.136845,0.163433,-0.990159,-0.536671,-0.056077,0.296813,0.676050,1.150333,0.963099
10173.140845,-0.020273,-0.623314,-0.306111,0.262529,0.407610,0.703922,0.975870,1.019808
10173.144845,-0.086710,-0.339409,-0.063025,0.501895,0.736384,0.904211,0.804892,0.907554
10173.148845,-0.050039,0.080497,0.269763,0.660730,0.749756,0.992911,0.710748,0.670186
10173.152845,-0.122077,0.181948,0.585854,0.625577,0.891728,0.896923,0.472720,0.469477
10173.156845,0.112570,0.341882,0.562981,0.619755,0.700519,0.791590,0.435983,0.243022
10173.160845,-0.062451,0.544116,0.835956,0.893776,0.706568,0.497431,0.187210,0.053966
10173.164845,-0.011972,0.763637,0.542195,0.635438,0.528769,0.376798,-0.071119,-0.231747
10173.168845,0.097411,0.684120,0.686506,0.472732,0.348942,0.028418,-0.027550,-0.326637
10173.273972,0.012802,0.633916,0.672087,0.603160,0.199189,-0.040215,-0.240854,-0.324657
10173.277972,0.077589,0.574429,0.495277,0.279582,-0.118071,-0.091095,-0.467157,-0.526603
10173.281972,-0.077382,0.394863,0.295155,0.215869,-0.165503,-0.161628,-0.605797,-0.638607
10173.285972,-0.084718,0.367580,0.033174,-0.182503,-0.053406,-0.386093,-0.307070,-0.366278
10173.289972,0.080642,0.285642,-0.029587,-0.280200,-0.249913,-0.427959,-0.363874,-0.300479
10173.293972,-0.080563,-0.018010,-0.113454,-0.107326,-0.406957,-0.189089,-0.524351,-0.130588
10173.297972,0.023985,-0.000467,-0.115000,-0.496493,-0.345310,-0.335464,-0.154522,-0.196938
10173.301972,0.142540,0.064032,-0.145679,-0.240183,-0.377353,-0.184358,-0.215115,0.048558
10173.305972,-0.144508,-0.214064,-0.107287,-0.050860,-0.139036,-0.039410,-0.078793,0.158870
10173.309972,0.028283,-0.091639,-0.147054,-0.192907,-0.096466,-0.064673,0.019320,-0.181715
10173.313972,-0.081116,-0.166287,-0.268576,-0.198771,-0.003827,0.000125,0.114930,0.155014
10173.317972,0.104175,-0.065940,0.069776,-0.106261,0.104532,0.091972,0.097470,0.055103
10173.321972,-0.063129,-0.019661,-0.167485,0.095596,-0.046981,-0.031037,-0.163200,-0.079264
10173.325972,0.266142,-0.038782,0.120944,-0.119510,-0.135890,-0.013688,-0.012698,-0.083653
10173.329972,0.000326,-0.024576,0.149500,0.200270,0.074994,-0.190262,-0.024876,-0.132787
10173.333972,-0.057481,0.130388,0.023217,-0.024894,-0.074838,-0.200434,-0.226281,-0.147937
10173.337972,-0.019163,0.078329,0.057027,-0.113091,-0.126975,-0.079827,-0.197831,-0.104234
10173.341972,0.021731,-0.046799,-0.226937,-0.264350,-0.109783,-0.386795,-0.024800,-0.216397
10173.345972,-0.176893,-0.146675,-0.410207,-0.419622,-0.265294,-0.416143,-0.355903,-0.112710
10173.349972,0.007303,-0.138945,-0.252705,-0.326531,-0.260024,-0.174252,-0.166324,-0.003289
10173.353972,-0.261640,-0.336513,-0.216240,-0.428850,-0.278292,-0.211203,-0.167720,0.086134
10173.357972,-0.045913,-0.440051,-0.474448,-0.479860,-0.402240,-0.213804,0.003719,0.121618
10173.361972,-0.044732,-0.213005,-0.383658,-0.538133,-0.208041,-0.028838,0.477110,0.324881
10173.365972,0.210630,-0.555769,-0.523385,-0.423621,-0.035107,-0.011606,0.206394,0.472501
10173.369972,-0.032652,-0.502895,-0.513305,-0.436503,0.149982,0.353709,0.393300,0.545005
10173.271040,-0.093988,-0.496090,-0.038271,0.130762,0.219131,0.211139,0.602987,0.589744
10173.275041,-0.041312,-0.369513,0.064031,0.145724,0.470477,0.596876,0.692750,0.719580
10173.279041,-0.041429,-0.353444,0.218126,0.173625,0.572787,0.860493,0.745399,0.694696
10173.283041,0.060620,0.090805,0.402512,0.375361,0.823023,0.753154,0.635864,0.447964
10173.287041,0.025900,0.137309,0.485465,0.689552,0.825998,0.862162,0.766799,0.532453
10173.291041,0.151889,0.395877,0.599773,0.812929,0.795907,0.608458,0.496247,0.293451
10173.295041,0.121053,0.630659,0.939819,0.897384,0.587016,0.492108,0.376102,-0.189531
10173.299041,-0.133508,0.673915,0.915023,0.926885,0.561861,0.526395,0.101252,-0.397785
10173.303041,0.003768,0.885269,0.894112,0.706825,0.567231,0.192720,-0.192614,-0.538271
10173.307041,0.023378,1.007221,0.729300,0.682644,0.245442,0.057196,-0.401405,-0.666705
10173.311041,-0.054890,1.102825,0.691665,0.469230,-0.023953,-0.287728,-0.536736,-0.927534
10173.315041,-0.149660,0.847445,0.908469,0.280251,-0.313527,-0.542770,-0.924313,-0.833400
10173.319041,0.006999,0.707941,0.328949,-0.151194,-0.615291,-1.004854,-1.153111,-1.072779
10173.323041,-0.025676,0.420687,-0.110051,-0.366268,-0.668548,-1.180728,-1.259337,-1.205345
10173.327041,0.081855,0.270605,-0.299506,-0.867000,-1.028554,-1.201033,-1.161578,-1.087957
10173.331041,-0.111205,-0.341971,-0.533693,-0.901027,-1.396648,-1.341919,-1.176600,-0.674525
10173.335041,0.008659,-0.378628,-0.980725,-1.359438,-1.386392,-1.291219,-0.799757,-0.279617
10173.339041,0.049033,-0.933917,-1.169992,-1.508247,-1.309757,-1.205364,-0.580168,-0.139532
10173.343041,0.081976,-1.070771,-1.413107,-1.262063,-1.280291,-0.519850,-0.419627,0.330210
10173.347041,0.124356,-1.331206,-1.522983,-1.351418,-1.036589,-0.452991,0.177480,0.682451
10173.351041,0.005553,-1.595983,-1.201632,-1.095843,-0.658773,-0.045611,0.328032,0.975408
10173.355041,-0.020892,-1.469946,-1.090403,-0.912504,-0.246506,0.277530,0.847727,1.350295
10173.359041,-0.012866,-1.361410,-1.184611,-0.342373,0.009777,0.691738,1.107414,1.237540
10173.363041,0.013897,-1.146548,-0.548983,0.049556,0.652802,1.148152,1.485833,1.652393
10173.367041,0.035878,-0.756645,-0.205848,0.454422,1.033132,1.433358,1.558707,1.741230
10173.371041,0.153131,-0.459726,0.252263,1.006502,1.220360,1.449689,1.865694,1.330945
10173.375041,-0.202014,-0.015066,0.649014,1.292116,1.549433,1.504554,1.200784,1.164905
10173.379041,0.005918,0.643088,1.028028,1.467459,1.615881,1.529649,1.308133,0.709480
10173.383041,-0.168997,1.082895,1.441016,1.736068,1.798171,1.389224,0.917954,0.215690
10173.387041,0.085194,1.165013,1.666103,1.773270,1.402203,1.236695,0.324909,-0.279263
10173.391041,-0.003439,1.668626,1.614952,1.711823,1.359364,0.681698,0.068120,-0.502735
10173.395041,0.152616,1.705333,1.639903,1.411165,0.805663,0.386438,-0.382045,-1.057976
10173.399041,0.111813,1.861239,1.657133,1.153533,0.610740,-0.368106,-0.843907,-1.267669
10173.403041,-0.031734,1.615586,1.233902,0.675579,0.085209,-0.717056,-1.189910,-1.641966
10173.407041,0.093695,1.433966,0.852193,0.057574,-0.767704,-1.199000,-1.871000,-1.839990
10173.411041,0.066118,1.071616,0.123009,-0.362157,-0.944258,-1.396475,-1.764558,-1.834468
10173.415041,0.044751,0.801499,-0.105615,-0.966287,-1.449617,-1.849252,-1.993077,-1.764633
10173.419041,0.273644,0.008478,-0.672050,-0.980549,-1.649400,-1.859633,-1.739830,-1.401515
10173.423041,-0.050235,-0.382286,-1.042068,-1.782136,-1.929872,-2.038807,-1.659881,-0.980184
10173.427041,-0.047092,-0.938984,-1.766513,-1.981674,-2.034687,-1.870452,-1.202137,-0.549873
10173.431041,0.080085,-1.221089,-1.640582,-1.901562,-1.782116,-1.362977,-0.870739,-0.003326
10173.435041,-0.051489,-1.809867,-2.111917,-2.125534,-1.573195,-1.044491,-0.331613,0.386771
10173.439041,-0.056346,-2.009500,-1.930094,-1.610000,-1.220608,-0.372569,0.204515,0.809802
10173.443041,0.136194,-2.172856,-1.853257,-1.274137,-0.577925,0.039412,0.747331,1.641170
10173.447041,0.091914,-1.778615,-1.468160,-0.853850,-0.147985,0.580067,1.084531,1.619228
10173.451041,0.067669,-1.538331,-1.097362,-0.512652,0.391850,1.127100,1.450480,2.093057
10173.455041,0.086105,-1.408121,-0.635332,0.110278,1.021007,1.448050,1.768709,1.972716
10173.459041,-0.104698,-0.747218,-0.097378,0.562197,1.272961,1.759858,1.959902,1.708752
10173.463041,-0.117998,-0.293386,0.586418,1.115443,1.707219,2.203329,1.965892,1.422823
10173.467041,0.054228,0.251445,0.928678,1.452820,2.003480,1.712212,1.701202,1.202527
10173.476547,-0.072692,0.752614,1.287590,1.901288,2.290218,1.755602,1.453995,0.779797
10173.480547,0.019523,1.192789,1.746249,2.006479,2.003127,1.640869,1.102185,0.157966
10173.484547,0.018040,1.603866,2.029019,1.815173,1.809064,1.200595,0.580143,-0.314044
10173.488547,-0.018192,1.808126,1.951625,1.604169,1.330396,0.628385,-0.078754,-0.914011
10173.492547,0.034723,1.970960,1.705446,1.509338,0.974072,0.232840,-0.716342,-1.452978
10173.496547,0.108646,1.983941,1.543773,1.005484,0.374375,-0.316878,-1.149266,-1.808031
10173.500547,-0.191116,1.671035,1.185970,0.480980,-0.032874,-1.071413,-1.590173,-1.672070
10173.504547,-0.080637,1.429291,0.945740,0.043569,-0.663443,-1.419676,-1.884392,-2.129567
10173.508547,-0.021700,1.040410,0.475793,-0.535621,-1.052331,-1.590297,-2.013322,-1.896774
10173.512547,0.004081,0.363824,-0.281649,-1.060570,-1.570675,-1.899534,-1.937354,-1.747390
10173.516547,-0.106166,-0.207519,-0.676450,-1.389189,-1.699114,-1.952873,-1.780134,-1.375864
10173.520547,-0.037237,-0.530956,-1.247936,-1.598996,-1.776082,-1.712728,-1.336139,-1.025820
10173.524547,0.119968,-1.019656,-1.555844,-1.937034,-1.917996,-1.829772,-1.037594,-0.431188
10173.528547,-0.051864,-1.283405,-1.789164,-1.983245,-1.705433,-1.085845,-0.632259,0.193736
10173.532547,-0.072140,-1.641727,-1.853871,-1.772241,-1.449331,-0.843649,-0.294720,0.457870
10173.536547,-0.155759,-1.984420,-1.843231,-1.571895,-1.102051,-0.199839,0.378232,1.157887
10173.540547,-0.147959,-1.789028,-1.520360,-1.120392,-0.569627,0.161451,0.909879,1.434254
10173.544547,0.108685,-1.784948,-1.207468,-0.688651,-0.003509,0.656756,1.376483,1.583641
10173.548547,-0.115500,-1.422763,-0.965576,-0.202246,0.658495,1.105280,1.579079,1.941531
10173.552547,0.037857,-0.952179,-0.458598,0.255055,0.846224,1.471962,1.770622,1.827592
10173.556547,0.042238,-0.634192,0.109406,0.868033,1.289968,1.506087,1.652695,1.621118
10173.560547,-0.086476,-0.196744,0.470468,1.153371,1.693102,1.572564,1.748899,1.418832
10173.564547,0.026633,0.303360,1.015021,1.416351,1.651562,1.489862,1.465513,1.091732
10173.568547,-0.139638,0.667212,1.223230,1.563406,1.598452,1.621498,1.291198,0.544530
10173.572547,-0.066595,1.131954,1.382274,1.624228,1.600483,1.276321,0.747310,0.019939
10173.576547,0.012766,1.344081,1.685563,1.614638,1.474462,0.877894,0.167296,-0.499042
10173.580547,0.015643,1.295697,1.535790,1.325553,0.900556,0.442237,-0.293145,-0.936578
10173.584547,0.048462,1.519681,1.469410,1.114254,0.643659,0.015803,-0.542741,-0.935559
10173.588547,0.032590,1.521015,1.203615,0.549007,0.158057,-0.286899,-0.901530,-1.382648
10173.592547,0.036815,1.155630,0.938090,0.290307,-0.225783,-0.889506,-1.191042,-1.693218
10173.596547,-0.043398,0.904499,0.420714,-0.412986,-0.690020,-1.052588,-1.461519,-1.410522
10173.600547,0.089382,0.662921,0.136130,-0.426425,-0.880490,-1.342054,-1.506351,-1.433256
10173.604547,0.066331,0.170191,-0.316189,-0.827353,-1.145500,-1.302398,-1.296443,-1.325074
10173.608547,0.033293,-0.128829,-0.612234,-1.073029,-1.371057,-1.249701,-1.217373,-0.743548
10173.612547,-0.004584,-0.473879,-0.975575,-1.203084,-1.221586,-1.239428,-0.931777,-0.371060
10173.616547,-0.120656,-0.859422,-1.067422,-1.433658,-1.183808,-1.099699,-0.694297,-0.095068
10173.620547,-0.125806,-1.182966,-1.406955,-1.196319,-0.983703,-0.855736,-0.208783,0.159380
10173.624547,0.003265,-1.021569,-1.374743,-1.032404,-1.015121,-0.600914,-0.125859,0.534476
10173.628547,0.061922,-1.066422,-1.114486,-0.935732,-0.499675,-0.133353,0.350336,0.719420
10173.632547,-0.012428,-0.899490,-0.853051,-0.593622,-0.281268,0.197672,0.694002,0.926681
10173.636547,-0.046894,-1.135786,-0.752272,-0.285432,-0.065459,0.611208,0.821786,1.147347
10173.640547,-0.014729,-0.992258,-0.490630,-0.128791,0.249012,0.727699,0.829324,0.875067
10173.644547,-0.071782,-0.450963,-0.201922,0.118184,0.518967,0.933088,1.009873,1.004293
10173.648547,0.037067,-0.440909,0.077759,0.541141,0.503495,0.698103,0.817436,0.740723
10173.652547,-0.007026,-0.149162,0.374541,0.840228,0.757093,0.744706,0.777745,0.683329
10173.656547,0.004158,0.287444,0.483106,0.761499,1.090496,0.770474,0.660901,0.456093
10173.660547,0.238945,0.491496,0.648589,0.725435,0.920518,0.670258,0.619381,0.155956
10173.664547,-0.070495,0.398826,0.751846,0.567069,0.805718,0.363593,0.073174,-0.041709
10173.668547,0.084635,0.611394,0.775983,0.699716,0.600995,0.472387,-0.023177,-0.213472
10173.672547,-0.206008,0.778687,0.608263,0.548856,0.327545,0.052257,-0.064116,-0.322885
10173.704937,-0.066046,0.778792,0.625467,0.551836,-0.006353,-0.121970,-0.193973,-0.602855
10173.708937,-0.051801,0.421269,0.447703,0.193640,-0.089592,-0.034553,-0.332185,-0.464671
10173.712937,0.010332,0.497267,0.317389,-0.111055,0.063156,-0.137905,-0.496236,-0.686656
10173.716937,-0.113397,0.180962,0.151784,-0.102876,-0.298038,-0.314016,-0.470545,-0.377084
10173.720937,-0.008337,0.326395,0.219011,-0.143277,-0.335659,-0.401459,-0.320201,-0.305613
10173.724937,-0.192698,0.094585,-0.145543,-0.208776,-0.330772,-0.414578,-0.528773,-0.453390
10173.728937,-0.030114,-0.069723,-0.181192,-0.240806,-0.401205,-0.462675,-0.179084,-0.134818
10173.732937,-0.072241,-0.033006,-0.306904,-0.238910,-0.253330,-0.314225,-0.137008,-0.224015
10173.736937,-0.004299,-0.152692,-0.314398,-0.163133,-0.102646,-0.177178,-0.092980,-0.044139
10173.740937,-0.010618,-0.200001,-0.173478,-0.199266,0.017040,-0.120197,-0.129589,-0.138953
10173.744937,0.097725,0.021203,-0.245254,-0.052961,-0.030361,-0.038711,-0.103133,0.106094
10173.748937,0.128561,0.062043,-0.021451,0.029576,-0.214857,0.056093,0.086507,0.016912
10173.752937,0.006482,-0.079466,-0.177601,0.046544,0.183401,-0.082939,0.020801,-0.112936
10173.756937,0.021044,-0.043760,-0.000559,0.103980,0.024500,-0.025879,-0.114318,0.044042
10173.760937,-0.112345,0.184104,0.037772,-0.105317,-0.182047,-0.087665,-0.106344,-0.029906
10173.764937,-0.102769,0.137381,-0.241539,-0.028748,-0.152466,-0.101757,-0.004580,-0.029616
10173.768937,0.033369,0.169558,0.105091,0.058031,-0.205519,-0.097309,-0.096143,-0.146628
10173.772937,0.103303,-0.011285,-0.248895,-0.042827,-0.274973,-0.400738,0.116591,-0.256928
10173.776937,0.063891,-0.198459,-0.227181,-0.318914,-0.374846,-0.172858,0.022719,-0.117538
10173.780937,-0.177578,-0.293227,-0.359279,-0.310671,-0.358617,-0.053382,-0.182275,0.026783
10173.784937,-0.017098,-0.296568,-0.395803,-0.373041,-0.378043,-0.230607,-0.160153,0.267964
10173.788937,0.039304,-0.332774,-0.440944,-0.540288,-0.436650,-0.182142,-0.023389,0.198867
10173.792937,0.018552,-0.516502,-0.190783,-0.338067,-0.277216,-0.095398,0.198371,0.268628
10173.796937,0.095300,-0.524138,-0.484215,-0.451740,-0.019472,-0.028653,0.346214,0.361341
10173.800937,0.086040,-0.389731,-0.462924,-0.282187,0.243326,0.283722,0.490237,0.399231
10173.804937,-0.101806,-0.448785,-0.318542,-0.148958,0.218892,0.230555,0.581020,0.526075
10173.808937,0.070861,-0.358823,-0.076039,0.264871,0.303913,0.456157,0.773202,0.821914
10173.812937,0.128141,-0.451233,0.118361,0.232198,0.633073,0.653345,0.676837,0.594844
10173.816937,-0.059988,-0.154155,0.227995,0.531338,0.840808,0.810324,0.682397,0.518964
10173.820937,-0.298611,0.153844,0.491166,0.628530,0.743994,0.534151,0.509879,0.306696
10173.824937,-0.072313,0.117868,0.653877,0.812370,0.885937,0.696700,0.604399,0.403146
10173.828937,-0.140766,0.515272,0.865208,0.955333,0.703351,0.796789,0.241098,-0.032976
10173.832937,0.066748,0.969890,0.836482,0.977297,0.721870,0.304161,0.039102,-0.385941
10173.836937,0.068219,0.818635,1.014883,0.832078,0.602279,0.217398,-0.254659,-0.487793
10173.840937,0.012317,0.975254,1.183787,0.568819,0.392456,0.003837,-0.473249,-0.741003
10173.844937,0.044154,1.006052,0.747570,0.463029,0.006271,-0.210385,-0.621566,-0.955173
10173.848937,-0.074803,0.883104,0.543267,0.188125,-0.397144,-0.690889,-1.046814,-1.166670
10173.852937,0.182385,0.700694,0.355054,-0.135253,-0.481346,-0.931797,-1.160532,-1.218606
10173.856937,-0.074531,0.628502,0.060584,-0.498481,-0.745643,-0.981155,-1.267025,-1.142602
10173.860937,0.000800,0.089403,-0.364343,-0.797568,-1.082301,-0.918489,-1.285235,-1.130650
10173.864937,0.097854,-0.161299,-0.679671,-0.932899,-1.357171,-1.230656,-1.116131,-0.761994
10173.868937,0.005009,-0.294476,-1.001941,-1.309757,-1.259165,-1.098030,-1.040076,-0.432855
10173.872937,-0.116706,-0.999659,-1.217845,-1.411410,-1.418640,-1.123113,-0.680233,-0.060824
10173.876937,-0.098170,-1.137731,-1.541977,-1.385498,-1.088504,-0.831204,-0.232135,0.063908
10173.880937,-0.111617,-1.293027,-1.356527,-1.087147,-0.863866,-0.336601,0.002388,0.633577
10173.884937,-0.137986,-1.347727,-1.400769,-1.029833,-0.850549,-0.320530,0.670097,1.326864
10173.888937,0.035316,-1.297969,-1.286033,-0.944999,-0.077514,0.325716,0.848062,1.433540
10173.892937,-0.034559,-1.451768,-1.088373,-0.421207,0.259317,0.710022,1.181742,1.387871
10173.896937,-0.051717,-0.947244,-0.614125,-0.082411,0.755604,1.069230,1.418772,1.530939
10173.900937,-0.163096,-0.820813,-0.169294,0.385030,1.078414,1.283062,1.603827,1.475912
10173.873067,0.092249,-0.226100,0.373874,0.851302,1.304124,1.561651,1.489038,1.468112
10173.877067,-0.214002,0.025965,0.851804,1.046331,1.592454,1.719945,1.435844,1.009740
10173.881067,-0.170102,0.473613,1.011252,1.348264,1.767382,1.502611,1.313556,0.666825
10173.885067,0.051215,0.970723,1.521007,1.508886,1.589028,1.500668,0.871748,0.282877
10173.889067,0.052425,1.288839,1.655429,1.707354,1.498609,0.973970,0.474712,-0.094453
10173.893067,-0.034089,1.644412,1.716854,1.685749,1.213756,0.602433,0.139614,-0.731604
10173.897067,-0.071477,1.755726,1.540739,1.367585,0.845742,0.231959,-0.457083,-1.107213
10173.901067,-0.019663,1.927656,1.792075,1.146041,0.434418,-0.323666,-0.972281,-1.450851
10173.905067,0.110839,1.567538,1.304152,0.620572,0.070629,-0.757917,-1.381775,-1.762271
10173.909067,0.170811,1.421374,0.982581,0.222166,-0.467082,-1.200440,-1.632891,-1.939811
10173.913067,-0.104000,1.042141,0.368168,-0.337783,-0.922862,-1.339563,-1.917530,-1.797705
10173.917067,-0.062744,0.449734,0.126049,-0.826508,-1.442403,-1.687234,-1.637899,-1.664505
10173.921067,0.249958,0.107663,-0.520888,-1.341434,-1.786746,-1.863091,-1.660658,-1.469530
10173.925067,0.090771,-0.375133,-1.122663,-1.538440,-1.960847,-1.763343,-1.589769,-0.956371
10173.929067,0.020689,-0.902129,-1.828924,-1.899332,-2.013913,-1.639593,-1.240239,-0.721409
10173.933067,0.056529,-1.364679,-1.783771,-1.890909,-1.775850,-1.189803,-0.678267,-0.023406
10173.937067,0.033001,-1.708531,-1.980724,-1.794889,-1.385990,-0.992826,-0.201886,0.411705
10173.941067,0.064766,-1.992223,-1.918749,-1.639083,-1.039622,-0.687034,0.442827,1.124464
10173.945067,0.053172,-1.998930,-1.690208,-1.163439,-0.728241,0.201588,0.903959,1.556597
10173.949067,0.078839,-1.883669,-1.633046,-0.961832,-0.104454,0.574211,1.080043,1.694800
10173.953067,-0.110279,-1.632000,-1.028242,-0.379641,0.224226,1.052048,1.537537,1.930111
10173.957067,0.077472,-1.290663,-0.622023,0.303082,0.804476,1.618630,1.860607,2.237367
10173.961067,0.029751,-1.021855,-0.123785,0.555861,1.561675,1.737274,2.118748,1.970785
10173.965067,-0.115345,-0.469783,0.559948,1.135712,1.701777,1.988882,1.652101,1.612729
10173.969067,0.114817,0.056059,1.055952,1.546500,1.809736,2.020521,1.744251,1.376559
10173.973067,-0.055831,0.894304,1.410521,1.891023,1.964813,1.751658,1.508649,0.760756
10173.977067,-0.032936,1.339773,1.895785,1.932730,2.087701,1.490016,0.995420,0.318046
10173.981067,-0.344135,1.521966,1.900787,1.998517,1.699829,0.921884,0.420715,-0.475699
10173.985067,-0.062371,1.839016,2.012845,1.761263,1.348891,0.626107,-0.055601,-0.975144
10173.989067,-0.008063,1.869128,1.847119,1.524374,0.800987,0.129294,-0.663933,-1.097909
10173.993067,0.033454,1.991124,1.551678,0.836606,0.308858,-0.567185,-1.095651,-1.633599
10173.997067,0.017995,1.743133,1.178328,0.517342,-0.135180,-0.718030,-1.494030,-1.852350
10174.001067,0.187325,1.426829,0.708197,0.090817,-0.538678,-1.264916,-1.777723,-2.161263
10174.005067,-0.154867,1.036113,0.246912,-0.491031,-1.074346,-1.809469,-2.001806,-1.779622
10174.009067,-0.125333,0.618600,-0.221154,-0.988901,-1.532860,-1.846302,-1.866419,-1.890598
10174.013067,0.126653,-0.005927,-0.654170,-1.346401,-1.582801,-2.008235,-1.616151,-1.434294
10174.017067,0.054508,-0.447999,-1.215251,-1.889539,-1.900945,-1.889622,-1.399920,-0.999892
10174.021067,-0.054539,-1.095665,-1.597131,-1.856512,-1.823081,-1.559857,-1.221048,-0.497331
10174.025067,-0.058657,-1.451904,-1.876756,-1.965812,-1.573939,-1.226294,-0.729725,0.152979
10174.029067,-0.041198,-1.506454,-1.937523,-1.821833,-1.430101,-0.925846,-0.059781,0.623942
10174.033067,0.033976,-1.829027,-1.796368,-1.359169,-0.941426,-0.499259,0.436871,1.185890
10174.037067,-0.231685,-1.946894,-1.558256,-1.062648,-0.507284,0.234170,1.013529,1.377701
10174.041067,-0.094193,-1.715462,-1.285646,-0.686165,0.054351,0.841933,1.289283,1.547557
10174.045067,-0.077162,-1.411041,-0.750741,-0.165638,0.380216,1.032943,1.530423,1.791324
10174.049067,-0.027229,-1.145003,-0.506160,0.253932,0.934739,1.329898,1.755346,1.938471
10174.053067,0.020672,-0.592202,-0.082097,0.794920,1.219672,1.746533,1.931905,1.529631
10174.057067,-0.064641,-0.093080,0.396566,1.123792,1.505640,1.713605,1.444578,1.371562
10174.061067,0.245768,0.282737,0.794957,1.490651,1.580851,1.673880,1.348629,0.809327
10174.065067,0.031069,0.686795,1.110413,1.620669,1.957524,1.596589,1.087996,0.825935
10174.069067,-0.175788,1.173656,1.677924,1.543860,1.576311,1.148199,0.657963,0.108272
10174.075686,-0.176469,1.278969,1.601928,1.397850,1.272195,0.693268,0.106698,-0.285576
10174.079686,0.009921,1.507227,1.532619,1.415725,0.933343,0.353277,-0.084499,-0.839693
10174.083686,0.134102,1.501443,1.511573,1.123102,0.647469,0.024093,-0.528964,-0.958890
10174.087686,-0.088059,1.614548,1.163280,0.557651,0.240482,-0.337881,-0.899431,-1.367870
10174.091686,-0.093877,1.214185,0.885917,0.311655,-0.347067,-0.813436,-1.295605,-1.520001
10174.095686,0.072796,0.862355,0.526745,-0.122778,-0.593745,-1.170923,-1.393879,-1.542409
10174.099686,0.029001,0.451172,0.088436,-0.585044,-1.000468,-1.308418,-1.349100,-1.519132
10174.103686,-0.188343,0.366618,-0.321354,-0.958966,-1.205283,-1.412642,-1.416770,-1.123768
10174.107686,-0.171239,-0.120442,-0.677048,-1.046488,-1.202866,-1.246694,-1.039632,-1.057721
10174.111686,0.033055,-0.397503,-0.966616,-1.206107,-1.182964,-1.249444,-0.825237,-0.541582
10174.115686,0.042178,-0.676438,-1.209979,-1.222782,-1.286390,-0.901312,-0.682789,-0.214795
10174.119686,-0.086352,-0.990451,-1.141852,-1.218681,-0.847243,-0.793565,-0.402391,0.153143
10174.123686,0.034083,-1.240831,-1.064660,-1.121625,-0.659877,-0.303324,0.088641,0.476183
10174.127686,-0.101167,-1.212762,-1.212748,-1.004248,-0.515005,-0.079727,0.180560,0.684703
10174.131686,-0.081001,-0.950232,-1.146248,-0.442844,-0.178085,-0.057707,0.538554,0.959862
10174.135686,-0.068088,-0.989688,-0.481138,-0.389415,-0.040895,0.563054,0.663603,1.084133
10174.139686,0.058416,-0.582722,-0.402452,-0.078325,0.339511,0.901470,0.934475,1.006037
10174.143686,-0.006523,-0.477844,-0.204033,0.114644,0.502036,0.745202,0.955960,0.899667
10174.147686,-0.017938,-0.280634,0.126699,0.354622,0.903138,1.027737,0.989995,0.899999
10174.151686,-0.113562,-0.066836,0.288049,0.486006,0.787430,1.123930,0.842374,0.793168
10174.155686,0.146373,0.130352,0.525554,0.700007,0.938029,0.868406,0.839440,0.442539
10174.159686,0.082642,0.352361,0.502364,0.849458,0.811506,0.745065,0.619278,0.226686
10174.163686,0.082953,0.657494,0.696618,0.699128,0.889123,0.556812,0.294966,-0.124563
10174.167686,0.024718,0.666345,0.616812,0.752499,0.517934,0.104597,0.005781,-0.121300
10174.171686,-0.089787,0.894483,0.700827,0.777678,0.260455,0.009879,-0.152757,-0.495770
10174.175686,-0.045628,0.774923,0.519882,0.242225,0.221134,0.083780,-0.467655,-0.605018
10174.179686,0.005587,0.414761,0.401238,0.381898,-0.016268,-0.152364,-0.334666,-0.597380
10174.183686,-0.105507,0.520573,0.276086,0.100886,-0.126931,-0.320766,-0.426281,-0.627245
10174.187686,0.038949,0.190903,0.358840,0.003440,-0.204837,-0.479374,-0.345426,-0.516862
10174.191686,0.060492,0.092960,-0.194140,-0.010584,-0.243786,-0.431929,-0.227381,-0.392567
10174.195686,0.120939,-0.122222,-0.137368,-0.263505,-0.427098,-0.460966,-0.345029,-0.309916
10174.199686,-0.019615,-0.104980,-0.070519,-0.389436,-0.311607,-0.365866,-0.328785,-0.406560
10174.203686,-0.004040,-0.179511,-0.176729,0.047733,-0.257980,-0.202470,-0.263175,-0.075140
10174.207686,-0.011254,-0.231373,-0.293434,-0.177795,-0.281074,-0.264045,0.031906,0.138047
10174.211686,-0.092934,-0.041731,-0.336747,-0.267031,-0.266220,-0.145713,-0.032020,-0.089012
10174.215686,-0.043735,-0.214837,-0.101822,-0.099360,0.058673,-0.212005,0.124840,0.172224
10174.219686,-0.054144,-0.112568,-0.037716,0.045911,-0.235992,-0.048184,0.070531,0.058692
10174.223686,0.002211,-0.187545,-0.070174,-0.052042,-0.092709,0.117111,-0.022409,-0.064125
10174.227686,0.195857,0.066343,0.031127,-0.006896,-0.070949,-0.096652,-0.137410,-0.057860
10174.231686,-0.151602,0.142115,-0.040093,0.083979,-0.113957,-0.015849,-0.210823,-0.139314
10174.235686,-0.052186,0.083698,-0.113963,0.108062,-0.082454,-0.117596,-0.270564,-0.089620
10174.239686,0.109453,-0.056676,-0.092389,-0.121941,-0.177024,-0.267471,-0.133225,-0.030346
10174.243686,-0.007360,-0.105395,-0.211899,0.072275,-0.257949,-0.175088,-0.369003,-0.224483
10174.247686,0.107616,-0.180808,-0.267607,-0.213284,-0.341350,-0.205375,-0.270778,-0.128515
10174.251686,0.064778,-0.234840,-0.401502,-0.364623,-0.416571,-0.314590,-0.172039,-0.053475
10174.255686,0.090328,-0.370923,-0.362016,-0.235801,-0.296023,-0.139959,-0.110269,0.121450
10174.259686,-0.018458,-0.531732,-0.359482,-0.355950,-0.297839,-0.259505,0.152837,0.239208
10174.263686,-0.063467,-0.327294,-0.319053,-0.393103,-0.318706,-0.010699,0.106690,0.560282
10174.267686,-0.103203,-0.359044,-0.486407,-0.331354,-0.207555,0.091849,0.183848,0.397876
10174.271686,-0.126270,-0.717812,-0.410429,-0.067879,0.045913,0.220263,0.678774,0.301725
10174.305018,0.027539,-0.558594,-0.276964,-0.127739,0.122906,0.427832,0.531213,0.542244
10174.309018,-0.135267,-0.293535,-0.153556,0.006688,0.199748,0.580461,0.620790,0.668412
10174.313018,0.252495,-0.138474,0.053535,0.156486,0.705192,0.685215,0.954176,0.552019
10174.317018,-0.129742,0.116644,0.290502,0.642214,0.568482,0.635045,0.608371,0.277302
10174.321018,-0.052300,0.005705,0.485252,0.680048,0.707070,0.833364,0.664814,0.549611
10174.325018,0.184716,0.435185,0.716093,0.879750,1.037525,0.598775,0.465018,0.086738
10174.329018,-0.062938,0.601350,0.743999,0.938456,0.875489,0.627332,0.367634,0.168991
10174.333018,0.035958,0.693083,0.856677,0.816235,0.874391,0.400495,-0.002636,-0.379809
10174.337018,-0.057505,0.899507,0.894895,0.921154,0.539874,0.209892,-0.091635,-0.443153
10174.341018,-0.061177,1.147954,0.925823,0.628610,0.433555,-0.015700,-0.414543,-0.801557
10174.345018,-0.000157,0.940802,0.782645,0.429393,0.091673,-0.193329,-0.726316,-0.883861
10174.349018,0.013322,1.029966,0.772982,0.147170,-0.406884,-0.759300,-0.838080,-1.064089
10174.353018,-0.097748,0.893765,0.304369,-0.148211,-0.573006,-0.765822,-1.181683,-1.021592
10174.357018,0.056307,0.614919,0.099106,-0.401524,-0.759845,-1.086598,-1.266107,-1.047050
10174.361018,-0.007180,0.292728,-0.192063,-0.689763,-0.968397,-1.175146,-1.144720,-1.046804
10174.365018,0.025364,-0.135100,-0.612156,-0.992185,-1.213691,-1.053992,-1.083735,-0.691100
10174.369018,0.003184,-0.498700,-1.035894,-1.282383,-1.359980,-1.338254,-0.890764,-0.559232
10174.373018,-0.105575,-0.646777,-1.077925,-1.136950,-1.293048,-1.064180,-0.584089,-0.079707
10174.377018,-0.028685,-1.215181,-1.292148,-1.515874,-1.097612,-0.807268,-0.201717,0.369059
10174.381018,0.063376,-1.459975,-1.564055,-1.426210,-0.979111,-0.595716,0.096667,0.547257
10174.385018,-0.054801,-1.455197,-1.330880,-1.156779,-0.662238,-0.032212,0.482489,0.966893
10174.389018,0.069102,-1.541764,-1.128817,-0.558415,-0.213895,0.294937,0.725075,1.217878
10174.393018,0.036636,-1.345342,-0.954855,-0.431609,0.122609,0.733187,1.112292,1.475567
10174.397018,0.015649,-0.964565,-0.677149,0.068491,0.675997,1.072425,1.369836,1.690560
10174.401018,-0.130068,-0.859391,-0.296335,0.361083,0.957584,1.532621,1.534562,1.739376
10174.405018,0.090038,-0.428116,0.203853,0.865029,1.316649,1.456891,1.525073,1.224898
10174.409018,0.175855,0.081225,0.660743,1.144281,1.490387,1.499072,1.510991,1.193750
10174.413018,0.156739,0.601916,1.166697,1.611479,1.654714,1.457318,1.348095,0.684337
10174.417018,-0.008998,0.851089,1.534947,1.755836,1.527470,1.420843,1.042979,0.311501
10174.421018,-0.001491,1.417562,1.620131,1.713060,1.613136,1.013173,0.455253,-0.317463
10174.425018,0.200787,1.609101,1.856770,1.520183,1.401520,0.691785,0.192737,-0.639644
10174.429018,-0.108400,1.865613,1.729168,1.309875,0.749288,0.302834,-0.433690,-1.036970
10174.433018,0.023382,1.769653,1.597687,1.170128,0.454343,-0.179133,-0.838888,-1.317822
10174.437018,-0.223247,1.629792,1.325909,0.884945,0.095250,-0.597392,-1.037421,-1.698795
10174.441018,0.207122,1.497410,0.778495,0.019458,-0.547227,-1.093605,-1.644877,-1.818811
10174.445018,0.191701,1.073823,0.602090,-0.242341,-0.889830,-1.543904,-1.822123,-1.830152
10174.449018,-0.008768,0.684371,0.022967,-0.569099,-1.470376,-1.772531,-1.774989,-1.685025
10174.453018,-0.129572,0.192483,-0.699505,-1.237493,-1.531587,-1.820257,-1.727090,-1.267623
10174.457018,-0.012424,-0.376508,-1.110999,-1.530638,-2.013405,-1.953784,-1.562586,-0.968014
10174.461018,0.190378,-1.000346,-1.496619,-1.816982,-2.029329,-1.769612,-1.396644,-0.498787
10174.465018,-0.080486,-1.225360,-1.735973,-1.956166,-1.876162,-1.352728,-0.794794,0.023508
10174.469018,0.115480,-1.762828,-1.975451,-1.755234,-1.408472,-1.072807,-0.340330,0.417514
10174.473018,0.023782,-2.038797,-1.935927,-1.687672,-1.233146,-0.472398,0.291052,0.967155
10174.477018,0.168112,-2.009098,-1.792999,-1.412685,-0.604816,-0.057736,0.819539,1.340490
10174.481018,-0.171489,-1.953132,-1.579093,-0.860504,-0.258300,0.385787,1.071114,1.769520
10174.485018,0.046786,-1.640876,-1.157830,-0.370735,0.187031,0.888048,1.495344,1.924976
10174.489018,0.078149,-1.402503,-0.716183,0.206798,0.850455,1.523076,1.898488,1.860090
10174.493018,0.179388,-0.931840,0.102132,0.736082,1.374096,1.658149,2.026600,1.866217
10174.497018,-0.022726,-0.448905,0.547780,1.261115,1.528699,1.911894,1.915054,1.653634
10174.501018,0.014324,0.224724,1.022775,1.754882,1.893927,2.089108,1.921299,1.393025
10174.475042,0.000000,0.830802,1.457229,2.016895,1.961302,1.810315,1.348312,1.009328
10174.479042,48.175369,1.179924,1.625511,1.966032,1.930531,1.593680,0.820317,0.157943
10174.483042,84.432793,1.680887,1.873873,2.068627,1.797591,1.391376,0.438593,-0.386056
10174.487042,99.802673,1.966902,1.867009,1.807580,1.350711,0.814309,-0.141423,-0.858152
10174.491042,90.482704,1.923206,1.808949,1.692239,0.947989,0.265212,-0.554161,-1.313541
10174.495042,58.778526,1.886543,1.567653,1.016396,0.293799,-0.324323,-1.211356,-1.519137
10174.499042,12.533323,1.820536,1.293738,0.634932,-0.216001,-0.998568,-1.560070,-2.017372
10174.503042,-36.812454,1.331326,0.869865,0.123672,-0.675843,-1.403113,-1.881789,-2.040922
10174.507042,-77.051323,1.001705,0.271237,-0.290757,-0.985927,-1.530961,-1.959212,-2.041140
10174.511042,-98.228722,0.477742,-0.252591,-0.933108,-1.477174,-2.060977,-1.802563,-1.591143
10174.515042,-95.105652,0.058530,-0.794514,-1.387638,-1.815850,-2.009317,-1.903362,-1.074744
10174.519042,-68.454712,-0.540332,-1.035842,-1.862872,-1.938861,-1.904160,-1.539504,-0.907905
10174.523042,-0.043793,-1.206368,-1.667389,-1.957082,-1.924688,-1.704575,-1.110971,-0.425429
10174.527042,-0.215455,-1.524212,-1.768494,-1.901926,-1.879425,-1.176615,-0.558486,0.345970
10174.531042,0.176341,-1.776475,-1.887219,-1.769220,-1.272949,-0.843946,0.028464,0.647664
10174.535042,-0.079841,-1.949768,-1.713015,-1.424625,-0.887015,-0.577848,0.392635,1.194596
10174.539042,-0.143053,-1.773734,-1.673711,-1.253865,-0.597270,0.348463,0.966057,1.417359
10174.543042,0.220077,-1.869439,-1.367140,-0.557650,-0.040851,0.654643,1.258698,1.627001
10174.547042,0.092847,-1.507368,-0.627256,-0.372505,0.638399,1.180569,1.491461,1.809619
10174.551042,0.084465,-0.994957,-0.621066,0.299957,0.774952,1.531947,1.830202,1.620016
10174.555042,-0.197628,-0.649998,0.030920,0.722007,1.319722,1.623984,1.762127,1.513990
10174.559042,-0.102746,-0.086029,0.575577,1.078094,1.429285,1.876867,1.817666,1.434820
10174.563042,0.063298,0.215207,1.067009,1.468547,1.565266,1.741384,1.368542,1.035131
10174.567042,0.114440,0.807752,1.186812,1.653228,1.726445,1.424723,1.057755,0.713119
10174.571042,0.165632,1.061381,1.292527,1.793935,1.758169,1.368600,0.656441,0.134314
10174.575042,-0.092471,1.487711,1.539887,1.509803,1.300481,0.789397,0.326604,-0.463129
10174.579042,0.258736,1.584088,1.541695,1.286622,0.950098,0.407819,-0.216260,-0.827614
10174.583042,-0.082292,1.647605,1.577836,1.011233,0.586344,-0.184812,-0.654897,-0.907435
10174.587042,0.119984,1.527553,1.077429,0.669121,0.120498,-0.318669,-0.819560,-1.333083
10174.591042,0.090886,1.194454,0.902379,0.445103,-0.082030,-0.902316,-1.066112,-1.210365
10174.595042,-0.140455,0.824439,0.658624,-0.104009,-0.635982,-0.952605,-1.453085,-1.421869
10174.599042,-0.128563,0.729293,0.192967,-0.426392,-0.924104,-1.266418,-1.427781,-1.347575
10174.603042,0.096222,0.086141,-0.093121,-0.755609,-0.927700,-1.329413,-1.347549,-1.073332
10174.607042,-0.115963,-0.220727,-0.639384,-1.021505,-1.177616,-1.328378,-1.041522,-1.122966
10174.611042,0.189674,-0.504020,-0.827757,-1.071340,-1.435478,-1.072065,-0.867362,-0.346517
10174.615042,0.016560,-0.756912,-1.162614,-1.323749,-1.232387,-0.952255,-0.565001,-0.271838
10174.619042,-0.001326,-0.952153,-1.401594,-1.129752,-1.085013,-0.738351,-0.160857,0.075195
10174.623042,-0.078845,-1.333946,-1.195307,-0.979313,-1.033329,-0.533208,0.045766,0.438931
10174.627042,-0.038491,-1.127606,-0.914796,-0.881509,-0.513004,-0.057433,0.148108,0.772694
10174.631042,-0.147461,-1.086470,-0.820476,-0.669661,-0.122020,0.032367,0.637025,0.951152
10174.635042,-0.262989,-0.904441,-1.000725,-0.323618,0.118274,0.435068,0.826814,1.246538
10174.639042,-0.048655,-0.876242,-0.233656,-0.029651,0.463878,0.529017,0.685661,0.944048
10174.643042,-0.014484,-0.574549,-0.215696,0.033733,0.594091,0.810240,0.753808,0.932632
10174.647042,-0.010845,-0.157082,0.049012,0.550505,0.821203,0.823135,1.005654,0.942783
10174.651042,0.111382,0.028567,0.326298,0.492936,0.945293,0.751685,0.816311,0.749677
10174.655042,-0.099001,0.224756,0.364846,0.704022,0.745538,0.743221,0.730539,0.488512
10174.659042,-0.056849,0.444760,0.603613,0.747590,0.681801,0.638277,0.281369,0.404403
10174.663042,0.120950,0.801048,0.825342,0.790789,0.473506,0.623117,0.402284,-0.138790
10174.667042,0.057227,0.650742,0.704812,0.735013,0.591589,0.227516,0.156525,-0.362659
10174.671042,0.050076,0.683463,0.579180,0.680130,0.182677,0.159060,-0.108088,-0.209593
10174.676600,0.066944,0.394803,0.505146,0.563905,0.175615,-0.159404,-0.285613,-0.302154
10174.680600,-0.084799,0.429709,0.395218,0.172917,0.095210,-0.233365,-0.352429,-0.355113
10174.684600,-0.094820,0.524778,0.361699,-0.044137,0.014299,-0.430960,-0.591253,-0.599559
10174.688600,-0.080431,0.256457,0.015412,-0.000928,-0.246051,-0.354430,-0.388001,-0.317083
10174.692600,-0.043385,0.098341,0.077345,-0.039242,-0.293735,-0.385706,-0.444979,-0.452369
10174.696600,-0.039418,0.033053,-0.038370,-0.150521,-0.420012,-0.366150,-0.431628,-0.318163
10174.700600,0.012985,0.042036,-0.186572,-0.220515,-0.423845,-0.434277,-0.301628,0.144962
10174.704600,-0.078643,-0.102796,-0.163598,-0.256354,-0.335013,-0.193404,-0.275918,-0.054524
10174.708600,-0.058274,-0.049122,-0.381218,-0.236219,-0.325619,-0.087113,-0.015931,-0.277533
10174.712600,-0.124279,-0.054294,-0.186175,-0.110801,-0.146439,-0.079523,0.067037,-0.082461
10174.716600,-0.044233,-0.223604,-0.097850,-0.241707,0.012267,-0.090409,0.062967,-0.015324
10174.720600,0.080778,0.043380,0.005900,-0.142706,0.115597,0.067470,-0.036228,0.080005
10174.724600,0.153666,-0.113898,-0.112465,-0.025614,-0.143542,0.017205,0.088187,0.038744
10174.728600,-0.072548,0.112466,-0.001924,-0.072678,0.022393,0.107734,-0.077999,0.135708
10174.732600,0.007771,0.064853,0.038791,-0.057016,-0.157083,0.141132,-0.188252,0.048922
10174.736600,0.172935,-0.012601,0.073693,0.032118,-0.010786,-0.174083,-0.163768,-0.039603
10174.740600,-0.163954,-0.163414,-0.021426,-0.108452,-0.128954,-0.244050,-0.094294,-0.062602
10174.744600,0.016374,-0.147121,0.004214,-0.345456,-0.339973,-0.149291,-0.314975,-0.222383
10174.748600,0.013339,-0.000420,-0.126748,-0.116852,-0.320233,-0.346227,-0.332621,-0.106940
10174.752600,0.027428,0.056133,-0.214424,-0.492130,-0.201992,-0.349438,-0.303823,0.049572
10174.756600,0.084095,-0.183493,-0.422304,-0.150163,-0.236791,-0.329341,0.117255,0.098895
10174.760600,-0.001692,-0.446585,-0.745461,-0.316270,-0.363720,-0.188266,-0.012479,0.073504
10174.764600,0.051754,-0.553585,-0.616094,-0.366314,-0.291121,-0.253686,0.003383,0.307805
10174.768600,0.013980,-0.376387,-0.328210,-0.264023,-0.193913,0.025392,0.314969,0.520422
10174.772600,0.054428,-0.564952,-0.366788,-0.223848,-0.189856,0.216575,0.376910,0.614030
10174.776600,-0.110377,-0.568799,-0.174866,-0.140565,0.122058,0.451059,0.622005,0.755778
10174.780600,-0.035430,-0.398705,-0.145157,0.070594,0.414076,0.521122,0.530858,0.475963
10174.784600,-0.012600,-0.156087,-0.010470,0.194998,0.696932,0.643187,0.800414,0.739372
10174.788600,0.151033,-0.031943,0.123295,0.327007,0.664760,0.928768,0.718755,0.691073
10174.792600,-0.097150,0.338300,0.545200,0.702739,0.890555,0.725468,0.695210,0.332177
10174.796600,-0.061063,0.330155,0.583494,0.647680,1.072353,0.619474,0.625267,0.055893
10174.800600,-0.057760,0.604254,0.973906,0.929825,0.718005,0.603655,0.453994,0.096574
10174.804600,-0.066846,0.679364,0.871817,0.971098,0.557331,0.433601,-0.021551,-0.314096
10174.808600,0.051128,0.954572,1.040836,0.956174,0.942219,0.308746,-0.106187,-0.590948
10174.812600,0.089437,1.183835,0.860651,0.631625,0.277615,-0.187220,-0.445506,-0.900125
10174.816600,-0.009935,1.045861,0.832131,0.421886,-0.087616,-0.225254,-0.885468,-0.950624
10174.820600,0.148567,0.924398,0.730537,0.249359,-0.375462,-0.503522,-0.995535,-1.138807
10174.824600,0.068385,0.638732,0.430180,-0.070160,-0.378283,-0.777630,-1.125638,-1.191311
10174.828600,-0.073177,0.453347,-0.067648,-0.467628,-0.956004,-1.193387,-1.058838,-1.247242
10174.832600,-0.142858,0.093854,-0.178282,-0.842253,-1.098396,-1.196394,-1.142400,-0.994538
10174.836600,0.038737,-0.083411,-0.777918,-1.087782,-1.318964,-1.299224,-0.973326,-0.668214
10174.840600,-0.008631,-0.452473,-0.739978,-1.350145,-1.379255,-1.227336,-0.867316,-0.420324
10174.844600,-0.106198,-0.846326,-1.111069,-1.467098,-1.274695,-1.099385,-0.772610,-0.024740
10174.848600,0.046582,-1.234785,-1.265959,-1.151554,-1.151322,-0.921618,-0.315711,0.061665
10174.852600,-0.012007,-1.387637,-1.341489,-1.333785,-0.844831,-0.532530,0.086369,0.493448
10174.856600,-0.106822,-1.377952,-1.264712,-1.143742,-0.568844,0.009295,0.387076,1.026346
10174.860600,0.001221,-1.417749,-1.224569,-1.000564,-0.225916,0.322559,0.836031,1.102914
10174.864600,0.100108,-1.329881,-1.151949,-0.284764,0.214735,0.830966,1.163385,1.464351
10174.868600,0.106461,-1.060848,-0.614144,-0.068690,0.335159,1.188850,1.530955,1.631565
10174.872600,0.114180,-0.870739,-0.223686,0.381086,0.785446,1.324563,1.593699,1.633823
10174.890038,0.051922,-0.440612,0.348817,0.876121,1.145859,1.594312,1.679667,1.436041
10174.894038,-0.114363,-0.023785,0.902274,1.124173,1.555445,1.396985,1.629519,1.198925
10174.898038,0.176528,0.421067,1.217595,1.394565,1.829061,1.354169,1.378398,0.763302
10174.902038,0.071965,1.012416,1.469168,1.917887,1.855605,1.472980,0.964545,0.477539
10174.906038,0.160614,1.337590,1.658415,1.631481,1.571755,1.141821,0.627840,0.040606
10174.910038,0.129442,1.708737,1.735001,1.604763,1.358347,0.785302,0.131026,-0.711919
10174.914038,-0.092997,1.710866,1.799907,1.432010,1.071802,0.164132,-0.526779,-1.075838
10174.918038,-0.051871,1.705171,1.569819,1.111597,0.344692,-0.289016,-0.823106,-1.450779
10174.922038,-0.081189,1.637619,1.149071,0.854061,0.066201,-0.471680,-1.292979,-1.725086
10174.926038,-0.086020,1.474941,0.831732,0.094481,-0.392157,-1.155837,-1.592153,-1.808557
10174.930038,0.041289,0.894415,0.290517,-0.135482,-1.001071,-1.480129,-1.735060,-1.869361
10174.934038,-0.106938,0.482666,-0.206928,-0.884211,-1.476654,-1.901219,-1.782397,-1.543813
10174.938038,-0.093470,-0.058177,-0.613241,-1.105687,-1.836682,-2.021102,-2.026916,-1.391087
10174.942038,-0.100014,-0.322724,-1.020692,-1.459733,-1.770600,-2.023459,-1.593782,-0.914414
10174.946038,-0.136836,-0.948794,-1.483234,-1.847505,-1.884770,-1.762683,-1.310749,-0.509087
10174.950038,-0.017879,-1.136713,-1.888880,-1.942748,-1.933616,-1.354520,-0.790105,0.022024
10174.954038,-0.071418,-1.870832,-1.804462,-1.793214,-1.453224,-0.887392,-0.246479,0.563630
10174.958038,-0.090655,-1.941358,-1.825753,-1.480687,-1.138894,-0.812075,0.317749,1.144745
10174.962038,-0.030386,-2.068738,-1.701113,-1.387917,-0.737989,-0.111311,0.639695,1.514789
10174.966038,-0.123640,-1.709327,-1.316172,-1.018616,-0.242755,0.663772,1.422634,1.770142
10174.970038,-0.065119,-1.697082,-1.104089,-0.456144,0.493772,1.020007,1.687031,2.019192
10174.974038,0.000988,-1.324441,-0.629210,0.056534,0.969722,1.491914,1.863439,1.875168
10174.978038,0.194798,-0.757745,-0.233693,0.737968,1.285901,1.716293,1.919200,1.926164
10174.982038,-0.014402,-0.323731,0.488552,1.262896,1.931018,1.945550,1.901252,1.630276
10174.986038,0.070500,0.341603,0.874655,1.810689,1.805619,2.074996,1.821111,1.100110
10174.990038,0.026941,0.590746,1.331279,1.841061,2.014158,1.972264,1.344971,0.801749
10174.994038,0.092581,1.234452,1.745432,1.840172,1.761666,1.484069,1.113389,0.371468
10174.998038,0.124835,1.656788,1.995946,1.930803,1.662588,0.965838,0.481146,-0.271553
10175.002038,-0.061658,1.965539,2.115252,1.694868,1.577830,0.735895,0.067437,-0.912277
10175.006038,0.145088,2.050902,1.859278,1.394988,0.893250,0.221569,-0.619102,-1.292962
10175.010038,-0.048750,1.810697,1.658860,0.996400,0.466915,-0.318358,-0.948356,-1.696168
10175.014038,-0.004255,1.606068,1.214433,0.592696,-0.165894,-0.952261,-1.578215,-1.861846
10175.018038,-0.029877,1.562256,0.829927,0.002297,-0.593473,-1.453085,-1.836346,-2.073164
10175.022038,-0.025412,1.140185,0.300967,-0.654197,-1.210058,-1.656988,-1.910222,-1.917104
10175.026038,0.076917,0.561058,-0.271598,-0.952560,-1.561589,-1.877552,-1.913041,-1.585301
10175.030038,0.047242,-0.030104,-0.809802,-1.324817,-1.769387,-1.946530,-1.808296,-1.341536
10175.034038,-0.066734,-0.698404,-1.059736,-1.534533,-1.899264,-1.788559,-1.511557,-0.858655
10175.038038,0.012485,-1.007228,-1.662282,-1.684684,-1.989039,-1.522965,-1.170933,-0.605323
10175.042038,0.096866,-1.397647,-1.923697,-1.821510,-1.736560,-1.071780,-0.756718,0.053138
10175.046038,0.085485,-1.730448,-1.952732,-1.746234,-1.287142,-0.817132,-0.124084,0.546823
10175.050038,-0.041755,-1.940033,-1.689201,-1.447278,-1.121948,-0.373591,0.483634,1.137641
10175.054038,-0.006791,-1.852586,-1.615780,-1.201462,-0.414059,0.263499,0.908203,1.322891
10175.058038,-0.058459,-1.750044,-1.336789,-0.697044,0.137692,0.695644,1.135747,1.743479
10175.062038,-0.132188,-1.376764,-0.937261,-0.171184,0.524378,1.117535,1.457791,1.724009
10175.066038,0.053414,-1.037331,-0.246588,0.277398,0.993657,1.389128,1.639588,1.873415
10175.070038,-0.070215,-0.760880,-0.077575,0.758207,1.210865,1.488460,1.944160,1.378969
10175.074038,-0.041017,0.015829,0.529537,1.360107,1.612857,1.603748,1.721610,1.264269
10175.078038,-0.025391,0.223727,0.873538,1.483179,1.577011,1.477328,1.460603,0.927732
10175.082038,0.091967,0.679071,1.372501,1.662907,1.721904,1.359879,1.085897,0.612902
10175.086038,-0.055348,0.906325,1.426983,1.550871,1.485452,1.066742,0.769340,0.128072
10175.076229,-0.090814,1.336288,1.510798,1.621957,1.208803,0.759832,0.263110,-0.462486
10175.080229,0.167664,1.457046,1.649935,1.472537,0.840786,0.402347,-0.276207,-0.687586
10175.084229,-0.007714,1.645954,1.599711,1.270069,0.483987,-0.122834,-0.718428,-0.990875
10175.088229,0.075192,1.533612,1.247945,0.697858,0.181051,-0.387243,-0.938402,-1.398679
10175.092229,0.160971,1.147091,0.827456,0.485311,-0.149690,-0.914440,-1.431609,-1.555824
10175.096229,0.011924,0.987310,0.490526,-0.011126,-0.618066,-0.982966,-1.295991,-1.672139
10175.100229,0.008818,0.612624,0.125685,-0.476608,-1.095527,-1.228190,-1.350175,-1.533770
10175.104229,0.172766,0.349619,-0.375473,-0.893253,-1.141694,-1.350618,-1.295609,-1.095804
10175.108229,0.058649,-0.233970,-0.642282,-1.003661,-1.313382,-1.280373,-1.087945,-0.947101
10175.112229,-0.003518,-0.524763,-0.947371,-1.364501,-1.271441,-0.938831,-0.909799,-0.303955
10175.116229,0.129116,-0.840684,-1.054890,-1.183591,-1.161484,-1.091587,-0.627876,-0.012407
10175.120229,-0.155440,-0.880098,-1.076817,-1.395830,-1.130374,-0.775802,-0.227227,0.167163
10175.124229,-0.055092,-1.105287,-1.152211,-1.112078,-0.666916,-0.433318,0.096633,0.372600
10175.128229,0.036318,-1.200365,-1.155674,-0.738217,-0.609578,-0.163662,0.163289,0.645015
10175.132229,-0.169704,-0.978094,-0.899804,-0.554076,-0.189642,0.102444,0.684367,0.895945
10175.136229,0.058026,-1.235495,-0.828078,-0.417624,0.097893,0.313960,1.031242,1.140148
10175.140229,0.130159,-0.621600,-0.389426,-0.167746,0.388285,0.638421,0.904997,1.112953
10175.144229,-0.056323,-0.586981,-0.070277,0.136105,0.538235,0.825290,1.029391,1.034180
10175.148229,-0.066442,-0.432796,0.228318,0.225883,0.773479,0.898479,0.962206,0.857242
10175.152229,-0.023779,-0.016806,0.368690,0.654796,0.547219,0.889832,0.911690,0.567850
10175.156229,0.046263,0.326801,0.531267,0.752086,0.709178,0.812065,0.722634,0.378217
10175.160229,-0.038603,0.468619,0.684505,0.828964,0.639696,0.731981,0.317549,0.166134
10175.164229,0.193906,0.612012,0.744027,0.675426,0.845521,0.549278,0.034272,-0.094214
10175.168229,0.027371,0.611562,0.818727,0.565744,0.560889,0.262804,0.073919,-0.273135
10175.172229,0.005926,0.803616,0.495066,0.759917,0.718518,0.080637,0.011007,-0.279260
10175.176229,0.076949,0.539988,0.456121,0.353599,0.148415,-0.171461,-0.359336,-0.369291
10175.180229,0.154457,0.443723,0.662061,0.094296,-0.097031,-0.386879,-0.568273,-0.403932
10175.184229,-0.048108,0.416372,0.234759,-0.054388,-0.301840,-0.536446,-0.483114,-0.483884
10175.188229,-0.106988,0.050902,0.204661,0.034036,-0.389205,-0.508703,-0.393991,-0.679448
10175.192229,-0.153750,0.289815,-0.071657,-0.176568,-0.435776,-0.293796,-0.448266,-0.305175
10175.196229,-0.069254,-0.090185,-0.133453,-0.336124,-0.397693,-0.475021,-0.504450,-0.232351
10175.200229,0.029899,-0.172078,-0.011839,-0.356736,-0.250460,-0.600684,-0.322745,-0.392278
10175.204229,-0.104538,-0.094709,-0.192576,-0.353901,-0.288459,-0.236163,-0.266298,-0.042504
10175.208229,-0.003784,-0.220471,-0.037143,-0.282698,-0.338599,-0.088662,-0.054939,-0.235501
10175.212229,-0.215362,-0.117316,-0.260922,-0.159024,-0.202038,-0.060189,0.026209,-0.168717
10175.216229,-0.118241,0.022027,-0.098500,-0.058913,0.134753,0.064461,0.006264,-0.071100
10175.220229,0.119881,0.047218,-0.057004,0.131175,-0.002074,0.004906,0.147372,0.101572
10175.224229,0.076290,-0.239373,0.015863,-0.062746,-0.060038,-0.017446,-0.054528,0.093353
10175.228229,-0.121141,-0.159766,-0.000185,0.139240,-0.056662,-0.039917,-0.049576,0.226852
10175.232229,0.093781,-0.008235,0.006217,-0.080738,0.155556,-0.208613,-0.168487,0.013063
10175.236229,0.169866,0.056749,-0.016048,-0.033494,-0.072702,0.098881,-0.081411,-0.157096
10175.240229,0.039743,0.130315,-0.126563,-0.070049,-0.142364,-0.286920,-0.215237,-0.195741
10175.244229,-0.049793,0.172236,-0.098003,-0.135064,-0.148122,-0.231814,-0.246850,0.000288
10175.248229,0.149776,-0.001843,-0.195920,-0.213899,-0.356586,-0.249673,-0.322117,-0.038401
10175.252229,0.164569,-0.301518,-0.100284,-0.258133,-0.394778,-0.239377,-0.018706,0.069993
10175.256229,0.120824,-0.329698,-0.453664,-0.372699,-0.316367,-0.255810,-0.165609,-0.059816
10175.260229,0.071180,-0.461394,-0.343477,-0.422698,-0.311346,-0.282587,0.037429,0.132145
10175.264229,-0.107687,-0.492359,-0.542109,-0.530422,-0.157624,-0.172622,0.171638,0.519656
10175.268229,-0.093962,-0.468895,-0.486293,-0.283048,-0.300526,0.120874,0.281645,0.662159
10175.272229,-0.204344,-0.566392,-0.341921,-0.110095,0.009111,0.364279,0.424418,0.548071
10175.289092,-0.173206,-0.411474,-0.128906,-0.147552,0.146828,0.259713,0.597122,0.599858
10175.293092,0.081097,-0.376654,-0.138510,0.124710,0.387609,0.556313,0.695557,0.795426
10175.297092,0.097490,-0.042548,-0.058767,0.249977,0.654394,0.577479,0.872437,0.583095
10175.301092,-0.014462,-0.063429,0.267473,0.684007,0.823098,0.954849,0.939543,0.509496
10175.305092,-0.101174,0.209428,0.510318,0.542410,0.876071,0.678270,0.608041,0.491058
10175.309092,0.047469,0.429415,0.697108,0.887019,0.784579,0.772502,0.521505,0.238554
10175.313092,0.115788,0.668802,0.974110,0.847242,0.815977,0.475957,0.239108,-0.045846
10175.317092,0.047406,0.776386,0.827062,0.937653,0.566242,0.287988,0.018428,-0.225965
10175.321092,-0.087137,0.970747,1.046298,0.880832,0.742024,0.234364,-0.023918,-0.462971
10175.325092,-0.039215,0.931373,0.944395,0.557803,0.320790,-0.069530,-0.325905,-0.836316
10175.329092,0.044193,0.916700,0.890565,0.622900,-0.015691,-0.332734,-0.449679,-1.036248
10175.333092,-0.145397,0.937843,0.496106,0.235697,-0.149037,-0.737039,-1.083725,-0.993405
10175.337092,0.173384,0.703050,0.474604,0.064287,-0.472433,-0.878369,-1.037236,-1.062667
10175.341092,-0.224486,0.466624,-0.108348,-0.527043,-0.797373,-1.105564,-1.192280,-1.126196
10175.345092,-0.018658,0.165157,-0.158535,-0.683368,-1.161194,-1.268637,-1.126369,-1.010395
10175.349092,0.051336,-0.181843,-0.627870,-0.891950,-1.194610,-1.068576,-1.163433,-0.857018
10175.353092,0.039805,-0.554371,-0.938261,-1.189561,-1.441840,-1.418070,-0.832826,-0.615302
10175.357092,-0.050982,-0.881574,-1.203949,-1.266843,-1.223112,-1.014150,-0.571371,-0.225712
10175.361092,-0.075015,-0.785253,-1.342349,-1.275548,-1.276761,-0.709928,-0.310972,0.202456
10175.365092,0.175872,-1.195082,-1.422478,-1.249288,-0.972167,-0.566529,0.107773,0.658949
10175.369092,0.105290,-1.396472,-1.470132,-1.282226,-0.651848,-0.196322,0.484312,1.026924
10175.373092,0.033821,-1.496429,-1.170110,-0.645996,-0.200640,0.377724,0.817374,1.285738
10175.377092,0.154948,-1.337448,-0.979143,-0.296177,0.159243,0.802137,1.218306,1.521865
10175.381092,0.088151,-0.972233,-0.489605,0.145636,0.571092,0.981857,1.425723,1.849454
10175.385092,-0.004337,-0.959380,0.082421,0.454155,0.903512,1.273532,1.597498,1.611046
10175.389092,0.074568,-0.280729,0.110758,0.734662,1.314813,1.693573,1.561689,1.157406
10175.393092,0.091728,-0.203227,0.648509,1.296318,1.628070,1.486405,1.591433,1.260000
10175.397092,0.072435,0.505101,1.145369,1.427992,1.784727,1.750164,1.234485,0.840620
10175.401092,0.108582,0.936017,1.197192,1.692308,1.363963,1.578803,1.005800,0.305012
10175.405092,0.101473,1.209157,1.766965,1.750087,1.564812,1.076950,0.497956,-0.086610
10175.409092,-0.088044,1.474668,1.861178,1.693545,1.182436,0.732544,0.060152,-0.691084
10175.413092,0.022133,1.754249,1.813688,1.469185,0.860148,0.205016,-0.387205,-1.237155
10175.417092,-0.112604,1.765523,1.546530,1.197067,0.327777,-0.275675,-0.896873,-1.457057
10175.421092,-0.074647,1.609195,1.296078,0.648151,-0.060621,-0.835459,-1.074453,-1.675668
10175.425092,0.157702,1.401016,0.888685,0.241306,-0.536687,-1.147629,-1.594653,-1.852180
10175.429092,-0.009994,1.172696,0.308662,-0.145242,-0.937921,-1.550023,-1.723654,-1.747296
10175.433092,0.033468,0.609562,-0.267942,-0.883828,-1.392057,-1.722214,-1.865602,-1.647921
10175.437092,-0.022746,0.178995,-0.400602,-1.238458,-1.714145,-1.889409,-1.706692,-1.418567
10175.441092,0.081858,-0.316601,-0.912147,-1.560699,-1.867009,-1.827389,-1.563246,-1.006927
10175.445092,0.140546,-0.954929,-1.618033,-1.826021,-1.892205,-1.592631,-1.229434,-0.596430
10175.449092,-0.058493,-1.408086,-1.859073,-2.054510,-2.017831,-1.306936,-0.747707,0.181419
10175.453092,-0.145747,-1.489875,-1.946247,-2.040943,-1.747551,-1.028889,-0.165202,0.529927
10175.457092,-0.036167,-1.785730,-1.926789,-1.841183,-1.042363,-0.585149,0.176034,0.981300
10175.461092,0.033728,-2.032506,-1.973120,-1.412946,-0.602599,0.055440,0.916521,1.483161
10175.465092,-0.054930,-1.957981,-1.496420,-0.894548,-0.162109,0.613823,1.256158,1.741416
10175.469092,-0.081565,-1.764270,-1.040741,-0.501479,0.184187,1.054682,1.668654,1.926134
10175.473092,-0.119537,-1.191498,-0.603597,0.259331,0.887741,1.554071,1.774849,1.677685
10175.477092,0.003505,-0.977211,-0.000852,0.774052,1.377947,1.723187,1.991377,1.929644
10175.481092,0.040576,-0.410357,0.271423,1.206715,1.697881,2.029080,1.941754,1.603652
10175.485092,-0.017875,0.200218,1.214200,1.544778,1.890904,2.058266,1.790999,1.248955
10175.476715,-0.085810,0.634238,1.408728,1.828387,1.949903,1.927554,1.506653,0.880555
10175.480715,-0.102556,1.344110,1.556514,1.980337,2.009734,1.465275,0.840347,0.226531
10175.484715,0.165176,1.790027,2.061173,1.872126,1.700251,1.392801,0.550512,-0.473386
10175.488715,0.080546,1.800842,1.963700,1.881918,1.310685,0.629667,0.020359,-0.767936
10175.492715,0.033545,2.195622,1.910226,1.537536,0.861166,0.047268,-0.768292,-1.215296
10175.496715,-0.044243,2.201885,1.552971,1.013977,0.405419,-0.504654,-1.264312,-1.590231
10175.500715,-0.218490,1.773635,1.292420,0.686767,-0.125245,-0.635140,-1.552846,-2.018658
10175.504715,0.275761,1.441620,0.717481,-0.102325,-0.733106,-1.430341,-1.874191,-2.175687
10175.508715,-0.036885,1.045857,0.181855,-0.524837,-1.220183,-1.674560,-1.771827,-1.878586
10175.512715,-0.115672,0.490090,-0.220664,-1.098659,-1.639109,-1.976532,-1.950865,-1.724494
10175.516715,-0.168475,-0.088568,-0.772898,-1.283856,-1.933670,-2.028871,-1.891562,-1.512100
10175.520715,-0.264707,-0.509876,-1.205450,-1.653695,-1.888182,-1.887070,-1.554977,-0.805430
10175.524715,0.063798,-1.041577,-1.666254,-1.856108,-1.861245,-1.672234,-1.069529,-0.353214
10175.528715,0.043288,-1.321557,-1.705014,-1.787613,-1.757476,-1.179114,-0.571149,0.194106
10175.532715,0.011927,-1.642696,-1.976500,-1.725557,-1.278862,-0.650352,-0.118521,0.797926
10175.536715,-0.016408,-1.762360,-1.808462,-1.394417,-0.976004,-0.379735,0.509589,1.019692
10175.540715,0.031341,-1.999829,-1.535613,-1.347370,-0.574563,0.053889,0.764499,1.425549
10175.544715,-0.067152,-1.616508,-1.327785,-0.700850,-0.104555,0.750184,1.289066,1.725389
10175.548715,0.076011,-1.338345,-0.854600,-0.213655,0.579647,1.114337,1.518352,1.875602
10175.552715,0.104614,-1.062696,-0.368912,0.306878,0.922766,1.280191,1.613047,1.719978
10175.556715,0.004129,-0.737165,-0.154283,0.710977,1.278462,1.725975,1.945039,1.461515
10175.560715,0.034164,0.091468,0.391836,1.016205,1.631746,1.740523,1.674157,1.382912
10175.564715,0.073988,0.366525,0.993459,1.290861,1.765911,1.827223,1.530521,1.002153
10175.568715,0.188711,0.774444,1.369599,1.760760,1.633917,1.625938,0.978686,0.436207
10175.572715,-0.098335,0.901196,1.423039,1.653885,1.515557,1.083668,0.445334,-0.007797
10175.576715,-0.084889,1.569068,1.596198,1.748687,1.237312,0.950596,0.277529,-0.458766
10175.580715,0.025694,1.508424,1.546180,1.218212,1.178145,0.482941,-0.300466,-0.739074
10175.584715,-0.034774,1.697034,1.407391,1.092860,0.528749,0.043256,-0.601968,-0.979393
10175.588715,0.030822,1.710055,1.179058,0.659547,0.099594,-0.492857,-1.031007,-1.181974
10175.592715,-0.025607,1.297453,0.741969,0.339650,-0.476303,-0.751466,-1.264944,-1.292006
10175.596715,0.083400,1.062383,0.407050,-0.031685,-0.424154,-1.153557,-1.454916,-1.450172
10175.600715,0.025745,0.702507,0.153353,-0.428315,-1.004093,-1.073990,-1.266801,-1.300228
10175.604715,0.127509,0.254427,-0.403692,-0.690081,-1.284616,-1.152478,-1.465995,-0.999129
10175.608715,0.192434,-0.252944,-0.768045,-0.981444,-1.129397,-1.268172,-1.271943,-0.702670
10175.612715,0.231180,-0.559704,-0.859321,-1.129825,-1.333202,-1.307626,-1.050437,-0.703013
10175.616715,0.093909,-0.809279,-0.923738,-1.200299,-1.235872,-0.867021,-0.649375,-0.228986
10175.620715,0.080257,-1.032380,-1.172230,-1.183202,-1.056727,-0.705393,-0.271937,0.188878
10175.624715,-0.048925,-1.213118,-1.266165,-1.160234,-0.760487,-0.261145,0.024904,0.604348
10175.628715,-0.067366,-1.161352,-1.119384,-0.830353,-0.602676,-0.035425,0.373855,0.752545
10175.632715,-0.054441,-1.259498,-0.979163,-0.557445,-0.410624,0.042811,0.575554,0.832447
10175.636715,0.322565,-0.937167,-0.747967,-0.232471,0.061645,0.463698,0.987148,0.806386
10175.640715,-0.095787,-0.711508,-0.538753,-0.150999,0.425723,0.620691,0.965720,1.002733
10175.644715,0.035659,-0.534547,-0.082048,0.313750,0.499906,0.672798,0.957975,0.903118
10175.648715,-0.071115,-0.438625,0.059707,0.455177,0.673776,0.898275,1.001141,0.968223
10175.652715,0.153578,-0.073356,0.260428,0.489884,0.906830,0.915101,0.973658,0.658165
10175.656715,-0.055712,0.219838,0.500235,0.667762,0.853380,0.733917,0.811855,0.249766
10175.660715,0.120287,0.366454,0.358449,0.602428,0.790083,0.647505,0.518523,0.150517
10175.664715,0.057775,0.556379,0.776474,0.845773,0.741997,0.488440,0.408469,-0.032987
10175.668715,-0.072691,0.591550,0.749033,0.778331,0.610128,0.392550,0.021231,-0.109507
10175.672715,0.000667,0.598240,0.462018,0.614572,0.312102,0.022192,-0.256833,-0.279443
10175.676177,0.017087,0.667411,0.528877,0.405331,0.186668,-0.164725,-0.199074,-0.555821
10175.680177,-0.054184,0.571431,0.521509,0.175899,0.097632,-0.165288,-0.409716,-0.526531
10175.684177,-0.009549,0.443921,0.386331,0.109179,-0.150629,-0.353074,-0.431526,-0.562988
10175.688177,-0.177814,0.405684,0.113528,-0.075776,-0.098101,-0.424117,-0.413235,-0.469896
10175.692177,0.034460,0.100080,0.087708,0.012880,-0.395410,-0.316814,-0.411948,-0.353914
10175.696177,0.046391,-0.084181,-0.183658,-0.258682,-0.206085,-0.402872,-0.313066,-0.286881
10175.700177,0.006790,-0.038705,-0.254006,-0.280351,-0.357919,-0.326488,-0.343580,-0.007076
10175.704177,-0.170660,-0.285569,-0.161712,-0.177193,-0.114566,-0.275147,-0.184410,-0.042413
10175.708177,0.140087,-0.279779,-0.183042,-0.161197,-0.247159,-0.126425,-0.161171,0.107222
10175.712177,-0.176361,-0.173466,-0.115932,-0.200649,-0.059265,-0.088546,-0.001714,0.093209
10175.716177,-0.005243,-0.285556,0.050216,0.025741,-0.007674,-0.073185,0.056524,-0.113890
10175.720177,-0.156283,0.165633,-0.194229,-0.084798,-0.015940,0.032833,0.027230,0.015170
10175.724177,-0.010162,0.089339,0.043792,0.055478,-0.197334,0.058929,0.027856,-0.041874
10175.728177,0.184147,-0.125182,0.011730,0.124530,0.012128,-0.208911,0.124044,-0.194540
10175.732177,-0.119682,0.148792,-0.069061,-0.027256,-0.127830,-0.047269,0.049433,-0.233203
10175.736177,0.024299,-0.113390,0.221803,-0.129096,-0.023828,-0.081697,-0.111501,-0.163963
10175.740177,-0.136924,0.184073,-0.126181,-0.107356,-0.179352,-0.073521,0.054639,-0.215616
10175.744177,0.013927,0.092641,0.033178,-0.185291,-0.225495,-0.096882,-0.386961,-0.057575
10175.748177,-0.079918,-0.077639,-0.178582,-0.309695,-0.244152,-0.295380,-0.103227,-0.194772
10175.752177,-0.104627,-0.177614,-0.282997,-0.169678,-0.319561,-0.265076,-0.293467,-0.034666
10175.756177,-0.114211,-0.311253,-0.451582,-0.321121,-0.339296,-0.119300,-0.204945,0.044900
10175.760177,0.012371,-0.406058,-0.316358,-0.400813,-0.407216,-0.125794,0.175112,0.090330
10175.764177,-0.008312,-0.450375,-0.363143,-0.299100,-0.221940,-0.100881,0.078111,0.338012
10175.768177,-0.072273,-0.654523,-0.469218,-0.360481,-0.162236,0.132768,0.279980,0.397251
10175.772177,-0.119189,-0.558775,-0.549882,-0.276057,-0.059409,0.238579,0.423391,0.508996
10175.776177,-0.114279,-0.642504,-0.145936,-0.133290,0.161938,0.353024,0.636742,0.645245
10175.780177,-0.071709,-0.317407,-0.264137,0.120777,0.070323,0.585373,0.610579,0.629980
10175.784177,0.120809,-0.293150,-0.012529,0.176733,0.548227,0.671762,0.783255,0.630522
10175.788177,0.033433,0.025854,0.302415,0.505077,0.745000,0.823606,0.811631,0.783303
10175.792177,-0.099895,0.244795,0.476142,0.709771,0.872372,0.804562,0.542375,0.364564
10175.796177,0.057294,0.344357,0.562648,0.791003,0.700301,0.663470,0.715812,0.170022
10175.800177,0.038277,0.557547,0.894620,0.870477,0.904252,0.595821,0.288553,-0.023648
10175.804177,0.000443,0.849234,0.866570,0.813350,0.591493,0.392189,-0.068841,-0.393472
10175.808177,-0.024276,1.019455,0.937471,1.032890,0.599522,0.238340,-0.279562,-0.467261
10175.812177,0.057640,0.932635,0.932130,0.840646,0.368550,0.030074,-0.477736,-0.940842
10175.816177,0.048121,0.998100,0.827989,0.476217,-0.011271,-0.340766,-0.772182,-1.065333
10175.820177,0.078259,0.830704,0.587867,0.109525,-0.091520,-0.585710,-1.036055,-1.095357
10175.824177,0.002428,0.744231,0.274320,-0.179662,-0.395810,-0.981990,-1.209462,-1.332259
10175.828177,-0.025365,0.349390,0.242326,-0.572867,-0.906376,-0.878682,-1.087649,-1.295996
10175.832177,0.001068,0.190093,-0.413532,-0.686831,-1.210113,-1.395699,-1.100375,-0.926974
10175.836177,0.183432,-0.191106,-0.493879,-1.076426,-1.120875,-1.076483,-1.189777,-0.945374
10175.840177,0.021188,-0.514143,-0.968373,-1.129644,-1.426063,-1.213307,-0.983154,-0.309795
10175.844177,0.076533,-0.935992,-1.191996,-1.363205,-1.422382,-0.879920,-0.671947,0.185129
10175.848177,0.002923,-1.020665,-1.355145,-1.333175,-1.203906,-0.963401,-0.118911,0.194264
10175.852177,0.146230,-1.140235,-1.485552,-1.358670,-0.992789,-0.643628,0.132682,0.763426
10175.856177,-0.094813,-1.409504,-1.394526,-1.100475,-0.622815,-0.035622,0.429923,0.982242
10175.860177,-0.060283,-1.440158,-1.304464,-0.696697,-0.277649,0.214062,0.847710,1.259594
10175.864177,-0.049069,-1.495246,-0.962779,-0.404695,0.214247,0.840069,1.243036,1.498536
10175.868177,0.056814,-1.161111,-0.507006,-0.012642,0.572197,0.972699,1.480678,1.590577
10175.872177,0.074342,-0.916612,-0.117271,0.410812,0.891496,1.338034,1.495010,1.561943
10175.876548,-0.043550,-0.385993,0.206391,0.832791,1.195347,1.372379,1.864070,1.383280
10175.880548,0.295077,0.059661,0.688787,1.181746,1.602044,1.655233,1.359736,1.009928
10175.884548,-0.122121,0.532685,1.106480,1.504781,1.597496,1.469001,1.382866,0.774714
10175.888548,0.056382,1.046335,1.213193,1.675361,1.777786,1.285452,0.824011,0.207138
10175.892548,-0.154910,1.376414,1.663220,1.594223,1.348510,1.025282,0.627997,-0.267504
10175.896548,-0.179140,1.576837,1.622877,1.800001,1.283055,0.673205,0.008584,-0.689323
10175.900548,-0.059944,1.987945,1.808630,1.394550,0.924548,0.175489,-0.341677,-1.406342
10175.904548,-0.072100,1.661411,1.632821,1.079543,0.275435,-0.262246,-0.918409,-1.298562
10175.908548,0.005959,1.645971,1.253567,0.423375,-0.128162,-0.938259,-1.124705,-1.762003
10175.912548,0.041393,1.303318,0.813505,0.133103,-0.496219,-1.199281,-1.708395,-2.061153
10175.916548,0.197947,0.991792,0.341184,-0.403179,-0.881600,-1.613265,-1.888909,-1.836593
10175.920548,0.096337,0.592428,-0.126490,-0.852284,-1.472739,-1.612665,-1.980825,-1.676380
10175.924548,-0.081400,0.147638,-0.650000,-1.257662,-1.719849,-2.026204,-1.821490,-1.623902
10175.928548,-0.003009,-0.486651,-1.140926,-1.631763,-1.890776,-2.121447,-1.628826,-1.027408
10175.932548,0.132331,-0.677251,-1.316170,-1.940759,-1.883908,-1.606425,-1.173375,-0.580274
10175.936548,0.007785,-1.328299,-1.857601,-1.928065,-1.941947,-1.169567,-0.820472,0.011988
10175.940548,0.011309,-1.685467,-1.881741,-1.781287,-1.547441,-0.904577,-0.217843,0.364913
10175.944548,-0.005558,-1.929801,-1.885909,-1.621610,-1.167014,-0.449968,0.290845,0.938766
10175.948548,0.117694,-1.915302,-1.611657,-1.375777,-0.764257,-0.159836,1.031662,1.480641
10175.952548,0.075648,-1.717447,-1.503071,-0.986824,-0.084801,0.568813,1.086491,1.903443
10175.956548,-0.111191,-1.733811,-1.038909,-0.605093,0.379497,1.112854,1.746271,2.001707
10175.960548,0.070908,-1.213752,-0.481860,0.095798,0.790953,1.408946,1.949178,1.953992
10175.964548,-0.062200,-0.738063,-0.032367,0.836742,1.372673,1.860563,1.950446,1.661095
10175.968548,-0.054859,-0.393259,0.324021,1.185462,1.791037,1.924526,1.982440,1.561671
10175.972548,-0.015923,0.171201,1.003872,1.626195,2.094453,1.928379,1.724351,1.352740
10175.976548,-0.034130,0.815562,1.363696,1.887132,2.059636,1.978098,1.337779,0.814236
10175.980548,-0.014231,1.076195,1.683475,1.911033,1.966255,1.480632,0.983298,0.233169
10175.984548,0.064831,1.571924,1.795718,2.064521,1.643700,1.278909,0.458261,-0.311733
10175.988548,0.060857,1.938664,1.984842,1.763717,1.342350,0.500918,0.010463,-0.929417
10175.992548,-0.051286,1.944939,1.926038,1.491934,0.958851,0.195227,-0.708342,-1.382854
10175.996548,-0.027099,2.014555,1.694734,1.152843,0.345990,-0.302038,-1.080519,-1.717548
10176.000548,-0.026338,1.834511,1.420294,0.420321,-0.147109,-1.074707,-1.590477,-1.839391
10176.004548,0.011576,1.349901,0.760782,0.148662,-0.693897,-1.352625,-1.695266,-1.890691
10176.008548,-0.038434,1.064100,0.256801,-0.471837,-1.343474,-1.740513,-1.923810,-2.011822
10176.012548,-0.032942,0.341596,-0.186190,-0.836928,-1.648281,-2.041351,-1.878057,-1.662216
10176.016548,0.044770,0.039639,-0.755486,-1.254519,-1.653225,-1.745616,-1.571679,-1.419590
10176.020548,0.106976,-0.535213,-1.408140,-1.642912,-1.985840,-1.842629,-1.604293,-0.780490
10176.024548,-0.089618,-1.102107,-1.451862,-1.837539,-1.700812,-1.520402,-0.983207,-0.515051
10176.028548,0.034862,-1.234119,-1.898944,-1.889793,-1.713606,-1.229669,-0.543020,0.126556
10176.032548,0.202752,-1.926692,-2.143050,-1.797331,-1.272835,-0.830976,-0.148226,0.429314
10176.036548,-0.030582,-1.884817,-1.831738,-1.535551,-0.927298,-0.363275,0.320432,1.071071
10176.040548,-0.001906,-1.953192,-1.580925,-1.286166,-0.459318,0.137839,0.762743,1.706318
10176.044548,0.010578,-1.584564,-1.310477,-0.586385,0.050822,0.647806,1.367987,1.791633
10176.048548,-0.041642,-1.426278,-0.687157,-0.211388,0.580504,1.180796,1.668929,1.883737
10176.052548,-0.272586,-1.110417,-0.461072,0.290607,0.825834,1.416342,1.597561,1.555038
10176.056548,0.268552,-0.662432,0.182548,0.811070,1.236046,1.792019,1.662488,1.589833
10176.060548,0.061079,-0.143188,0.507832,0.918512,1.611525,1.813129,1.598600,1.414345
10176.064548,0.025060,0.434681,1.017274,1.380990,1.877398,1.581838,1.117113,0.690166
10176.068548,0.044530,0.529281,1.206932,1.703433,1.419068,1.470788,1.084320,0.368555
10176.072548,0.025272,1.096768,1.556100,1.640568,1.497247,1.247401,0.818894,0.205268
10176.089112,0.059854,1.461753,1.532409,1.547073,1.355869,0.870052,0.314189,-0.233530
10176.093112,-0.011593,1.381034,1.487578,1.405124,0.943882,0.305839,-0.193398,-0.852040
10176.097112,0.058570,1.708914,1.553262,1.004715,0.529112,-0.158807,-0.488311,-1.090576
10176.101112,0.159869,1.526537,1.148517,0.561290,0.202730,-0.210210,-0.864345,-1.346729
10176.105112,0.084377,1.340299,0.996220,0.253749,-0.199135,-0.936212,-1.399668,-1.382640
10176.109112,0.124802,0.981629,0.485005,-0.033694,-0.505229,-0.988701,-1.338889,-1.387539
10176.113112,0.082131,0.526776,0.151977,-0.581245,-0.826676,-1.189244,-1.413551,-1.367708
10176.117112,0.115038,0.283079,-0.259821,-0.749911,-1.121015,-1.246583,-1.518482,-1.156431
10176.121112,-0.202317,-0.082805,-0.692361,-1.023709,-1.366906,-1.426907,-1.239115,-0.856022
10176.125112,0.068645,-0.545586,-0.891105,-1.159683,-1.361763,-1.187521,-1.081250,-0.623212
10176.129112,0.105953,-0.988861,-1.131284,-1.255182,-1.210388,-0.991269,-0.671123,-0.217622
10176.133112,-0.084820,-0.828827,-1.118037,-1.195181,-1.074605,-0.807905,-0.319825,0.069752
10176.137112,0.137033,-1.201257,-1.320673,-0.798500,-0.843749,-0.523341,0.099145,0.344852
10176.141112,-0.069404,-1.069465,-0.890755,-0.789932,-0.471058,0.027168,0.307692,0.587069
10176.145112,-0.069978,-0.958489,-1.055280,-0.648700,-0.231498,0.240854,0.663355,0.980653
10176.149112,0.296319,-0.885386,-0.563750,-0.340862,0.267583,0.394094,0.906337,1.004016
10176.153112,0.099460,-0.709634,-0.314747,-0.003650,0.338330,0.789165,0.846712,0.851126
10176.157112,-0.218707,-0.342767,-0.139707,0.266828,0.534806,0.866534,0.901583,0.959852
10176.161112,-0.179190,-0.452785,-0.029576,0.366680,0.870533,1.157353,1.051361,0.508932
10176.165112,0.177620,-0.046189,0.179519,0.819140,0.785378,0.801075,0.778402,0.608010
10176.169112,0.061470,0.246073,0.457807,0.545505,0.766895,0.846536,0.600158,0.436615
10176.173112,0.000817,0.531546,0.677677,0.870135,0.774637,0.854147,0.432542,0.109024
10176.177112,0.134143,0.492684,0.602657,0.647377,0.641562,0.491674,0.307908,0.050998
10176.181112,0.003081,0.729057,0.792113,0.586247,0.445955,0.281166,-0.156616,-0.209971
10176.185112,-0.022461,0.815782,0.763127,0.524239,0.468570,0.114795,-0.081603,-0.561892
10176.189112,-0.055657,0.632766,0.524227,0.530981,0.227067,0.012987,-0.258853,-0.467972
10176.193112,0.092333,0.713369,0.209125,0.136992,0.027477,-0.063262,-0.308779,-0.599509
10176.197112,-0.038997,0.496445,0.211359,0.108379,-0.191371,-0.259076,-0.381989,-0.784645
10176.201112,0.179888,0.481833,-0.077166,-0.080646,-0.396223,-0.585904,-0.374770,-0.288242
10176.205112,-0.002304,0.316021,-0.068858,-0.309688,-0.340656,-0.471058,-0.381088,-0.281968
10176.209112,-0.115423,-0.094286,-0.016657,-0.269327,-0.250506,-0.454802,-0.425651,-0.189949
10176.213112,0.082136,0.085319,-0.193490,-0.135480,-0.272456,-0.280257,-0.361121,-0.122644
10176.217112,-0.025429,0.067964,-0.204572,-0.277753,-0.147462,-0.240571,-0.270003,-0.245690
10176.221112,-0.089497,-0.331357,-0.211773,-0.139282,-0.270656,0.083434,-0.241680,0.038119
10176.225112,0.043517,-0.189777,-0.188366,-0.005553,-0.037400,-0.001976,-0.125374,0.086277
10176.229112,0.081667,-0.033490,-0.264702,-0.076919,-0.046921,0.075046,-0.014566,-0.056604
10176.233112,-0.094847,-0.039040,0.045937,-0.091071,-0.001093,-0.206527,-0.185752,0.099725
10176.237112,0.045830,0.047178,-0.229091,0.132745,-0.059500,-0.054266,0.081865,0.029876
10176.241112,0.169285,0.093633,0.169362,-0.035369,0.119184,-0.234830,-0.028470,-0.158734
10176.245112,0.013155,0.070554,0.123018,0.023965,-0.103307,-0.100059,-0.049617,-0.139600
10176.249112,0.119480,0.021678,0.114673,-0.104336,-0.017379,-0.131807,-0.008259,0.071498
10176.253112,0.020936,0.226964,-0.047013,-0.075487,-0.155269,-0.272093,-0.026354,-0.131724
10176.257112,-0.041911,-0.086322,0.089464,-0.184071,-0.229094,-0.122526,-0.047578,-0.200173
10176.261112,0.062545,-0.030188,-0.202277,-0.287222,-0.336007,-0.155578,-0.179118,-0.110151
10176.265112,-0.071367,-0.084612,-0.243975,-0.407642,-0.351645,-0.188792,-0.348602,-0.057394
10176.269112,0.083612,-0.267642,-0.286033,-0.581165,-0.458437,-0.144668,-0.064211,0.014587
10176.273112,0.027738,-0.330303,-0.472545,-0.461983,-0.435035,-0.019185,0.004683,0.312056
10176.277112,-0.133923,-0.456411,-0.574810,-0.196923,0.039442,0.067577,0.014334,0.175449
10176.281112,-0.009695,-0.501588,-0.393683,-0.260499,-0.121628,0.057223,0.189083,0.488878
10176.285112,-0.237887,-0.508096,-0.364856,-0.220297,0.102923,0.336331,0.438422,0.765855
10176.277333,-0.069585,-0.516273,-0.322134,0.064414,0.227322,0.209109,0.517760,0.556187
10176.281333,0.169282,-0.449786,-0.130473,-0.026552,0.386429,0.742246,0.569757,0.745825
10176.285333,-0.020594,-0.220102,0.120197,0.199970,0.466806,0.588041,0.879536,0.739544
10176.289333,0.098779,0.074791,0.347134,0.355913,0.631640,0.737391,0.724575,0.453614
10176.293333,-0.138547,0.087697,0.401885,0.652919,0.839272,0.766945,0.770774,0.478809
10176.297333,-0.031116,0.466833,0.662522,0.762438,0.850704,0.781195,0.622273,0.445236
10176.301333,0.127306,0.540290,0.672142,1.026094,0.812818,0.557686,0.498515,-0.027242
10176.305333,-0.011056,0.762502,0.732639,0.810937,0.669251,0.286945,0.108328,-0.238798
10176.309333,0.090975,0.885374,0.784065,0.800943,0.444071,0.215351,-0.079615,-0.578459
10176.313333,-0.007178,0.822501,0.889279,0.848093,0.398229,-0.133059,-0.556165,-0.767877
10176.317333,0.050886,0.937131,0.784464,0.278380,0.148562,-0.432757,-0.645307,-0.927532
10176.321333,0.046212,0.889349,0.767191,0.133289,-0.070080,-0.609302,-0.924235,-1.118999
10176.325333,0.011216,0.734499,0.510481,-0.233744,-0.563159,-0.987004,-1.162673,-1.147928
10176.329333,0.150473,0.526623,-0.073113,-0.466059,-0.714225,-1.154410,-1.182077,-1.072326
10176.333333,-0.021934,0.075136,-0.289673,-0.517636,-1.114170,-1.278013,-1.120788,-0.745169
10176.337333,-0.085018,-0.297826,-0.569323,-0.937550,-1.332415,-1.291859,-1.213140,-0.802127
10176.341333,-0.028850,-0.437706,-0.829168,-1.235049,-1.162513,-1.104266,-1.036898,-0.358621
10176.345333,0.080887,-0.672026,-1.168978,-1.167759,-1.462997,-1.082309,-0.826387,-0.153689
10176.349333,0.016608,-1.147503,-1.264491,-1.115714,-1.197803,-0.656179,-0.214511,0.292943
10176.353333,0.085639,-1.383310,-1.314004,-1.418246,-0.918490,-0.483049,0.347171,0.526455
10176.357333,0.049389,-1.329833,-1.427751,-1.074460,-0.671421,-0.111979,0.662813,0.792670
10176.361333,0.027803,-1.661165,-1.116911,-0.825629,-0.414897,0.324729,0.748868,1.366764
10176.365333,0.104390,-1.447862,-0.894774,-0.485013,0.143607,0.938539,1.155989,1.612698
10176.369333,0.177335,-1.135234,-0.571089,-0.051044,0.594152,1.164675,1.429540,1.597707
10176.373333,-0.067893,-0.866183,-0.224223,0.444626,1.112026,1.367778,1.619570,1.436724
10176.377333,0.087744,-0.414866,0.232709,0.853328,1.256460,1.464104,1.645436,1.472135
10176.381333,-0.131663,0.093926,0.717079,1.176904,1.511358,1.754409,1.713214,1.247723
10176.385333,0.055741,0.642389,1.140676,1.427756,1.708076,1.458371,1.197202,0.850979
10176.389333,-0.017947,0.870292,1.360115,1.549401,1.700635,1.368496,0.914755,0.365909
10176.393333,0.034323,1.202480,1.531500,1.714720,1.599671,1.047045,0.470686,-0.132256
10176.397333,0.012342,1.592232,1.790185,1.548817,1.429016,0.691250,0.223121,-0.837147
10176.401333,-0.169403,1.748649,1.823302,1.450478,0.903015,0.289842,-0.433027,-0.861317
10176.405333,-0.051475,1.911360,1.485674,1.068627,0.372113,-0.145779,-0.774858,-1.442187
10176.409333,0.054540,1.685551,1.330224,0.793638,-0.137147,-0.823249,-1.358253,-1.734292
10176.413333,0.021001,1.430244,0.856477,0.183064,-0.502374,-1.236424,-1.830024,-1.921150
10176.417333,0.110842,0.810307,0.519048,-0.376427,-0.911250,-1.623518,-2.065467,-1.917722
10176.421333,-0.013190,0.657997,-0.247468,-0.777641,-1.397735,-1.834106,-1.862785,-1.682224
10176.425333,0.052674,0.133084,-0.608652,-1.059320,-1.898182,-2.021116,-1.681133,-1.563550
10176.429333,0.089659,-0.378783,-1.223933,-1.510170,-1.761409,-1.861911,-1.575773,-0.898591
10176.433333,-0.169849,-0.841500,-1.634356,-1.784462,-1.927256,-1.698132,-1.052450,-0.710763
10176.437333,0.071875,-1.355219,-1.767848,-1.851087,-1.720358,-1.328831,-0.856384,0.031354
10176.441333,0.076084,-1.636592,-1.868908,-1.873495,-1.663712,-1.016761,-0.303088,0.505397
10176.445333,-0.039777,-1.719035,-1.893735,-1.689435,-1.143371,-0.438873,0.499292,1.048096
10176.449333,-0.040122,-2.070634,-1.774216,-1.147189,-0.717266,-0.037565,0.904053,1.443363
10176.453333,-0.163045,-1.865223,-1.401446,-1.124214,-0.101831,0.468172,1.249600,1.705891
10176.457333,0.111174,-1.558601,-1.250675,-0.601416,0.220390,1.131944,1.412901,1.878605
10176.461333,0.093043,-1.241939,-0.796459,0.163474,0.796481,1.440402,1.831395,1.939251
10176.465333,-0.008620,-0.917167,-0.157404,0.770700,1.347271,1.698110,2.002523,1.725623
10176.469333,0.011437,-0.262654,0.540882,1.211208,1.591627,1.915314,2.057689,1.588216
10176.473333,-0.008664,0.299644,1.124977,1.560582,1.884432,2.175368,1.942629,1.244004
10176.478177,0.000000,0.856113,1.458002,1.850597,2.073781,1.783065,1.525563,0.831727
10176.482177,48.175369,1.229488,1.683852,1.809342,1.747163,1.400941,1.096485,0.166139
10176.486177,84.432793,1.610621,1.848690,1.932617,1.755387,1.136074,0.427362,-0.320708
10176.490177,99.802673,1.903194,2.135012,1.770527,1.356669,0.597755,-0.159839,-0.745112
10176.494177,90.482704,2.050974,1.915323,1.489305,1.013524,-0.034901,-0.707628,-1.339798
10176.498177,58.778526,1.913200,1.662036,1.226320,0.256705,-0.250009,-1.137078,-1.639072
10176.502177,12.533323,1.781146,1.390229,0.478412,-0.245560,-0.851529,-1.595748,-2.073095
10176.506177,-36.812454,1.354088,0.892662,0.010815,-0.587750,-1.327011,-1.867032,-2.090842
10176.510177,-77.051323,1.008445,0.218076,-0.610681,-1.194607,-1.530010,-1.914483,-1.964401
10176.514177,-98.228722,0.565426,-0.349070,-1.002037,-1.562245,-1.923334,-2.055418,-1.620779
10176.518177,-95.105652,-0.096359,-0.842000,-1.447043,-1.655147,-1.967829,-1.671282,-1.334747
10176.522177,-68.454712,-0.583768,-1.144786,-1.756313,-1.958837,-1.894527,-1.594756,-0.913123
10176.526177,0.086789,-1.062174,-1.645766,-1.670044,-1.919236,-1.536092,-1.092719,-0.303147
10176.530177,-0.005162,-1.421773,-1.795900,-1.916330,-1.697451,-1.334131,-0.569625,0.384301
10176.534177,-0.093472,-1.659567,-1.872864,-1.885590,-1.322380,-0.859715,-0.174899,0.756044
10176.538177,-0.034125,-1.715126,-1.760743,-1.511891,-0.932760,-0.241104,0.388128,1.032441
10176.542177,0.085762,-1.552746,-1.780475,-1.271236,-0.620889,0.158016,0.779021,1.490304
10176.546177,-0.144787,-1.733019,-1.352699,-0.618190,-0.027751,0.541484,1.300460,1.580138
10176.550177,-0.119250,-1.313922,-0.939254,-0.181999,0.421576,1.122686,1.699578,1.802754
10176.554177,-0.036059,-1.189337,-0.341974,0.309414,0.946254,1.419124,1.835561,1.713135
10176.558177,0.055095,-0.437778,0.063100,0.687514,1.222084,1.582663,1.755411,1.762786
10176.562177,0.043282,-0.125964,0.538122,0.958786,1.524876,1.628993,1.797116,1.233661
10176.566177,-0.133487,0.151956,0.861459,1.120233,1.686352,1.694326,1.310658,1.038492
10176.570177,-0.016757,0.740430,1.357039,1.704558,1.568505,1.351004,1.053872,0.677616
10176.574177,-0.077372,1.212952,1.397287,1.630325,1.488676,1.252425,0.706717,-0.022213
10176.578177,-0.048309,1.272964,1.621101,1.471606,1.318562,0.885143,0.319083,-0.310399
10176.582177,0.033594,1.420858,1.489961,1.297122,0.974640,0.537730,-0.258863,-0.808994
10176.586177,0.120044,1.419880,1.588631,1.159658,0.521247,-0.038999,-0.430576,-1.154387
10176.590177,0.071663,1.669644,1.188859,0.737863,0.393103,-0.529683,-0.951542,-1.291347
10176.594177,-0.154296,1.150918,0.812202,0.379968,-0.291099,-0.796197,-1.134286,-1.392680
10176.598177,-0.204985,0.999430,0.548706,-0.076841,-0.568212,-1.001385,-1.339290,-1.465933
10176.602177,0.025162,0.401374,0.239374,-0.320178,-0.809158,-1.261182,-1.362519,-1.335202
10176.606177,0.032261,0.392470,-0.462625,-0.739459,-1.245267,-1.478748,-1.370285,-1.270235
10176.610177,-0.125468,-0.289033,-0.676467,-0.984820,-1.207164,-1.147270,-1.236135,-0.784440
10176.614177,0.018011,-0.456793,-0.867549,-1.120081,-1.264946,-1.265044,-0.893134,-0.595771
10176.618177,0.058723,-0.753816,-1.284177,-1.275970,-1.141619,-1.032124,-0.626053,-0.227498
10176.622177,-0.027401,-0.888649,-1.238034,-1.339552,-1.285588,-0.824303,-0.424699,0.017805
10176.626177,-0.107346,-1.212260,-1.301386,-0.957644,-0.994488,-0.378941,0.076071,0.539848
10176.630177,-0.004774,-1.023123,-1.105081,-0.913465,-0.427116,-0.129693,0.177107,0.783615
10176.634177,0.108487,-1.066647,-0.972810,-0.608540,-0.167834,0.095132,0.398585,0.901511
10176.638177,0.103745,-1.076012,-0.836738,-0.326882,0.044062,0.402202,0.920186,0.946737
10176.642177,0.035878,-0.681370,-0.464687,0.029258,0.409245,0.706001,0.890718,1.170554
10176.646177,0.090728,-0.451550,-0.160616,0.164060,0.375695,0.886085,0.937989,0.983176
10176.650177,0.246717,-0.140419,0.145125,0.440850,0.810927,0.993732,0.897309,0.800218
10176.654177,0.023466,-0.084116,0.266697,0.515358,0.999437,0.761873,0.700502,0.411816
10176.658177,0.061854,0.129999,0.597672,0.734804,0.972104,0.736354,0.678744,0.533040
10176.662177,0.121493,0.525343,0.704360,0.779792,0.855085,0.558739,0.439989,0.334071
10176.666177,0.092265,0.433345,0.746567,0.668924,0.662810,0.666375,0.084291,-0.153998
10176.670177,0.015118,0.681076,0.680335,0.794483,0.520613,0.352750,0.063943,-0.243661
10176.674177,0.074680,0.571898,0.782356,0.650551,0.468747,0.359071,-0.086685,-0.356524
10176.686149,0.046820,0.575049,0.542118,0.318217,0.326917,-0.149043,-0.362340,-0.491182
10176.690149,-0.110264,0.469412,0.382500,0.317406,-0.123232,-0.250274,-0.357592,-0.467992
10176.694149,0.259416,0.567393,0.436396,-0.073535,-0.089880,-0.245066,-0.567926,-0.539107
10176.698149,0.081168,0.377994,0.253842,-0.044575,-0.287068,-0.312076,-0.435509,-0.422461
10176.702149,-0.186024,0.160512,0.040138,-0.164131,-0.314690,-0.405873,-0.511470,-0.304407
10176.706149,-0.029333,-0.209958,-0.165617,-0.310720,-0.360905,-0.437224,-0.370836,-0.272708
10176.710149,-0.079150,-0.048706,-0.106110,-0.300584,-0.251033,-0.188434,-0.369985,-0.159147
10176.714149,0.203565,-0.094072,-0.287041,-0.210713,-0.292034,-0.375599,-0.201788,-0.207106
10176.718149,-0.164284,-0.061982,-0.436399,-0.085537,-0.156911,-0.020313,0.066607,0.097520
10176.722149,-0.042812,-0.209456,-0.161434,-0.072427,0.044618,-0.195988,0.049317,0.040713
10176.726149,0.004231,-0.054995,-0.382475,-0.108127,-0.203708,0.036559,0.043113,0.228160
10176.730149,0.149510,-0.135624,-0.042628,0.106829,0.017650,0.070803,0.192681,0.201678
10176.734149,0.022285,0.086180,0.073813,0.160418,0.011265,0.137647,-0.019932,0.074355
10176.738149,0.095927,0.097483,0.053410,0.010774,0.075318,0.046296,-0.001821,0.050483
10176.742149,-0.142717,0.101449,-0.136588,-0.083501,0.008993,-0.053471,-0.233496,-0.258487
10176.746149,-0.029107,-0.118367,-0.121475,-0.092817,0.009824,-0.225978,-0.339363,0.015125
10176.750149,0.085839,0.073162,-0.035184,0.113736,-0.112467,-0.163230,-0.190493,-0.103840
10176.754149,-0.073040,0.096558,0.030433,-0.042344,-0.218359,-0.187530,-0.334871,-0.274052
10176.758149,0.077085,-0.000990,-0.359126,-0.377388,-0.368337,-0.224953,-0.247462,-0.234489
10176.762149,-0.031396,-0.221684,-0.184899,-0.347378,-0.170837,-0.469381,-0.126843,0.156050
10176.766149,-0.013551,-0.320373,-0.426161,-0.518075,-0.222568,-0.313269,-0.013930,0.080285
10176.770149,0.065780,-0.485175,-0.389740,-0.392290,-0.282631,-0.416068,0.049888,0.383097
10176.774149,-0.127600,-0.374818,-0.479398,-0.476518,-0.303333,0.088070,0.155171,0.278501
10176.778149,-0.157336,-0.460499,-0.337694,-0.277776,-0.237583,0.132651,0.457186,0.405137
10176.782149,0.103580,-0.540264,-0.405497,-0.177605,-0.014595,0.192147,0.419866,0.631092
10176.786149,0.008325,-0.473535,-0.260865,0.110113,0.092592,0.468540,0.634888,0.599742
10176.790149,0.122934,-0.275003,-0.045151,0.003754,0.317153,0.487312,0.725449,0.742846
10176.794149,-0.025235,-0.243083,0.280306,0.345736,0.589399,0.655288,0.843765,0.675526
10176.798149,0.018306,-0.003723,0.225138,0.423967,0.692139,0.914640,0.682695,0.660951
10176.802149,-0.039008,0.005561,0.425563,0.527469,0.871614,0.599091,0.657282,0.341740
10176.806149,-0.062174,0.508743,0.661165,0.818492,0.835616,0.700288,0.442337,0.058102
10176.810149,0.038377,0.670227,0.946225,0.937128,0.780370,0.612234,0.392747,0.101776
10176.814149,-0.039998,0.937255,0.928717,0.837167,0.669151,0.422577,0.099315,-0.150355
10176.818149,0.188960,0.939864,0.833281,0.774730,0.539268,0.246065,-0.345741,-0.419558
10176.822149,-0.089714,1.058295,0.916113,0.621041,0.476738,-0.099695,-0.539206,-0.711867
10176.826149,0.088188,0.994293,0.822405,0.567841,0.046468,-0.371560,-0.629812,-0.977032
10176.830149,-0.077094,0.915069,0.506668,0.191852,-0.139139,-0.756334,-0.940848,-1.036120
10176.834149,-0.005748,0.873017,0.342091,-0.073073,-0.405024,-0.840466,-1.106564,-1.192505
10176.838149,-0.014986,0.512959,-0.054376,-0.304781,-0.598988,-1.094688,-1.366440,-1.035248
10176.842149,0.011020,0.233515,-0.317753,-0.652795,-1.138983,-1.182254,-1.162565,-0.942736
10176.846149,0.078886,-0.087052,-0.761855,-0.939273,-1.215906,-1.281096,-1.068582,-0.741149
10176.850149,0.010080,-0.708692,-0.937403,-1.245165,-1.278017,-1.205391,-0.692104,-0.491622
10176.854149,-0.152469,-0.873926,-1.240091,-1.324232,-1.334631,-0.974561,-0.629583,-0.087444
10176.858149,0.147308,-1.138197,-1.490917,-1.411518,-1.299651,-0.842336,-0.637030,0.339559
10176.862149,-0.148444,-1.277089,-1.483816,-1.301067,-0.771702,-0.483770,0.001030,0.583999
10176.866149,-0.124419,-1.371343,-1.316695,-1.108382,-0.543975,-0.008885,0.466231,1.005574
10176.870149,-0.023826,-1.518864,-1.467863,-0.816350,-0.244253,0.198740,0.952303,1.243314
10176.874149,0.040576,-1.308138,-0.962417,-0.480157,0.098741,0.567008,1.337157,1.495939
10176.878149,-0.099430,-1.050331,-0.718817,0.052784,0.631936,1.029942,1.275592,1.504247
10176.882149,0.007474,-0.937524,-0.261394,0.556345,0.971089,1.645948,1.617589,1.507015
10176.880415,-0.092686,-0.494896,0.265502,0.794562,1.274171,1.589365,1.527302,1.463245
10176.884415,0.025360,0.005914,0.712955,0.980299,1.583118,1.680980,1.287482,0.929021
10176.888415,-0.032553,0.457866,1.085103,1.499244,1.822415,1.554605,1.330155,0.707721
10176.892415,0.037925,0.909793,1.286915,1.608400,1.704672,1.293712,0.945728,0.355198
10176.896415,0.032640,1.393850,1.848870,1.593147,1.495422,1.107009,0.472059,-0.030575
10176.900415,0.123368,1.820109,1.736575,1.523526,1.253660,0.623582,0.137162,-0.544952
10176.904415,0.076292,1.965131,1.724018,1.362216,0.908707,0.163645,-0.500499,-1.056788
10176.908415,0.048837,1.700025,1.427844,1.168826,0.381023,-0.216669,-0.782303,-1.344303
10176.912415,0.058757,1.781122,1.294147,0.564231,0.222703,-0.673745,-1.256061,-1.673169
10176.916415,-0.170613,1.341480,1.040038,-0.002479,-0.536709,-1.133127,-1.653762,-1.628605
10176.920415,-0.154112,0.996216,0.437562,-0.280317,-0.986622,-1.494607,-1.878838,-1.866118
10176.924415,-0.105247,0.658901,-0.276631,-0.952230,-1.312958,-1.831740,-1.633518,-1.737795
10176.928415,-0.046062,0.244547,-0.521453,-1.276785,-1.712963,-1.790417,-1.770020,-1.450400
10176.932415,-0.018480,-0.213540,-1.124424,-1.640751,-1.884367,-1.859005,-1.640008,-0.868674
10176.936415,-0.036551,-0.860681,-1.325621,-1.875443,-1.873640,-1.816580,-1.293726,-0.538914
10176.940415,-0.038448,-1.271113,-1.827512,-1.961186,-1.861644,-1.278103,-0.787141,-0.093117
10176.944415,-0.085138,-1.793911,-1.861432,-1.889611,-1.251729,-1.029292,-0.410102,0.482606
10176.948415,0.227624,-1.863279,-1.946210,-1.735711,-1.203247,-0.360791,0.199186,1.006343
10176.952415,0.015109,-1.966938,-1.827770,-1.497199,-0.679912,0.028524,0.928144,1.414375
10176.956415,-0.005051,-1.870321,-1.468023,-1.094061,-0.142397,0.423762,1.233076,1.817428
10176.960415,0.206947,-1.757691,-1.198361,-0.570769,0.299458,1.318538,1.482239,1.632012
10176.964415,0.088195,-1.215916,-0.621892,0.156529,0.970890,1.585678,1.786450,1.859705
10176.968415,-0.100529,-0.920525,-0.015227,0.786958,1.312569,1.835415,1.983107,1.790789
10176.972415,-0.088026,-0.312108,0.535878,1.209892,1.679746,2.111264,2.100031,1.468681
10176.976415,-0.118653,0.086912,1.064368,1.540079,1.929294,2.046186,1.744822,1.175937
10176.980415,-0.109789,0.741782,1.494281,1.678745,1.951198,1.654365,1.506364,0.598840
10176.984415,-0.160718,1.323659,1.681443,1.804151,1.976331,1.579431,1.168109,0.109333
10176.988415,-0.099183,1.545144,2.041672,1.773753,1.662883,1.192785,0.576466,-0.407823
10176.992415,0.025648,1.807930,1.865651,1.792327,1.315090,0.728161,0.105764,-0.803355
10176.996415,-0.004163,2.035683,1.810488,1.579679,0.821922,0.171593,-0.653731,-1.333311
10177.000415,0.154458,1.848693,1.684481,1.041404,0.456763,-0.539249,-1.153762,-1.755512
10177.004415,0.152449,1.877311,1.194233,0.473324,-0.223087,-0.838263,-1.490949,-1.928685
10177.008415,0.110233,1.463056,0.716739,-0.154241,-0.497876,-1.382975,-2.036627,-1.939483
10177.012415,-0.168506,1.129946,0.403244,-0.505470,-1.283231,-1.635672,-1.818643,-1.910339
10177.016415,-0.038170,0.427260,-0.291531,-0.992342,-1.597299,-1.980409,-1.767058,-1.711351
10177.020415,-0.053228,-0.011008,-0.745522,-1.397564,-1.915133,-1.937890,-1.763371,-1.315980
10177.024415,0.026427,-0.535624,-1.324399,-1.440648,-1.868990,-1.766627,-1.429109,-0.923008
10177.028415,-0.100048,-1.050315,-1.661726,-2.017263,-1.671615,-1.528000,-1.083281,-0.404207
10177.032415,0.060746,-1.429900,-1.852472,-1.755526,-1.796339,-1.139761,-0.617896,0.136991
10177.036415,-0.036610,-1.807711,-1.949814,-1.743935,-1.489318,-0.902904,-0.035936,0.657962
10177.040415,-0.132038,-1.715753,-1.689833,-1.549142,-1.169442,-0.461957,0.347361,1.186701
10177.044415,0.013495,-1.954243,-1.473577,-1.165794,-0.445257,0.157615,0.683251,1.251925
10177.048415,-0.084885,-1.660689,-1.260996,-0.532325,-0.025708,0.664940,1.172929,1.763710
10177.052415,0.144465,-1.488120,-0.908657,-0.196626,0.387918,0.919855,1.573394,1.840848
10177.056415,-0.093756,-1.059664,-0.225006,0.371225,0.963765,1.373023,1.785879,1.592696
10177.060415,-0.010496,-0.672317,0.129642,0.502864,1.528199,1.594866,1.912750,1.669633
10177.064415,0.032045,-0.122868,0.530944,1.065222,1.576551,1.701258,1.701172,1.361873
10177.068415,-0.040170,0.273673,0.965522,1.452715,1.618220,1.569952,1.444944,0.987577
10177.072415,0.011586,0.746309,1.349692,1.494158,1.586497,1.437554,1.080191,0.459109
10177.076415,-0.061399,1.206774,1.486433,1.725899,1.546627,1.140004,0.802631,0.026867
10177.104813,0.033865,1.453090,1.579188,1.548012,1.230637,0.855816,0.176405,-0.405530
10177.108813,-0.036079,1.471954,1.602806,1.498054,1.058572,0.233925,-0.185487,-0.556671
10177.112813,0.008793,1.523446,1.563993,1.094520,0.707993,-0.022002,-0.559088,-1.168278
10177.116813,0.099411,1.460385,1.205759,0.831997,0.217857,-0.438118,-1.088787,-1.345196
10177.120813,-0.035952,1.268617,0.848110,0.464275,-0.189264,-0.822447,-1.143208,-1.309046
10177.124813,-0.063778,0.958244,0.426000,-0.032127,-0.412372,-0.960103,-1.403573,-1.392323
10177.128813,0.123282,0.471357,-0.001534,-0.359338,-1.081666,-1.266826,-1.347102,-1.317055
10177.132813,-0.009417,0.393224,-0.202118,-0.562802,-1.273879,-1.416204,-1.364150,-1.014806
10177.136813,0.074252,-0.163431,-0.726119,-1.146876,-1.115346,-1.347441,-1.175730,-0.963635
10177.140813,0.003119,-0.557535,-0.891753,-1.233457,-1.384200,-1.105677,-0.823650,-0.483260
10177.144813,-0.179514,-0.871101,-1.198771,-1.074079,-1.128824,-0.883581,-0.723796,-0.333014
10177.148813,0.101663,-1.210241,-1.186854,-1.164056,-1.179576,-0.597176,-0.343307,0.199078
10177.152813,0.053290,-1.094236,-1.251817,-1.177101,-0.791378,-0.373961,0.120336,0.463534
10177.156813,0.007961,-1.237934,-1.002888,-0.977023,-0.484769,-0.010934,0.435891,0.597347
10177.160813,-0.154414,-1.187843,-1.042419,-0.423494,-0.199114,0.071824,0.503138,1.071730
10177.164813,0.129461,-1.094805,-0.631196,-0.378613,0.046917,0.335973,0.764458,0.910309
10177.168813,0.126539,-0.862188,-0.328035,-0.093697,0.150258,0.621531,0.800943,1.070669
10177.172813,-0.122595,-0.576445,-0.140538,0.091147,0.701185,0.846944,0.972879,0.803146
10177.176813,-0.059300,-0.300545,-0.030230,0.529310,0.727833,0.808097,0.892809,0.820985
10177.180813,0.190034,0.022071,0.244814,0.551909,0.774884,0.944495,0.861139,0.677316
10177.184813,-0.020001,0.058801,0.565744,0.651820,0.888367,0.687602,0.661031,0.485425
10177.188813,0.188390,0.353057,0.784456,0.876081,0.751449,0.681777,0.414244,0.111528
10177.192813,-0.153933,0.447788,0.449406,0.764812,0.835114,0.536042,0.264894,-0.093277
10177.196813,0.184506,0.732740,0.578187,0.882734,0.691880,0.216282,0.132554,-0.240574
10177.200813,-0.200684,0.557574,0.725527,0.613909,0.643110,0.145484,-0.313414,-0.470847
10177.204813,-0.048752,0.582144,0.513011,0.428573,0.335409,-0.014365,-0.478856,-0.439087
10177.208813,-0.186262,0.462607,0.586019,0.027384,0.210199,-0.153045,-0.362333,-0.661205
10177.212813,-0.000183,0.362738,0.175691,0.058433,0.103315,-0.238142,-0.476566,-0.487051
10177.216813,-0.051807,0.352855,-0.005494,0.019025,-0.394691,-0.410232,-0.353647,-0.296474
10177.220813,-0.233581,0.032601,-0.009360,-0.100386,-0.370387,-0.402917,-0.427794,-0.404719
10177.224813,-0.008646,0.039349,0.055806,-0.257391,-0.203786,-0.378937,-0.431930,-0.320584
10177.228813,-0.173538,-0.164186,-0.247008,-0.252675,-0.153498,-0.357193,-0.380440,-0.104884
10177.232813,0.018331,-0.002163,-0.107239,-0.203270,-0.239714,-0.151575,-0.094593,0.002141
10177.236813,0.092596,-0.155685,-0.283353,-0.222467,-0.254132,-0.262408,0.059826,-0.016016
10177.240813,-0.105063,-0.013565,-0.161330,-0.072340,-0.181582,-0.036068,0.032082,0.047160
10177.244813,-0.062798,-0.079975,-0.065037,-0.231162,0.162092,0.125981,0.026450,0.144071
10177.248813,-0.001745,-0.138580,0.024792,-0.136051,0.006724,-0.067576,-0.056505,0.066776
10177.252813,0.104278,0.001843,-0.013659,-0.192238,-0.023484,-0.134729,0.020934,0.021146
10177.256813,-0.005813,0.018574,0.065390,0.062977,0.030338,0.084203,-0.261572,-0.124571
10177.260813,0.044053,0.052693,-0.058851,0.041931,0.043131,-0.130171,-0.134741,-0.238973
10177.264813,-0.009944,0.054203,-0.094149,-0.089078,-0.085175,-0.019057,-0.163418,-0.210402
10177.268813,0.148129,0.106040,-0.161779,-0.024212,-0.197193,-0.069314,-0.214366,-0.327057
10177.272813,-0.057041,-0.102794,-0.166487,-0.399323,-0.225668,-0.428804,-0.215076,-0.390039
10177.276813,-0.109660,-0.037707,-0.114981,-0.328515,-0.220675,-0.442249,-0.106834,-0.000372
10177.280813,-0.021152,-0.232828,-0.510529,-0.326876,-0.251093,-0.228733,-0.157598,-0.197233
10177.284813,0.012963,-0.378754,-0.217916,-0.312313,-0.301798,-0.230319,-0.199509,-0.040570
10177.288813,0.191274,-0.480239,-0.422368,-0.382805,-0.301559,-0.146917,0.184205,0.174075
10177.292813,0.049601,-0.499948,-0.475365,-0.326095,-0.092685,0.071046,-0.189850,0.123253
10177.296813,0.207583,-0.568799,-0.484071,-0.366133,-0.253953,0.002651,0.216878,0.370921
10177.300813,-0.097931,-0.426369,-0.396820,-0.183362,0.030526,0.185511,0.347292,0.386289
10177.272950,0.072321,-0.484741,-0.157967,-0.010792,0.349002,0.363107,0.453409,0.802151
10177.276950,0.115338,-0.555092,-0.082992,0.201541,0.348329,0.425528,0.634471,0.671985
10177.280950,-0.070251,-0.146107,-0.102551,0.343248,0.737514,0.738442,0.855034,0.620506
10177.284950,0.020796,-0.069523,0.226334,0.568974,0.597504,0.842428,0.760153,0.433811
10177.288950,0.096941,0.403724,0.566610,0.495835,1.034234,0.560891,0.477210,0.241048
10177.292950,-0.027645,0.227453,0.448094,0.751504,0.771398,0.708599,0.568267,0.370193
10177.296950,-0.004520,0.683258,0.800832,1.011569,0.975526,0.567435,0.199365,-0.068955
10177.300950,-0.048403,0.802612,0.934977,0.879675,0.604674,0.424329,0.126784,-0.115974
10177.304950,-0.059368,0.956580,0.956265,0.779461,0.517585,0.029214,-0.124224,-0.461163
10177.308950,-0.044044,1.074658,0.751518,0.832675,0.262648,-0.084024,-0.354200,-0.913044
10177.312950,-0.050720,0.938638,0.855646,0.374526,0.140447,-0.324206,-0.867212,-0.880625
10177.316950,0.184243,0.822014,0.548989,0.066331,-0.244152,-0.527758,-1.006751,-1.190375
10177.320950,0.125071,0.655085,0.262843,-0.138110,-0.719669,-0.978732,-0.920709,-1.079889
10177.324950,0.059481,0.539257,0.083713,-0.479061,-0.837812,-1.060595,-1.244113,-0.982240
10177.328950,-0.169814,0.134398,-0.204241,-0.648715,-1.117789,-1.193304,-1.164690,-0.766108
10177.332950,-0.079965,-0.158805,-0.690534,-0.867051,-1.248682,-1.324259,-1.023532,-0.845231
10177.336950,0.018712,-0.465811,-1.124863,-1.306871,-1.121579,-1.178146,-1.018787,-0.457531
10177.340950,-0.187314,-0.847648,-1.156248,-1.353862,-1.364275,-0.859274,-0.661436,-0.312164
10177.344950,-0.016402,-1.027906,-1.195734,-1.633125,-1.245452,-0.820848,-0.269023,0.119408
10177.348950,0.055512,-1.256421,-1.508092,-1.278734,-0.852917,-0.275626,0.203819,0.581940
10177.352950,0.045337,-1.479812,-1.446689,-1.028759,-0.572212,-0.069436,0.594078,0.952874
10177.356950,-0.009175,-1.433100,-1.180264,-0.879882,-0.053906,0.406387,0.869477,1.269424
10177.360950,-0.007590,-1.187759,-0.853860,-0.357344,0.419903,0.798016,1.103072,1.539698
10177.364950,0.053315,-0.965626,-0.525781,0.008905,0.687678,0.929423,1.484438,1.614009
10177.368950,-0.133349,-0.765710,-0.255396,0.384907,1.073544,1.281009,1.553992,1.436390
10177.372950,0.022546,-0.344289,0.124282,0.811292,1.290176,1.584993,1.692930,1.283879
10177.376950,-0.040787,0.198299,0.770151,1.115016,1.534736,1.687243,1.583404,1.148065
10177.380950,0.040929,0.565939,1.096319,1.336571,1.619989,1.715142,1.356487,0.754253
10177.384950,-0.024333,0.878056,1.333157,1.765595,1.636058,1.440218,1.179534,0.334328
10177.388950,-0.075345,1.408481,1.754244,1.527353,1.659318,1.023674,0.684931,-0.018852
10177.392950,0.012970,1.512820,1.861627,1.681409,1.200207,0.773620,-0.057840,-0.592677
10177.396950,0.028745,1.804735,1.844275,1.377632,0.849811,0.264040,-0.349391,-1.078529
10177.400950,-0.160694,1.757557,1.575604,1.020264,0.234118,-0.199890,-1.026963,-1.328008
10177.404950,0.230376,1.583369,1.305988,0.705281,-0.176355,-0.959987,-1.438728,-1.720629
10177.408950,0.243864,1.486377,0.788069,0.101074,-0.593043,-1.347643,-1.706853,-1.784486
10177.412950,-0.022643,1.028449,0.489034,-0.432387,-0.953555,-1.635441,-1.731696,-1.825458
10177.416950,0.016372,0.605826,-0.051684,-0.900683,-1.299380,-1.798021,-1.825064,-1.625206
10177.420950,-0.076505,0.162421,-0.693621,-1.416132,-1.684327,-1.674426,-1.855639,-1.365758
10177.424950,0.081891,-0.526697,-1.155034,-1.484258,-1.814740,-1.857996,-1.723575,-1.086060
10177.428950,0.052069,-1.225341,-1.408979,-1.729335,-1.734301,-1.567341,-1.176989,-0.476327
10177.432950,-0.035616,-1.403340,-1.734083,-2.019260,-1.843862,-1.172060,-0.843328,-0.006775
10177.436950,-0.162414,-1.769151,-2.013477,-1.895664,-1.635527,-1.004997,-0.307534,0.482222
10177.440950,-0.167100,-2.056518,-1.862249,-1.742092,-1.152963,-0.443396,0.288528,0.867181
10177.444950,-0.206390,-2.011375,-1.795068,-1.214189,-0.506429,0.088927,0.794479,1.421088
10177.448950,-0.007068,-1.957039,-1.382286,-0.957906,-0.141707,0.623758,1.034007,1.648318
10177.452950,0.032562,-1.536250,-1.097621,-0.335960,0.260604,1.092087,1.523474,2.020478
10177.456950,0.004283,-1.128287,-0.628972,-0.014241,0.925017,1.459049,1.983803,1.911912
10177.460950,0.125056,-0.982376,0.053497,0.544193,1.268059,1.875084,2.206524,1.882736
10177.464950,-0.140382,-0.552444,0.555418,1.333779,1.809127,1.988727,1.867327,1.670893
10177.468950,0.034957,0.429586,1.025844,1.656693,1.911403,1.887046,1.741839,0.998149
10177.573711,-0.002121,0.796417,1.358022,1.883077,2.107280,1.860411,1.404312,0.725812
10177.577711,-0.025931,1.437628,1.666294,1.922224,2.017877,1.490923,1.062009,0.138208
10177.581711,-0.001098,1.712487,1.820993,2.045135,1.789903,1.142440,0.588301,-0.335984
10177.585711,-0.010319,1.945819,2.115786,1.524501,1.138551,0.552658,-0.025317,-0.821456
10177.589711,-0.188373,2.178678,1.945522,1.479114,0.942533,0.112514,-0.517590,-1.166908
10177.593711,0.156737,1.991689,1.652251,1.192868,0.541838,-0.428421,-0.969594,-1.713307
10177.597711,-0.078482,1.790534,1.196370,0.403637,-0.192656,-0.672147,-1.701139,-1.799212
10177.601711,-0.025023,1.361219,0.720610,0.065705,-0.729688,-1.291688,-1.575870,-1.944889
10177.605711,-0.060725,1.042101,0.218231,-0.527245,-1.239764,-1.588232,-1.851764,-1.916905
10177.609711,-0.145893,0.413642,-0.260621,-0.858845,-1.849974,-1.858499,-1.864306,-1.616676
10177.613711,0.071856,0.075834,-0.791605,-1.315809,-1.985772,-1.981335,-1.743130,-1.397230
10177.617711,-0.101239,-0.618374,-1.150625,-1.705599,-1.918093,-1.803651,-1.462972,-0.764020
10177.621711,0.118118,-0.985405,-1.593313,-1.729035,-1.710877,-1.761865,-1.100036,-0.427950
10177.625711,-0.094628,-1.465011,-1.826272,-1.782438,-1.841089,-1.230955,-0.695002,0.237793
10177.629711,0.012108,-1.595551,-1.863300,-1.932939,-1.451910,-0.641763,-0.046803,0.821775
10177.633711,0.155269,-1.891865,-1.945064,-1.408686,-0.890922,-0.315255,0.260956,1.016233
10177.637711,0.017500,-1.752461,-1.717301,-1.056044,-0.444152,0.272269,0.930371,1.212549
10177.641711,0.031738,-1.728446,-1.244847,-0.876639,-0.224432,0.734971,1.181833,1.459997
10177.645711,-0.105729,-1.441234,-0.783481,-0.227189,0.411501,1.072187,1.635314,1.839005
10177.649711,0.071650,-0.882955,-0.426152,0.332023,0.699432,1.445183,1.588209,1.693893
10177.653711,-0.045892,-0.619897,-0.003223,0.682976,1.342612,1.648278,1.745028,1.596872
10177.657711,-0.022929,-0.047326,0.514445,1.339902,1.580091,1.796321,1.614960,1.376274
10177.661711,0.101909,0.345240,0.900173,1.520179,1.863632,1.521933,1.372138,0.947721
10177.665711,-0.036030,0.749615,1.169992,1.684506,1.672970,1.519804,1.063382,0.453617
10177.669711,-0.065935,1.277105,1.396360,1.606108,1.365167,1.259547,0.780260,-0.107973
10177.572125,-0.072336,1.300155,1.562476,1.628538,1.306355,0.845370,0.110583,-0.381962
10177.576125,0.095341,1.539565,1.376103,1.511250,1.116225,0.485399,-0.095852,-0.730143
10177.580125,0.065882,1.499557,1.515676,0.873639,0.575353,0.086578,-0.453839,-1.062676
10177.584125,0.120053,1.460240,1.256977,0.810141,-0.064030,-0.342713,-0.937837,-1.311983
10177.588125,0.089574,1.213704,0.871915,0.346164,-0.204006,-1.002550,-1.145404,-1.381777
10177.592125,-0.130481,0.907180,0.607295,-0.166617,-0.471844,-1.171466,-1.274476,-1.552672
10177.596125,0.082846,0.656884,0.122459,-0.555772,-0.935108,-1.352221,-1.508188,-1.217355
10177.600125,0.286269,0.179053,-0.243139,-0.689011,-1.224941,-1.451998,-1.357562,-1.143240
10177.604125,-0.252515,-0.097335,-0.547767,-0.988793,-1.315769,-1.490478,-1.149789,-0.941584
10177.608125,-0.031681,-0.471203,-0.824561,-1.096316,-1.291914,-1.222260,-0.874915,-0.620668
10177.612125,-0.068500,-0.619486,-0.950713,-1.438628,-1.284725,-0.926785,-0.610882,-0.194540
10177.616125,-0.121192,-1.034597,-1.279343,-1.088318,-1.143363,-0.735302,-0.272957,0.155543
10177.620125,-0.004042,-1.240958,-1.234381,-1.128364,-0.889904,-0.297813,0.214463,0.576860
10177.624125,0.151327,-1.212807,-1.126340,-0.978386,-0.532268,-0.201307,0.230214,0.460345
10177.628125,0.045721,-0.977964,-0.829677,-0.557890,-0.153938,0.167463,0.444644,0.807535
10177.632125,-0.030520,-1.179497,-0.652392,-0.305475,0.120547,0.562718,0.623437,0.934611
10177.636125,-0.115879,-0.822505,-0.514850,-0.271475,0.411508,0.822152,0.854628,0.964153
10177.640125,0.084122,-0.532897,-0.110455,0.116472,0.630091,0.873077,0.926146,0.956286
10177.644125,-0.212676,-0.293218,0.103212,0.409071,0.647398,1.041308,1.060252,0.830482
10177.648125,0.036213,-0.189928,0.223100,0.581590,0.719241,0.997240,0.769314,0.519252
10177.652125,0.200168,0.409131,0.595291,0.545478,0.992450,0.965352,0.499754,0.195384
10177.656125,-0.055330,0.452973,0.791625,0.593981,0.977895,0.522295,0.564434,0.190076
10177.660125,0.125554,0.592897,0.704803,0.827243,0.612144,0.506149,0.131669,0.046945
10177.664125,0.117709,0.679383,0.732363,0.648683,0.783908,0.321933,-0.098320,-0.161779
10177.668125,0.005512,0.860172,0.651793,0.418337,0.540413,0.161040,-0.185903,-0.143107
10177.672125,-0.003116,0.560423,0.646086,0.497514,0.282846,0.086116,-0.470594,-0.386398
10177.676125,0.008137,0.548120,0.367488,0.195790,-0.002973,-0.184443,-0.607226,-0.446079
10177.680125,0.097975,0.467992,0.330249,0.176597,-0.099774,-0.089439,-0.445329,-0.417977
10177.684125,-0.089441,0.277697,0.237103,-0.074438,-0.289102,-0.338505,-0.451567,-0.562224
10177.688125,-0.038323,0.181625,-0.245371,-0.160366,-0.392219,-0.418785,-0.551081,-0.426718
10177.692125,0.179667,-0.060870,-0.171376,-0.271983,-0.541867,-0.547194,-0.305839,-0.352800
10177.696125,0.178638,-0.148858,0.012127,-0.441438,-0.334496,-0.412026,-0.200656,-0.255842
10177.700125,-0.055575,-0.129881,0.049889,-0.122844,-0.323308,-0.346778,-0.274822,-0.204966
10177.704125,0.101330,-0.224660,-0.083203,-0.106859,-0.230904,-0.320045,-0.023579,-0.141779
10177.708125,-0.000411,0.002479,-0.416482,-0.200589,-0.210457,-0.142878,-0.174440,0.244166
10177.712125,0.016256,-0.325329,-0.088295,0.001554,-0.087774,0.125885,-0.197200,0.172468
10177.716125,-0.025565,-0.165342,0.008762,0.022452,0.120999,0.144899,0.034367,-0.109155
10177.720125,-0.182483,-0.197203,-0.063809,0.011690,0.051472,0.063662,-0.067421,0.158595
10177.724125,0.160686,-0.079802,0.004263,0.074255,0.141961,0.047127,-0.080135,-0.127253
10177.728125,-0.108460,0.026014,-0.024303,-0.130213,0.040914,-0.089502,-0.026584,-0.205380
10177.732125,0.100975,0.141790,0.127388,-0.048968,-0.103736,-0.048376,0.004404,-0.122476
10177.736125,-0.156414,-0.008899,0.103367,-0.018418,-0.113870,-0.214453,-0.002098,-0.250787
10177.740125,0.001811,0.033292,-0.056956,-0.248926,-0.130767,-0.165419,-0.183872,-0.105847
10177.744125,-0.053478,0.093404,-0.049120,-0.314272,-0.291052,-0.143875,-0.137082,-0.104151
10177.748125,-0.096933,-0.275381,-0.265206,-0.150553,-0.197145,-0.198773,-0.094507,-0.279451
10177.752125,0.034587,-0.258805,-0.503548,-0.145839,-0.278269,-0.174027,-0.176312,0.071482
10177.756125,0.019118,-0.194512,-0.323844,-0.369059,-0.449375,-0.286486,-0.256363,0.129784
10177.760125,0.055061,-0.458282,-0.387945,-0.155190,-0.324740,-0.150099,0.141796,0.137684
10177.764125,-0.003109,-0.558390,-0.570320,-0.435242,-0.173389,0.013313,0.237996,0.558054
10177.768125,0.107456,-0.476024,-0.317229,-0.297523,0.085845,0.139952,0.479661,0.720003
10177.873400,0.102527,-0.378180,-0.384337,-0.046010,0.223005,0.510296,0.483283,0.611664
10177.877400,0.167744,-0.357401,-0.347955,0.024136,0.310344,0.459136,0.685570,0.774235
10177.881400,0.139894,-0.071218,0.006506,0.310732,0.541709,0.979380,0.758570,0.628753
10177.885400,-0.082129,0.102911,0.149716,0.552085,0.691766,0.733470,0.910519,0.618135
10177.889400,0.110799,0.082828,0.588892,0.836246,0.830464,0.743877,0.573640,0.424526
10177.893400,-0.014100,0.367414,0.725915,0.847053,0.812123,0.708659,0.356189,0.213001
10177.897400,-0.119599,0.605863,0.866094,0.715745,0.800361,0.666476,0.184930,-0.067008
10177.901400,-0.131115,0.915763,0.874834,0.837105,0.819958,0.426848,0.282645,-0.211087
10177.905400,0.046600,1.010915,1.102104,0.523694,0.638759,0.136539,-0.284599,-0.539316
10177.909400,-0.008437,0.852358,0.809412,0.546382,0.258368,-0.004440,-0.481934,-0.736577
10177.913400,-0.079177,1.150291,0.758229,0.561006,0.073600,-0.424856,-0.491942,-0.838766
10177.917400,-0.021394,1.007339,0.601112,0.171135,-0.306299,-0.635786,-0.905306,-1.074507
10177.921400,0.058081,0.731189,0.205918,-0.072340,-0.617096,-1.059894,-1.131044,-1.205608
10177.925400,-0.087980,0.343876,0.046469,-0.506924,-0.927645,-1.061053,-1.221068,-1.082309
10177.929400,-0.020991,0.196399,-0.466573,-0.608896,-1.245987,-1.145069,-1.212585,-0.771328
10177.933400,-0.000220,-0.117063,-0.860978,-0.899879,-1.192668,-1.445129,-1.168676,-0.800748
10177.937400,0.105002,-0.564262,-1.084551,-1.275043,-1.261938,-1.215019,-0.842784,-0.719495
10177.941400,0.178944,-0.870732,-1.167202,-1.262045,-1.166597,-0.926102,-0.710529,-0.293062
10177.945400,0.047500,-1.027923,-1.309620,-1.574217,-0.958499,-0.837276,-0.201199,0.063730
10177.949400,0.138639,-1.250481,-1.463917,-1.146246,-0.917069,-0.369715,0.085891,0.562359
10177.953400,0.180612,-1.409471,-1.511002,-1.063789,-0.551196,0.042158,0.707734,1.043280
10177.957400,-0.073132,-1.474668,-1.082031,-0.857251,-0.222088,0.290883,0.837776,1.244152
10177.961400,0.022747,-1.347775,-1.111049,-0.298042,0.283116,0.759615,1.318409,1.539920
10177.965400,0.079694,-1.071727,-0.524418,-0.107512,0.558870,0.951813,1.318177,1.682164
10177.969400,0.042193,-0.827450,-0.285451,0.290728,0.860089,1.322138,1.292705,1.619343
10177.871784,0.031259,-0.335928,0.316653,0.842088,1.330576,1.568940,1.743379,1.288988
10177.875784,0.082945,-0.040745,0.575188,1.063487,1.353061,1.670841,1.391271,1.148416
10177.879784,0.163324,0.476521,1.128332,1.597928,1.699166,1.603853,1.101997,0.767742
10177.883784,0.061076,1.133276,1.382968,1.793074,1.605649,1.503965,0.855657,0.336664
10177.887784,-0.065394,1.321673,1.647094,1.730899,1.455124,1.109118,0.557885,-0.179086
10177.891784,-0.086917,1.522340,1.850819,1.640275,1.417259,0.696968,0.040113,-0.565857
10177.895784,0.055339,1.890682,1.506873,1.474685,0.807268,0.248878,-0.542100,-1.036301
10177.899784,-0.106866,1.593553,1.443677,1.211735,0.535794,-0.104562,-1.092526,-1.247176
10177.903784,0.238009,1.567861,1.308008,0.612464,0.054553,-0.553189,-1.401486,-1.822028
10177.907784,-0.026204,1.792587,0.960530,0.240425,-0.421849,-1.043041,-1.584865,-1.835869
10177.911784,-0.057830,1.091161,0.520078,-0.211284,-1.051392,-1.532804,-1.934403,-1.724365
10177.915784,0.051854,0.591869,-0.148240,-0.912329,-1.392244,-1.622788,-1.952737,-1.828755
10177.919784,0.011911,0.231308,-0.523190,-1.135443,-1.755258,-1.802062,-1.752851,-1.443174
10177.923784,0.002914,-0.328710,-1.035963,-1.554257,-1.813033,-1.905575,-1.698376,-1.097463
10177.927784,0.088334,-1.053446,-1.489151,-1.827518,-1.841724,-1.822135,-1.442349,-0.611215
10177.931784,0.056113,-1.209128,-1.844732,-2.020833,-1.776580,-1.182564,-0.723102,0.023183
10177.935784,0.195832,-1.593616,-1.915399,-1.995313,-1.540241,-0.903998,-0.360567,0.595897
10177.939784,-0.011148,-1.920810,-2.032373,-1.648533,-1.103422,-0.588460,0.333865,1.092439
10177.943784,0.084147,-1.945361,-1.829447,-1.378806,-0.841149,-0.007240,0.775437,1.350353
10177.947784,0.014633,-1.737037,-1.348557,-0.972752,0.002358,0.706377,1.200241,1.803006
10177.951784,-0.002255,-1.864549,-1.243207,-0.331534,0.216407,1.269617,1.741199,2.011249
10177.955784,-0.155905,-1.197244,-0.530743,0.233667,0.986259,1.679442,1.815783,1.964956
10177.959784,-0.088234,-0.765371,-0.111822,0.547792,1.354352,1.606496,1.999615,1.886384
10177.963784,-0.044565,-0.218201,0.279075,1.178422,1.719437,1.967423,2.066747,1.555221
10177.967784,-0.009544,0.242583,0.934904,1.411091,2.074895,1.907446,1.669448,1.015862
10177.971784,0.005682,0.782741,1.539632,1.810224,2.025364,1.947867,1.552409,0.802724
10177.975784,-0.035062,1.360635,1.868909,1.812647,1.958439,1.666049,1.046416,0.204892
10177.979784,-0.047897,1.757482,1.968307,1.953611,1.685804,1.168939,0.445191,-0.203414
10177.983784,0.043828,1.911356,1.972436,1.865068,1.256644,0.699292,-0.250132,-0.868237
10177.987784,-0.052002,1.981856,1.847115,1.556716,0.824077,0.230576,-0.471268,-1.410027
10177.991784,0.061935,1.916133,1.734454,0.980905,0.492452,-0.439787,-1.137427,-1.680391
10177.995784,-0.111812,1.832046,1.210227,0.642897,-0.199575,-0.935348,-1.415298,-2.036327
10177.999784,-0.229450,1.360751,0.794730,0.030991,-0.777821,-1.185129,-1.671746,-2.234866
10178.003784,-0.067308,1.041438,0.314763,-0.562304,-1.039226,-1.775046,-1.942092,-1.907365
10178.007784,0.024287,0.444922,-0.207935,-1.060006,-1.514205,-1.940632,-1.792831,-1.711587
10178.011784,0.017263,0.078207,-0.748208,-1.310813,-1.921647,-1.881686,-1.797861,-1.262419
10178.015784,0.048280,-0.501746,-1.146856,-1.591922,-2.120599,-1.920140,-1.491963,-1.028461
10178.019784,-0.023866,-1.008498,-1.407704,-1.792575,-1.807993,-1.603792,-1.265829,-0.482989
10178.023784,-0.162974,-1.360535,-1.779973,-1.869668,-1.653282,-1.303631,-0.749345,0.069598
10178.027784,0.045707,-1.862224,-1.854462,-1.892559,-1.341327,-0.942953,-0.027617,0.479598
10178.031784,-0.094891,-1.764133,-1.832330,-1.718057,-0.925698,-0.531407,0.387870,1.276658
10178.035784,0.008145,-1.865427,-1.625565,-1.268957,-0.507311,0.407334,0.833966,1.347977
10178.039784,0.047407,-1.615816,-1.292774,-0.748554,0.032633,0.528741,1.221960,1.441605
10178.043784,-0.010753,-1.446148,-0.791041,-0.316449,0.573053,1.077075,1.623643,1.861083
10178.047784,0.004789,-1.030109,-0.488481,0.381192,1.183233,1.281318,1.730033,1.728077
10178.051784,0.044655,-0.780708,-0.050465,0.893829,1.424045,1.479324,1.948877,1.522993
10178.055784,0.083716,-0.157258,0.549836,1.129636,1.631414,1.672658,1.835705,1.434511
10178.059784,-0.032688,0.331847,0.954720,1.373743,1.637766,1.754860,1.482413,0.902119
10178.063784,0.010508,0.658493,1.443930,1.670738,1.664081,1.514517,1.175116,0.470883
10178.067784,0.000488,1.187670,1.375282,1.701686,1.796671,1.046909,0.783668,-0.054698
10178.073173,-0.137733,1.340560,1.651363,1.630261,1.297445,0.738619,0.238976,-0.559027
10178.077173,0.084287,1.489928,1.687401,1.287046,1.034959,0.251713,-0.054222,-0.734027
10178.081173,-0.036218,1.513281,1.405059,1.097266,0.431917,-0.037963,-0.631356,-1.002582
10178.085173,-0.052086,1.362622,1.186217,0.797270,0.181522,-0.414983,-0.945043,-1.349930
10178.089173,-0.055994,1.188558,0.872052,0.371634,-0.236065,-0.967310,-1.119527,-1.590219
10178.093173,-0.132061,0.876531,0.450975,-0.079948,-0.523019,-0.979077,-1.545529,-1.635801
10178.097173,0.107181,0.616373,-0.004575,-0.394222,-0.821851,-1.232377,-1.497011,-1.564872
10178.101173,0.051928,0.243140,-0.369538,-0.940066,-1.139616,-1.418673,-1.341083,-1.053895
10178.105173,-0.068089,0.088982,-0.639395,-0.962649,-1.342564,-1.286713,-1.285882,-0.798658
10178.109173,0.249012,-0.580651,-1.137606,-1.261244,-1.283056,-1.216470,-0.993795,-0.425423
10178.113173,-0.045289,-0.677403,-1.135085,-1.351822,-1.222960,-1.002466,-0.462451,-0.136789
10178.117173,0.027843,-0.971954,-1.251218,-1.248863,-1.120011,-0.734872,-0.468437,-0.006785
10178.121173,-0.075461,-1.199945,-1.166580,-1.153452,-0.777004,-0.501375,0.241594,0.450939
10178.125173,0.038587,-1.214919,-1.148755,-0.850960,-0.544179,-0.039844,0.437572,0.939263
10178.129173,0.071655,-1.092366,-0.977744,-0.704979,-0.277441,0.219869,0.719240,0.951893
10178.133173,-0.028636,-1.082409,-0.787367,-0.325648,0.123028,0.565884,0.898177,0.912768
10178.137173,-0.069613,-0.680111,-0.339910,-0.055946,0.502417,0.802222,0.995655,1.062036
10178.141173,-0.170617,-0.618743,-0.175790,0.379540,0.701732,0.763351,1.068529,0.871754
10178.145173,-0.261900,-0.072581,-0.122482,0.166284,0.757439,0.871409,0.970927,1.011905
10178.149173,0.096922,0.046717,0.247950,0.577982,0.883112,0.853432,0.911725,0.662378
10178.153173,-0.019677,0.336930,0.497535,0.602963,0.968966,0.822059,0.650384,0.409458
10178.157173,-0.057066,0.678355,0.519219,0.818372,0.817313,0.770086,0.442175,0.316985
10178.161173,-0.033321,0.506029,0.719889,0.793934,0.800725,0.388806,0.358339,0.072472
10178.165173,0.073517,0.627790,0.661985,0.728631,0.566945,0.177598,0.149462,-0.285628
10178.169173,-0.063990,0.760083,0.670446,0.538274,0.334255,0.107403,-0.131247,-0.203616
10178.173173,-0.192382,0.867953,0.785221,0.365448,0.209980,-0.029740,-0.173429,-0.455846
10178.177173,0.038635,0.653150,0.224658,0.222471,0.044918,-0.230163,-0.557245,-0.513332
10178.181173,-0.054144,0.378683,0.270632,-0.088637,-0.151960,-0.375592,-0.573678,-0.464921
10178.185173,-0.127997,0.346387,0.214508,-0.068679,-0.123168,-0.140751,-0.398316,-0.499868
10178.189173,0.118417,-0.033799,0.231741,-0.154551,-0.273134,-0.548706,-0.332391,-0.378307
10178.193173,-0.013284,-0.021057,-0.193041,-0.307975,-0.490693,-0.352216,-0.201207,-0.252921
10178.197173,-0.082012,-0.021146,-0.437823,-0.094449,-0.372939,-0.269437,-0.281339,-0.130574
10178.201173,0.233084,-0.332049,-0.178570,-0.231042,-0.313053,-0.323110,-0.089284,-0.096046
10178.205173,-0.000048,-0.178858,-0.218277,-0.164165,-0.156937,-0.247476,-0.130247,0.086963
10178.209173,0.168221,0.020873,-0.012226,-0.151943,-0.041175,-0.058856,-0.105686,0.024473
10178.213173,-0.020548,-0.027488,-0.045419,-0.121282,-0.102720,-0.105043,-0.020969,0.048193
10178.217173,0.032881,-0.064026,-0.150638,-0.103103,-0.041275,0.049019,-0.022430,-0.094355
10178.221173,-0.111372,0.007617,0.026404,-0.071410,-0.102467,-0.134096,-0.120448,-0.016959
10178.225173,-0.157272,0.037824,0.066335,-0.130113,-0.106923,-0.022019,-0.101135,-0.005208
10178.229173,0.098379,0.031578,-0.143003,0.015074,-0.064326,-0.001292,0.162225,-0.171289
10178.233173,-0.073279,0.087460,0.098285,0.167066,-0.122219,-0.198078,-0.204320,-0.163875
10178.237173,-0.024736,0.053674,-0.028710,-0.223426,-0.297883,-0.182666,-0.249062,-0.207039
10178.241173,0.088077,0.050731,-0.136478,-0.068110,-0.105400,-0.088527,-0.046631,-0.169257
10178.245173,0.110908,-0.123094,-0.063451,-0.272684,-0.273344,-0.359917,-0.305748,-0.077384
10178.249173,0.096954,-0.292158,-0.143155,-0.199426,-0.277222,-0.169960,-0.225117,-0.195853
10178.253173,-0.052294,-0.173560,-0.233555,-0.490810,-0.448213,-0.323419,-0.298380,-0.019934
10178.257173,0.048169,-0.691257,-0.431584,-0.251073,-0.210581,-0.124944,0.008142,0.273145
10178.261173,0.050433,-0.496856,-0.362270,-0.509269,-0.153728,-0.003013,0.146283,0.300466
10178.265173,0.168233,-0.407210,-0.308395,-0.259182,-0.008516,0.124963,0.256919,0.500050
10178.269173,-0.026455,-0.400039,-0.508478,-0.222695,-0.046140,0.471859,0.353206,0.529437
